<?xml version="1.0" encoding="UTF-8"?>
<!DOCTYPE X3D PUBLIC "ISO//Web3D//DTD X3D 3.1//EN" "http://www.web3d.org/specifications/x3d-3.1.dtd">
<X3D xsd:noNamespaceSchemaLocation="http://www.web3d.org/specifications/x3d-3.1.xsd" version="3.1" xmlns:xsd="http://www.w3.org/2001/XMLSchema-instance" profile="Immersive">
 <head>
  <meta content="columna_entrada_academia.x3d" name="title"/>
  <meta content="Generated from Meshlab X3D Exported" name="description"/>
  <meta content="13 enero 2025" name="created"/>
  <meta content="Meshlab X3D Exported, http://www.meshlab.net" name="generator"/>
 </head>
 <Scene>
  <Shape>
   <Appearance>
    <ImageTexture url="&quot;akadimia-athinon-national-arch-museum-athens_tex.png&quot;"/>
   </Appearance>
   <IndexedFaceSet solid="false" texCoordIndex="0 1 2 -1 3 1 0 -1 1 4 5 -1 5 2 1 -1 6 7 8 -1 8 7 4 -1 4 7 5 -1 8 9 6 -1 10 11 9 -1 9 11 6 -1 12 10 13 -1 13 10 9 -1 13 14 12 -1 15 14 16 -1 16 14 13 -1 17 18 16 -1 19 20 21 -1 19 3 0 -1 21 3 19 -1 11 10 22 -1 22 10 12 -1 18 15 16 -1 23 5 7 -1 7 6 24 -1 24 25 7 -1 24 11 26 -1 6 11 24 -1 11 22 26 -1 27 22 12 -1 14 27 12 -1 14 15 27 -1 18 28 15 -1 18 29 28 -1 23 7 25 -1 30 2 31 -1 0 2 30 -1 5 23 2 -1 2 23 31 -1 31 23 32 -1 32 23 25 -1 19 0 30 -1 33 34 35 -1 36 34 33 -1 35 37 38 -1 34 37 35 -1 39 36 33 -1 38 40 41 -1 37 40 38 -1 21 20 40 -1 40 20 41 -1 27 15 42 -1 15 28 42 -1 27 26 22 -1 31 32 43 -1 26 27 44 -1 27 42 44 -1 44 42 45 -1 46 42 47 -1 42 28 47 -1 48 47 28 -1 24 26 49 -1 43 32 50 -1 32 25 49 -1 49 25 24 -1 41 20 51 -1 51 52 41 -1 20 19 53 -1 53 51 20 -1 53 30 54 -1 19 30 53 -1 30 43 54 -1 31 43 30 -1 44 55 26 -1 45 42 46 -1 45 46 56 -1 46 47 56 -1 26 55 49 -1 57 50 32 -1 32 49 57 -1 58 59 45 -1 44 59 55 -1 59 44 45 -1 60 58 45 -1 60 45 61 -1 60 61 62 -1 56 61 45 -1 56 47 63 -1 61 64 62 -1 47 48 63 -1 58 60 65 -1 62 65 60 -1 61 56 63 -1 61 63 64 -1 62 64 66 -1 67 55 59 -1 49 55 67 -1 51 53 68 -1 68 69 51 -1 68 54 70 -1 53 54 68 -1 54 43 71 -1 70 54 71 -1 43 50 71 -1 52 51 69 -1 72 73 35 -1 35 73 33 -1 33 73 74 -1 74 73 75 -1 75 73 72 -1 76 77 78 -1 78 77 38 -1 38 77 35 -1 35 77 72 -1 72 77 76 -1 79 80 74 -1 74 80 33 -1 69 81 52 -1 52 81 41 -1 41 81 38 -1 38 81 78 -1 78 81 82 -1 82 81 69 -1 83 65 62 -1 83 66 84 -1 66 83 62 -1 85 59 65 -1 59 58 65 -1 65 83 86 -1 85 67 59 -1 71 50 87 -1 57 87 50 -1 88 57 49 -1 49 67 88 -1 86 83 89 -1 83 84 89 -1 88 67 85 -1 85 65 90 -1 91 65 86 -1 91 86 92 -1 71 87 93 -1 57 94 87 -1 57 88 95 -1 94 57 95 -1 96 78 97 -1 76 78 96 -1 78 82 97 -1 82 69 98 -1 97 82 98 -1 99 74 100 -1 79 74 99 -1 98 69 101 -1 101 68 102 -1 69 68 101 -1 68 70 102 -1 103 102 70 -1 93 104 71 -1 71 104 70 -1 70 104 103 -1 103 104 93 -1 74 75 105 -1 72 105 75 -1 105 100 74 -1 105 72 106 -1 106 76 96 -1 72 76 106 -1 90 65 91 -1 86 89 92 -1 85 90 107 -1 85 107 88 -1 88 107 95 -1 107 108 95 -1 90 109 107 -1 92 110 91 -1 111 90 91 -1 91 110 111 -1 108 112 95 -1 109 108 107 -1 93 87 113 -1 113 114 93 -1 94 112 113 -1 87 94 113 -1 95 112 94 -1 115 116 96 -1 96 97 115 -1 117 100 118 -1 99 100 117 -1 119 116 120 -1 116 115 121 -1 121 120 116 -1 115 97 122 -1 122 121 115 -1 98 101 123 -1 122 98 123 -1 97 98 122 -1 123 102 124 -1 101 102 123 -1 102 103 124 -1 103 125 124 -1 114 126 93 -1 93 126 103 -1 103 126 125 -1 125 126 114 -1 105 118 100 -1 106 116 119 -1 96 116 106 -1 109 90 111 -1 108 109 127 -1 128 108 127 -1 127 109 111 -1 129 127 111 -1 129 110 130 -1 111 110 129 -1 131 112 108 -1 124 125 132 -1 133 124 132 -1 125 114 132 -1 114 113 134 -1 113 112 131 -1 131 134 113 -1 128 131 108 -1 135 136 137 -1 138 132 139 -1 133 132 138 -1 114 139 132 -1 139 114 140 -1 140 134 141 -1 114 134 140 -1 134 131 141 -1 118 119 142 -1 142 143 118 -1 142 120 144 -1 119 120 142 -1 120 121 144 -1 122 136 135 -1 121 122 135 -1 144 121 135 -1 138 136 123 -1 123 136 122 -1 123 133 138 -1 124 133 123 -1 117 118 143 -1 119 118 105 -1 105 106 119 -1 130 145 129 -1 146 128 127 -1 127 129 146 -1 147 131 148 -1 131 128 148 -1 149 143 142 -1 142 144 150 -1 150 149 142 -1 144 135 150 -1 135 137 150 -1 138 137 136 -1 151 137 138 -1 138 139 151 -1 151 139 152 -1 139 140 152 -1 152 140 153 -1 140 141 153 -1 153 141 147 -1 131 147 141 -1 146 148 128 -1 129 145 154 -1 155 143 149 -1 155 149 156 -1 157 156 149 -1 149 150 157 -1 158 157 150 -1 137 158 150 -1 159 158 137 -1 151 159 137 -1 151 152 160 -1 160 159 151 -1 160 153 161 -1 152 153 160 -1 147 161 153 -1 129 154 146 -1 162 146 154 -1 160 161 163 -1 161 147 163 -1 147 148 163 -1 154 164 162 -1 146 163 148 -1 162 163 146 -1 165 162 164 -1 166 165 164 -1 164 167 166 -1 168 166 169 -1 167 169 166 -1 170 171 172 -1 173 172 171 -1 174 170 175 -1 175 176 174 -1 176 177 178 -1 174 176 178 -1 178 177 165 -1 178 165 168 -1 179 173 171 -1 180 179 171 -1 181 171 170 -1 170 174 181 -1 171 181 180 -1 181 174 178 -1 178 182 181 -1 168 182 178 -1 177 163 165 -1 163 162 165 -1 168 165 166 -1 172 156 170 -1 157 170 156 -1 175 170 157 -1 157 158 175 -1 158 176 175 -1 159 176 158 -1 176 159 177 -1 160 177 159 -1 160 163 177 -1 180 183 184 -1 181 183 180 -1 182 168 169 -1 17 185 18 -1 17 186 185 -1 187 186 17 -1 187 188 186 -1 188 187 189 -1 190 189 191 -1 188 189 190 -1 192 193 191 -1 191 193 190 -1 194 193 192 -1 192 195 194 -1 196 197 198 -1 198 197 195 -1 195 197 194 -1 199 200 201 -1 201 200 198 -1 198 200 196 -1 202 199 203 -1 203 199 201 -1 204 205 203 -1 203 205 202 -1 206 185 186 -1 186 188 206 -1 193 194 207 -1 207 197 208 -1 194 197 207 -1 208 196 209 -1 197 196 208 -1 209 200 210 -1 196 200 209 -1 200 199 211 -1 211 210 200 -1 199 202 211 -1 202 205 212 -1 185 29 18 -1 206 29 185 -1 206 213 214 -1 213 206 188 -1 190 213 188 -1 215 213 190 -1 216 190 193 -1 193 207 216 -1 217 218 209 -1 209 218 208 -1 209 210 217 -1 211 219 210 -1 220 211 202 -1 202 212 220 -1 210 219 221 -1 219 211 220 -1 28 29 222 -1 207 208 223 -1 218 217 224 -1 28 222 48 -1 222 29 225 -1 29 206 225 -1 190 216 215 -1 223 216 207 -1 226 223 208 -1 218 226 208 -1 226 218 227 -1 206 214 225 -1 214 213 228 -1 213 215 228 -1 227 218 224 -1 229 224 217 -1 217 210 229 -1 221 229 210 -1 230 219 220 -1 216 223 215 -1 229 231 224 -1 232 221 219 -1 219 230 232 -1 214 228 233 -1 48 222 234 -1 222 225 235 -1 214 236 225 -1 233 228 237 -1 228 215 237 -1 226 227 238 -1 233 239 214 -1 223 240 215 -1 227 224 241 -1 241 224 231 -1 238 227 241 -1 232 229 221 -1 242 235 225 -1 236 242 225 -1 240 223 226 -1 234 222 235 -1 214 239 236 -1 237 215 243 -1 215 240 243 -1 244 240 226 -1 48 234 63 -1 234 235 242 -1 245 239 233 -1 244 226 238 -1 64 63 234 -1 64 234 246 -1 246 234 242 -1 242 247 246 -1 247 242 236 -1 248 249 245 -1 245 233 250 -1 237 250 233 -1 229 232 231 -1 236 251 247 -1 252 247 251 -1 236 239 251 -1 239 249 251 -1 249 239 245 -1 248 245 250 -1 250 253 248 -1 253 250 254 -1 253 254 255 -1 237 243 250 -1 254 250 243 -1 256 254 243 -1 254 256 255 -1 257 256 244 -1 256 257 258 -1 64 246 259 -1 247 259 246 -1 252 251 249 -1 260 249 261 -1 256 240 244 -1 240 256 243 -1 256 258 255 -1 257 244 238 -1 262 257 238 -1 241 262 238 -1 241 231 263 -1 262 241 263 -1 64 259 66 -1 259 247 264 -1 252 264 247 -1 260 252 249 -1 248 261 249 -1 248 253 261 -1 261 253 255 -1 255 258 265 -1 262 266 257 -1 261 255 267 -1 258 257 265 -1 259 84 66 -1 84 259 264 -1 252 268 264 -1 255 265 267 -1 269 268 252 -1 266 265 257 -1 269 252 260 -1 270 269 260 -1 260 261 271 -1 272 261 267 -1 266 273 265 -1 84 274 89 -1 275 274 84 -1 84 264 275 -1 264 268 275 -1 272 271 261 -1 267 265 273 -1 270 260 271 -1 272 267 276 -1 267 273 276 -1 273 266 277 -1 269 278 268 -1 275 268 278 -1 271 272 279 -1 280 92 89 -1 274 280 89 -1 269 270 281 -1 278 269 281 -1 273 282 276 -1 277 282 273 -1 280 274 283 -1 274 275 283 -1 284 281 270 -1 270 271 284 -1 285 272 286 -1 272 276 286 -1 282 277 287 -1 283 275 278 -1 279 284 271 -1 285 279 272 -1 282 286 276 -1 281 288 278 -1 288 289 278 -1 290 284 279 -1 279 285 290 -1 286 291 285 -1 286 282 292 -1 282 287 292 -1 280 110 92 -1 280 293 110 -1 294 280 283 -1 278 294 283 -1 291 286 292 -1 295 292 287 -1 280 294 293 -1 288 281 296 -1 281 284 296 -1 290 285 297 -1 291 297 285 -1 130 110 293 -1 289 294 278 -1 298 297 291 -1 291 292 298 -1 295 298 292 -1 296 284 290 -1 289 288 299 -1 299 288 296 -1 296 290 297 -1 298 295 300 -1 293 301 130 -1 301 293 294 -1 299 296 302 -1 296 297 302 -1 289 299 303 -1 297 298 304 -1 294 289 305 -1 298 300 304 -1 301 294 305 -1 305 289 303 -1 303 299 302 -1 306 307 302 -1 297 306 302 -1 306 297 304 -1 304 300 308 -1 130 301 145 -1 303 302 309 -1 307 309 302 -1 308 306 304 -1 145 301 310 -1 310 301 305 -1 306 308 307 -1 303 311 305 -1 303 309 311 -1 310 154 145 -1 312 313 308 -1 311 310 305 -1 313 309 307 -1 307 308 313 -1 314 311 309 -1 154 310 164 -1 310 315 164 -1 310 311 316 -1 311 314 316 -1 312 317 313 -1 315 310 316 -1 183 318 319 -1 184 183 320 -1 183 319 320 -1 318 321 319 -1 318 169 321 -1 319 321 322 -1 322 321 323 -1 320 319 322 -1 324 322 325 -1 323 325 322 -1 326 324 325 -1 169 167 321 -1 315 321 167 -1 316 321 315 -1 321 316 323 -1 323 316 314 -1 323 314 325 -1 327 326 325 -1 325 314 327 -1 314 309 327 -1 309 328 327 -1 313 328 309 -1 317 328 313 -1 318 183 181 -1 181 182 318 -1 318 182 169 -1 315 167 164 -1 329 330 324 -1 329 324 326 -1 329 326 331 -1 331 332 329 -1 331 326 333 -1 326 327 333 -1 333 332 331 -1 333 327 328 -1 328 334 333 -1 334 328 317 -1 335 336 337 -1 332 330 329 -1 330 332 336 -1 333 334 332 -1 336 332 337 -1 338 339 340 -1 341 339 338 -1 339 342 343 -1 343 340 339 -1 344 345 346 -1 346 345 347 -1 347 345 348 -1 348 345 349 -1 349 345 344 -1 349 350 348 -1 348 350 351 -1 351 350 352 -1 352 350 353 -1 353 354 352 -1 352 354 355 -1 354 356 355 -1 355 356 357 -1 358 341 338 -1 338 359 358 -1 359 360 358 -1 358 360 347 -1 347 360 346 -1 356 361 357 -1 357 361 362 -1 363 362 361 -1 364 346 360 -1 344 346 364 -1 349 365 350 -1 353 350 365 -1 354 353 366 -1 366 367 354 -1 356 354 368 -1 354 367 368 -1 369 356 368 -1 361 356 369 -1 364 360 370 -1 344 371 349 -1 371 372 349 -1 349 372 365 -1 372 366 353 -1 353 365 372 -1 360 359 373 -1 373 370 360 -1 374 340 375 -1 338 340 374 -1 340 343 376 -1 376 375 340 -1 359 338 374 -1 374 373 359 -1 377 378 379 -1 379 378 342 -1 342 378 343 -1 343 378 376 -1 376 378 377 -1 380 377 379 -1 368 367 381 -1 372 371 382 -1 366 372 383 -1 383 384 366 -1 367 366 384 -1 384 381 367 -1 381 384 385 -1 386 368 381 -1 368 386 369 -1 387 386 388 -1 385 389 388 -1 381 385 388 -1 381 388 386 -1 372 382 383 -1 383 390 384 -1 387 388 391 -1 370 392 364 -1 392 344 364 -1 371 344 392 -1 370 373 393 -1 393 394 370 -1 374 375 395 -1 375 376 396 -1 396 395 375 -1 373 374 397 -1 397 393 373 -1 397 374 395 -1 398 390 383 -1 390 385 384 -1 399 388 389 -1 383 382 400 -1 400 398 383 -1 391 388 399 -1 401 385 390 -1 389 385 401 -1 382 371 402 -1 389 401 403 -1 399 389 403 -1 399 404 391 -1 405 391 404 -1 392 370 394 -1 394 406 392 -1 392 402 371 -1 402 392 406 -1 394 393 407 -1 401 408 403 -1 399 403 404 -1 408 401 409 -1 400 382 402 -1 398 400 410 -1 408 411 403 -1 404 403 411 -1 409 401 412 -1 412 390 398 -1 412 401 390 -1 413 402 406 -1 394 407 414 -1 414 406 394 -1 395 396 415 -1 416 395 415 -1 393 397 417 -1 407 393 417 -1 395 416 417 -1 397 395 417 -1 418 419 377 -1 377 419 376 -1 376 419 396 -1 396 419 415 -1 415 419 420 -1 420 419 418 -1 380 421 377 -1 377 421 418 -1 418 421 422 -1 398 410 423 -1 409 411 408 -1 412 398 423 -1 400 424 410 -1 424 425 410 -1 400 402 424 -1 426 427 412 -1 409 412 427 -1 424 402 413 -1 406 414 413 -1 423 426 412 -1 428 410 425 -1 410 428 423 -1 429 425 424 -1 428 426 423 -1 427 430 409 -1 430 431 409 -1 429 424 413 -1 414 407 432 -1 407 433 432 -1 415 434 416 -1 415 420 435 -1 434 415 435 -1 420 418 436 -1 436 435 420 -1 418 422 437 -1 437 436 418 -1 417 433 407 -1 417 416 438 -1 438 433 417 -1 416 434 438 -1 428 439 426 -1 426 439 440 -1 440 441 427 -1 441 430 427 -1 426 440 427 -1 413 414 442 -1 442 432 443 -1 414 432 442 -1 429 413 442 -1 444 429 442 -1 445 430 441 -1 446 445 441 -1 429 444 447 -1 447 425 429 -1 439 428 425 -1 440 439 446 -1 441 440 446 -1 448 442 443 -1 432 449 443 -1 442 448 444 -1 435 450 434 -1 436 450 435 -1 451 450 436 -1 437 451 436 -1 452 451 437 -1 449 432 433 -1 453 438 454 -1 449 438 453 -1 433 438 449 -1 438 434 455 -1 455 454 438 -1 455 450 456 -1 434 450 455 -1 450 451 456 -1 445 446 457 -1 445 457 458 -1 447 444 459 -1 459 460 447 -1 461 447 460 -1 425 447 461 -1 425 461 439 -1 439 461 457 -1 439 457 446 -1 449 453 462 -1 462 454 463 -1 453 454 462 -1 448 459 444 -1 461 464 457 -1 458 457 464 -1 459 465 460 -1 443 466 448 -1 443 449 467 -1 466 443 467 -1 462 467 449 -1 467 462 463 -1 459 448 468 -1 468 465 459 -1 448 466 468 -1 469 470 471 -1 470 463 455 -1 455 463 454 -1 456 470 455 -1 456 451 471 -1 470 456 471 -1 451 452 472 -1 472 471 451 -1 472 452 473 -1 461 460 474 -1 464 461 474 -1 475 465 476 -1 460 465 475 -1 475 474 460 -1 467 477 466 -1 478 477 467 -1 467 463 478 -1 478 463 470 -1 465 468 476 -1 468 466 477 -1 477 476 468 -1 469 478 470 -1 469 471 479 -1 479 472 480 -1 471 472 479 -1 472 473 480 -1 458 464 481 -1 482 464 474 -1 482 483 464 -1 481 464 483 -1 469 484 478 -1 477 485 476 -1 477 478 486 -1 485 477 486 -1 486 478 484 -1 484 469 487 -1 479 487 469 -1 487 479 488 -1 479 480 488 -1 488 480 489 -1 475 482 474 -1 482 475 490 -1 475 491 490 -1 485 491 476 -1 476 491 475 -1 486 491 485 -1 486 484 492 -1 493 494 487 -1 491 486 490 -1 486 492 490 -1 494 492 484 -1 495 483 482 -1 490 492 496 -1 492 494 497 -1 493 498 494 -1 499 500 501 -1 502 501 500 -1 490 503 482 -1 490 496 503 -1 482 503 495 -1 496 492 497 -1 498 497 494 -1 496 497 503 -1 497 504 503 -1 503 504 495 -1 497 498 504 -1 505 504 498 -1 493 501 498 -1 493 499 501 -1 498 501 506 -1 501 502 507 -1 501 507 506 -1 508 509 507 -1 507 510 508 -1 505 498 506 -1 511 505 506 -1 507 509 506 -1 511 512 505 -1 506 509 511 -1 489 500 499 -1 494 484 487 -1 499 493 487 -1 488 499 487 -1 489 499 488 -1 504 505 513 -1 514 508 510 -1 512 513 505 -1 511 509 515 -1 509 508 515 -1 512 511 515 -1 363 516 362 -1 362 516 517 -1 517 516 518 -1 518 516 519 -1 519 520 518 -1 521 520 519 -1 522 520 521 -1 523 520 522 -1 524 525 526 -1 527 523 528 -1 529 530 528 -1 528 530 527 -1 522 528 523 -1 530 524 526 -1 529 524 530 -1 361 531 363 -1 516 363 532 -1 532 533 516 -1 519 516 533 -1 521 519 533 -1 522 521 534 -1 529 528 535 -1 536 529 535 -1 537 522 534 -1 528 522 537 -1 535 528 537 -1 524 529 536 -1 538 524 536 -1 361 369 531 -1 531 539 540 -1 532 363 531 -1 531 540 532 -1 533 532 541 -1 521 533 542 -1 542 534 521 -1 535 543 536 -1 544 537 534 -1 535 537 545 -1 546 536 543 -1 538 536 546 -1 531 369 386 -1 386 387 531 -1 542 533 541 -1 544 534 542 -1 544 545 537 -1 547 546 543 -1 548 531 387 -1 539 531 548 -1 540 549 532 -1 550 532 549 -1 550 541 532 -1 551 542 541 -1 544 542 551 -1 552 553 544 -1 545 544 553 -1 543 554 547 -1 539 555 540 -1 540 555 549 -1 550 556 541 -1 544 551 557 -1 557 552 544 -1 553 552 558 -1 545 553 559 -1 545 560 535 -1 535 560 543 -1 545 559 560 -1 547 561 546 -1 554 543 560 -1 547 554 562 -1 562 554 563 -1 564 541 565 -1 551 541 566 -1 551 566 557 -1 561 547 562 -1 560 563 554 -1 548 387 567 -1 555 539 568 -1 541 556 565 -1 564 565 569 -1 541 564 566 -1 570 566 564 -1 557 566 570 -1 571 555 568 -1 558 552 572 -1 563 560 573 -1 559 574 560 -1 562 563 575 -1 553 558 559 -1 548 568 539 -1 576 555 571 -1 549 555 576 -1 569 556 577 -1 565 556 569 -1 557 570 552 -1 578 570 564 -1 563 573 579 -1 579 575 563 -1 558 580 559 -1 559 580 574 -1 387 391 567 -1 581 550 549 -1 556 550 581 -1 552 582 572 -1 574 579 560 -1 558 572 583 -1 564 569 578 -1 582 552 584 -1 585 576 571 -1 571 586 585 -1 552 570 584 -1 573 560 579 -1 587 580 588 -1 574 580 587 -1 391 589 567 -1 589 548 567 -1 581 549 576 -1 556 581 590 -1 590 577 556 -1 405 589 391 -1 571 568 591 -1 586 571 591 -1 581 592 590 -1 590 593 594 -1 577 590 569 -1 590 578 569 -1 590 594 578 -1 578 594 595 -1 558 583 580 -1 579 574 596 -1 588 580 583 -1 596 574 587 -1 548 589 568 -1 589 405 597 -1 568 589 591 -1 598 585 586 -1 592 576 585 -1 592 585 598 -1 576 592 581 -1 598 599 593 -1 598 593 592 -1 593 590 592 -1 599 600 593 -1 601 600 599 -1 600 594 593 -1 578 595 602 -1 603 570 578 -1 582 584 572 -1 604 575 579 -1 405 605 597 -1 606 598 586 -1 584 570 603 -1 607 572 584 -1 583 572 607 -1 404 605 405 -1 597 605 608 -1 591 589 597 -1 606 591 597 -1 606 586 591 -1 609 598 606 -1 598 609 599 -1 601 599 609 -1 610 583 607 -1 611 579 596 -1 583 610 588 -1 605 404 612 -1 608 605 612 -1 606 597 613 -1 603 578 602 -1 584 603 614 -1 607 584 614 -1 604 579 611 -1 404 411 612 -1 613 597 608 -1 609 606 613 -1 600 601 615 -1 594 600 616 -1 603 602 617 -1 595 594 618 -1 602 595 618 -1 614 603 617 -1 609 615 601 -1 617 602 618 -1 618 594 616 -1 611 596 619 -1 596 587 620 -1 607 614 621 -1 613 608 612 -1 622 609 613 -1 600 615 616 -1 596 620 619 -1 621 614 623 -1 609 622 615 -1 617 618 624 -1 625 624 618 -1 610 607 621 -1 626 610 621 -1 610 627 588 -1 587 588 627 -1 620 587 627 -1 612 411 628 -1 618 616 625 -1 411 409 628 -1 613 612 628 -1 614 617 624 -1 627 610 626 -1 616 615 629 -1 629 625 616 -1 630 620 627 -1 621 623 631 -1 614 624 623 -1 626 621 631 -1 628 409 431 -1 613 628 632 -1 632 622 613 -1 627 626 630 -1 623 633 631 -1 624 625 634 -1 630 626 631 -1 619 620 635 -1 624 634 623 -1 636 633 623 -1 629 634 625 -1 631 633 630 -1 635 620 630 -1 637 632 431 -1 623 634 638 -1 638 636 623 -1 629 622 639 -1 615 622 629 -1 430 640 431 -1 628 431 632 -1 639 622 632 -1 640 430 445 -1 636 641 633 -1 637 639 632 -1 630 633 642 -1 637 431 640 -1 643 629 639 -1 633 641 644 -1 635 630 642 -1 634 629 643 -1 638 634 645 -1 644 642 633 -1 637 646 639 -1 641 636 647 -1 642 644 648 -1 645 634 643 -1 649 635 642 -1 646 637 650 -1 646 643 639 -1 647 651 641 -1 641 651 644 -1 651 648 644 -1 649 642 648 -1 640 445 458 -1 458 650 640 -1 637 640 650 -1 645 643 652 -1 653 638 645 -1 636 638 653 -1 647 636 653 -1 654 643 646 -1 655 649 648 -1 650 458 656 -1 646 650 657 -1 647 653 658 -1 651 647 659 -1 655 648 651 -1 652 643 654 -1 659 647 658 -1 659 655 651 -1 654 646 657 -1 652 654 660 -1 661 653 645 -1 656 657 650 -1 645 652 662 -1 663 654 657 -1 645 662 661 -1 661 659 653 -1 653 659 658 -1 656 458 481 -1 657 656 664 -1 663 660 654 -1 657 664 665 -1 662 652 660 -1 655 659 666 -1 664 656 481 -1 663 657 665 -1 667 662 660 -1 659 661 666 -1 668 662 667 -1 483 664 481 -1 669 665 664 -1 663 665 670 -1 660 663 670 -1 667 660 670 -1 668 661 662 -1 668 666 661 -1 664 483 671 -1 665 669 670 -1 672 666 668 -1 655 666 672 -1 671 483 495 -1 664 671 669 -1 670 669 673 -1 673 667 670 -1 671 495 674 -1 495 504 674 -1 504 513 674 -1 671 673 669 -1 675 668 667 -1 674 513 676 -1 513 512 676 -1 671 674 673 -1 674 676 673 -1 673 676 677 -1 676 512 678 -1 677 678 679 -1 678 680 679 -1 681 682 679 -1 681 679 680 -1 680 678 512 -1 681 680 683 -1 673 677 684 -1 667 673 684 -1 684 675 667 -1 679 684 677 -1 684 679 682 -1 677 676 678 -1 668 675 685 -1 686 687 682 -1 688 686 682 -1 681 688 682 -1 681 683 688 -1 668 685 672 -1 675 684 687 -1 684 682 687 -1 689 687 686 -1 690 691 692 -1 686 688 693 -1 686 693 689 -1 675 687 685 -1 685 687 691 -1 689 691 687 -1 694 691 689 -1 689 693 694 -1 691 694 692 -1 508 514 695 -1 695 514 696 -1 695 696 697 -1 698 696 514 -1 697 696 699 -1 696 698 700 -1 696 700 701 -1 696 701 699 -1 508 695 515 -1 702 515 695 -1 697 680 702 -1 512 515 702 -1 512 702 680 -1 680 697 683 -1 683 697 699 -1 697 702 695 -1 703 704 683 -1 683 699 703 -1 705 699 701 -1 688 683 704 -1 703 699 705 -1 706 692 707 -1 708 704 703 -1 709 708 703 -1 705 709 703 -1 688 704 693 -1 694 693 704 -1 704 708 694 -1 707 708 709 -1 694 708 692 -1 709 710 707 -1 707 692 708 -1 711 712 713 -1 713 712 714 -1 714 712 715 -1 715 716 714 -1 714 716 717 -1 718 719 716 -1 716 719 717 -1 720 719 721 -1 721 719 718 -1 721 722 720 -1 720 722 723 -1 723 722 724 -1 725 723 724 -1 726 723 725 -1 726 725 727 -1 727 725 728 -1 729 727 728 -1 728 730 729 -1 730 731 729 -1 729 731 732 -1 731 733 732 -1 732 733 734 -1 734 733 735 -1 736 734 735 -1 737 734 736 -1 737 736 738 -1 738 736 739 -1 740 741 742 -1 743 744 745 -1 746 744 743 -1 742 744 746 -1 741 744 742 -1 741 740 747 -1 747 740 748 -1 748 749 747 -1 750 751 752 -1 752 751 753 -1 753 751 754 -1 755 756 757 -1 757 756 758 -1 754 759 753 -1 753 759 760 -1 758 760 759 -1 756 760 758 -1 750 738 739 -1 752 738 750 -1 745 755 743 -1 743 755 757 -1 712 711 761 -1 761 762 712 -1 715 712 762 -1 762 763 715 -1 716 715 763 -1 763 764 716 -1 764 718 716 -1 721 718 765 -1 765 766 721 -1 722 721 766 -1 724 767 725 -1 768 742 769 -1 740 742 768 -1 770 743 771 -1 746 743 770 -1 769 746 770 -1 772 736 735 -1 742 746 769 -1 739 736 772 -1 772 773 739 -1 748 740 774 -1 775 739 773 -1 750 739 775 -1 775 776 750 -1 751 750 776 -1 754 751 776 -1 777 748 774 -1 757 758 778 -1 779 759 754 -1 771 757 778 -1 743 757 771 -1 769 780 768 -1 768 780 781 -1 781 782 768 -1 783 769 770 -1 780 769 783 -1 783 770 771 -1 762 761 784 -1 768 774 740 -1 782 774 768 -1 784 763 762 -1 785 778 758 -1 779 754 776 -1 779 786 759 -1 764 765 718 -1 759 786 758 -1 724 722 766 -1 766 767 724 -1 771 778 783 -1 725 767 787 -1 728 725 787 -1 730 728 788 -1 789 730 788 -1 731 730 789 -1 789 790 731 -1 733 731 790 -1 735 733 790 -1 772 735 790 -1 791 774 782 -1 777 774 792 -1 791 792 774 -1 792 793 777 -1 781 794 782 -1 786 785 758 -1 778 785 783 -1 780 795 781 -1 780 783 796 -1 783 785 796 -1 797 775 798 -1 763 784 799 -1 799 800 763 -1 764 763 800 -1 800 801 764 -1 801 802 764 -1 802 765 764 -1 766 765 802 -1 802 767 766 -1 767 803 787 -1 804 787 803 -1 787 788 728 -1 805 790 806 -1 772 790 805 -1 773 772 805 -1 775 773 798 -1 798 773 805 -1 795 794 781 -1 794 791 782 -1 795 780 807 -1 802 803 767 -1 776 775 797 -1 797 779 776 -1 788 787 804 -1 790 789 806 -1 807 780 796 -1 794 795 808 -1 792 791 809 -1 795 807 808 -1 796 785 810 -1 811 812 805 -1 798 805 812 -1 813 799 814 -1 815 799 813 -1 812 797 798 -1 800 799 815 -1 786 810 785 -1 815 801 800 -1 801 816 802 -1 803 802 816 -1 804 803 816 -1 806 789 788 -1 805 806 811 -1 791 794 817 -1 808 818 794 -1 817 809 791 -1 794 818 817 -1 796 810 807 -1 819 812 820 -1 819 797 812 -1 819 821 797 -1 797 821 779 -1 779 821 786 -1 786 821 810 -1 815 813 822 -1 822 813 823 -1 815 822 824 -1 815 824 801 -1 801 824 825 -1 816 801 825 -1 826 816 825 -1 804 816 826 -1 804 826 788 -1 827 788 826 -1 806 788 827 -1 811 806 827 -1 812 828 820 -1 828 812 811 -1 829 830 831 -1 832 833 825 -1 825 833 827 -1 834 822 823 -1 827 833 811 -1 835 823 836 -1 823 835 834 -1 828 811 833 -1 828 833 829 -1 829 831 828 -1 820 828 831 -1 837 838 839 -1 818 838 840 -1 838 818 839 -1 817 818 840 -1 839 830 837 -1 830 839 819 -1 808 839 818 -1 808 807 839 -1 807 821 839 -1 835 836 841 -1 831 830 819 -1 819 820 831 -1 836 842 843 -1 836 843 841 -1 821 819 839 -1 810 821 807 -1 843 844 841 -1 824 822 834 -1 832 824 834 -1 824 832 825 -1 845 834 835 -1 845 835 841 -1 829 832 834 -1 834 845 829 -1 846 841 844 -1 845 846 830 -1 837 830 846 -1 832 829 833 -1 829 845 830 -1 826 825 827 -1 838 837 847 -1 840 838 847 -1 842 848 843 -1 841 846 845 -1 847 837 849 -1 850 848 842 -1 844 843 848 -1 837 846 851 -1 840 852 817 -1 809 817 852 -1 852 840 847 -1 852 853 809 -1 854 848 850 -1 846 844 851 -1 855 809 853 -1 844 848 854 -1 847 856 852 -1 853 852 857 -1 854 851 844 -1 849 837 851 -1 856 857 852 -1 847 849 858 -1 856 847 858 -1 855 853 857 -1 854 859 851 -1 858 849 860 -1 856 858 861 -1 862 856 861 -1 856 862 857 -1 862 863 857 -1 864 851 859 -1 851 860 849 -1 860 851 864 -1 860 861 858 -1 861 860 865 -1 860 864 866 -1 863 862 867 -1 865 860 866 -1 861 865 868 -1 869 861 868 -1 869 862 861 -1 867 862 869 -1 870 863 867 -1 871 872 859 -1 864 859 872 -1 869 868 873 -1 866 864 872 -1 865 866 874 -1 873 875 869 -1 867 869 876 -1 876 870 867 -1 872 871 877 -1 866 872 878 -1 876 869 875 -1 874 879 865 -1 868 865 879 -1 880 870 876 -1 873 868 879 -1 881 876 875 -1 874 866 882 -1 875 873 879 -1 872 877 883 -1 872 883 878 -1 866 878 882 -1 878 884 882 -1 876 881 880 -1 883 884 878 -1 874 885 879 -1 884 883 886 -1 887 875 879 -1 881 875 887 -1 874 882 888 -1 884 886 882 -1 886 888 882 -1 888 885 874 -1 885 887 879 -1 888 886 889 -1 886 883 889 -1 888 890 885 -1 881 887 891 -1 887 885 890 -1 888 889 892 -1 890 888 893 -1 893 888 892 -1 894 890 893 -1 895 893 892 -1 896 893 895 -1 894 893 896 -1 897 898 899 -1 900 898 897 -1 900 901 898 -1 898 901 902 -1 902 901 903 -1 747 749 899 -1 899 749 897 -1 897 749 748 -1 897 748 777 -1 904 897 777 -1 900 897 904 -1 904 905 900 -1 901 900 905 -1 903 901 905 -1 793 905 904 -1 904 777 793 -1 793 906 905 -1 792 907 793 -1 906 793 907 -1 809 907 792 -1 907 908 906 -1 909 907 855 -1 908 907 909 -1 910 908 909 -1 910 911 908 -1 907 809 855 -1 912 910 909 -1 909 855 912 -1 912 855 913 -1 857 913 855 -1 910 912 914 -1 913 857 863 -1 913 915 912 -1 913 863 915 -1 915 914 912 -1 914 915 916 -1 915 863 917 -1 917 916 915 -1 917 863 870 -1 917 870 880 -1 880 918 917 -1 919 917 918 -1 919 916 917 -1 918 880 920 -1 881 920 880 -1 920 919 918 -1 920 881 891 -1 921 922 923 -1 924 925 921 -1 921 925 922 -1 926 925 924 -1 927 926 924 -1 927 928 926 -1 929 927 930 -1 928 927 929 -1 931 932 933 -1 933 932 934 -1 935 936 937 -1 937 936 931 -1 931 936 932 -1 938 929 930 -1 933 934 930 -1 930 934 938 -1 939 940 941 -1 940 942 941 -1 941 942 943 -1 944 943 942 -1 945 946 947 -1 947 946 948 -1 943 944 947 -1 947 944 945 -1 946 949 948 -1 948 949 937 -1 937 949 935 -1 950 922 925 -1 925 926 951 -1 951 950 925 -1 951 926 952 -1 952 926 953 -1 926 928 953 -1 928 929 954 -1 934 932 955 -1 932 936 956 -1 955 932 956 -1 936 935 957 -1 956 936 957 -1 958 938 934 -1 958 934 955 -1 959 940 960 -1 959 942 940 -1 946 945 961 -1 945 944 962 -1 961 945 962 -1 935 949 963 -1 963 946 961 -1 949 946 963 -1 950 964 922 -1 953 928 954 -1 955 956 965 -1 938 958 966 -1 966 929 938 -1 960 967 959 -1 959 968 942 -1 969 942 968 -1 942 969 944 -1 944 969 962 -1 961 970 963 -1 935 963 957 -1 963 970 957 -1 961 971 970 -1 965 956 972 -1 956 957 972 -1 951 952 973 -1 953 973 952 -1 968 974 969 -1 950 975 964 -1 954 929 966 -1 958 955 965 -1 966 958 976 -1 977 959 967 -1 977 978 959 -1 978 968 959 -1 974 979 969 -1 969 979 962 -1 979 980 962 -1 962 980 961 -1 957 981 972 -1 981 970 971 -1 957 970 981 -1 982 965 972 -1 981 983 972 -1 954 973 953 -1 984 977 967 -1 971 961 980 -1 982 972 983 -1 979 974 985 -1 980 979 986 -1 987 988 971 -1 981 971 988 -1 989 981 988 -1 983 981 989 -1 975 950 990 -1 951 990 950 -1 973 990 951 -1 982 976 958 -1 958 965 982 -1 954 966 991 -1 976 991 966 -1 992 978 977 -1 971 980 987 -1 982 983 993 -1 973 954 994 -1 992 977 995 -1 996 968 978 -1 968 996 974 -1 983 989 993 -1 994 990 973 -1 995 977 984 -1 974 996 985 -1 989 988 997 -1 994 954 998 -1 999 1000 975 -1 990 999 975 -1 992 995 1001 -1 985 1002 979 -1 986 979 1002 -1 1003 988 987 -1 997 1004 989 -1 982 993 1005 -1 999 1006 1000 -1 999 990 994 -1 991 998 954 -1 995 984 1001 -1 996 992 1007 -1 978 992 996 -1 985 996 1007 -1 986 1008 980 -1 980 1008 987 -1 988 1003 997 -1 993 989 1004 -1 1009 1000 1006 -1 998 1010 994 -1 976 982 1005 -1 1001 1007 992 -1 1007 1002 985 -1 1008 986 1002 -1 1011 1003 987 -1 999 994 1012 -1 1007 1013 1002 -1 997 1003 1011 -1 1014 1015 1016 -1 1017 1015 1014 -1 1015 1017 1018 -1 1006 1017 1014 -1 999 1017 1006 -1 1019 1018 1012 -1 1019 1012 1020 -1 1020 1012 1010 -1 1012 1018 1017 -1 1012 1017 999 -1 1010 1012 994 -1 991 976 1005 -1 1007 1021 1013 -1 1008 1002 1013 -1 1004 1022 993 -1 1015 1018 1016 -1 1018 1019 1023 -1 1020 1024 1025 -1 1010 1024 1020 -1 998 1024 1010 -1 1024 991 1005 -1 1005 1026 1024 -1 1005 1022 1026 -1 1024 998 991 -1 1027 1028 1001 -1 1007 1001 1028 -1 1028 1021 1007 -1 1029 1022 1004 -1 1030 1008 1013 -1 987 1008 1030 -1 1011 987 1030 -1 1004 1011 1029 -1 1011 1004 997 -1 1022 1005 993 -1 1023 1019 1031 -1 1031 1019 1020 -1 1020 1025 1032 -1 1013 1033 1030 -1 1029 1011 1030 -1 1031 1020 1032 -1 1028 1027 1034 -1 1021 1028 1035 -1 1036 1013 1021 -1 1022 1029 1037 -1 1018 1023 1016 -1 1016 1023 1038 -1 1026 1025 1024 -1 1035 1028 1034 -1 1036 1021 1035 -1 1029 1039 1037 -1 1029 1030 1039 -1 1023 1031 1040 -1 1041 1031 1032 -1 1032 1025 1041 -1 1025 1026 1042 -1 1026 1022 1037 -1 1033 1013 1036 -1 1033 1039 1030 -1 1041 1025 1042 -1 1026 1037 1042 -1 1034 1043 1035 -1 1036 1035 1044 -1 1045 1036 1044 -1 1033 1036 1045 -1 1033 1046 1047 -1 1047 1039 1033 -1 1038 1023 1048 -1 1023 1040 1048 -1 1049 1031 1041 -1 1049 1041 1050 -1 1041 1042 1050 -1 1042 1037 1051 -1 1043 1034 1052 -1 1035 1043 1044 -1 1045 1046 1033 -1 1039 1047 1053 -1 1037 1039 1053 -1 1048 1040 1054 -1 1049 1040 1031 -1 1053 1051 1037 -1 1052 1055 1043 -1 1044 1043 1056 -1 1045 1044 1057 -1 1047 1046 1058 -1 1058 1059 1047 -1 1060 1061 1048 -1 1049 1062 1040 -1 1062 1054 1040 -1 1042 1063 1050 -1 1056 1043 1055 -1 1056 1057 1044 -1 1057 1046 1045 -1 1059 1053 1047 -1 1060 1048 1054 -1 1042 1051 1063 -1 1057 1056 1064 -1 1050 1065 1049 -1 1055 1066 1056 -1 1067 1057 1064 -1 1067 1046 1057 -1 1068 1046 1067 -1 1046 1068 1058 -1 1059 1069 1053 -1 1062 1049 1065 -1 1055 1052 1070 -1 1066 1064 1056 -1 1053 1069 1051 -1 1070 1052 1071 -1 1050 1063 1072 -1 1068 1067 1073 -1 1051 1074 1063 -1 1051 1069 1074 -1 1054 1062 1075 -1 1065 1075 1062 -1 1070 1076 1055 -1 1064 1066 1077 -1 1058 1068 1073 -1 1078 1059 1058 -1 1079 1069 1078 -1 1075 1080 1054 -1 1072 1065 1050 -1 1081 1072 1063 -1 1063 1074 1081 -1 1076 1066 1055 -1 1069 1079 1074 -1 1069 1059 1078 -1 1078 1082 1079 -1 1060 1054 1080 -1 1065 1072 1075 -1 1077 1066 1076 -1 1077 1067 1064 -1 1073 1067 1083 -1 1074 1084 1081 -1 1084 1074 1079 -1 1073 1085 1058 -1 1078 1058 1085 -1 1076 1086 1077 -1 1084 1079 1082 -1 1077 1083 1067 -1 1083 1085 1073 -1 1075 1072 1087 -1 1072 1081 1087 -1 1081 1084 1087 -1 1080 1075 1088 -1 1083 1089 1085 -1 1078 1085 1090 -1 1082 1091 1084 -1 1087 1088 1075 -1 1083 1077 1086 -1 1089 1083 1092 -1 1087 1084 1093 -1 1084 1091 1093 -1 1082 1078 1090 -1 1093 1094 1087 -1 1086 1092 1083 -1 1086 1076 1095 -1 1094 1088 1087 -1 1085 1089 1096 -1 1090 1085 1096 -1 1092 1086 1095 -1 1082 1090 1097 -1 1096 1097 1090 -1 1091 1082 1097 -1 1093 1091 1097 -1 1098 1088 1099 -1 1088 1094 1099 -1 1100 1099 1094 -1 1094 1093 1100 -1 1089 1092 1096 -1 1101 1092 1095 -1 1101 1096 1092 -1 1093 1102 1100 -1 1102 1093 1097 -1 1101 1103 1096 -1 1104 1097 1096 -1 1105 1106 1099 -1 1099 1100 1105 -1 1096 1103 1104 -1 1104 1102 1097 -1 1102 1104 1107 -1 1102 1105 1100 -1 1108 1106 1105 -1 1109 1105 1102 -1 1104 1103 1110 -1 1107 1109 1102 -1 1107 1104 1110 -1 1111 1106 1108 -1 1112 1101 1113 -1 1103 1101 1112 -1 1103 1112 1110 -1 1109 1107 1114 -1 1111 1108 1115 -1 1116 1115 1108 -1 1116 1108 1109 -1 1109 1108 1105 -1 1112 1113 1117 -1 1117 1118 1112 -1 1118 1119 1112 -1 1112 1119 1110 -1 1114 1116 1109 -1 1107 1119 1114 -1 1119 1107 1110 -1 1115 1116 1120 -1 1121 1118 1117 -1 1114 1119 1122 -1 1114 1120 1116 -1 1119 1118 1123 -1 1121 1117 1124 -1 1123 1118 1121 -1 1122 1120 1114 -1 1120 1125 1115 -1 1123 1121 1126 -1 1123 1122 1119 -1 1120 1122 1127 -1 1122 1123 1128 -1 1129 1126 1121 -1 1127 1122 1128 -1 1130 1131 1120 -1 1126 1132 1123 -1 1128 1123 1132 -1 1125 1120 1131 -1 1129 1121 1133 -1 1121 1124 1133 -1 1134 1130 1120 -1 1127 1134 1120 -1 1129 1135 1126 -1 1132 1126 1135 -1 1125 1131 1136 -1 1137 1138 1139 -1 1140 1137 1139 -1 1141 1137 1140 -1 1142 1140 1143 -1 1141 1138 1137 -1 1141 1140 1142 -1 1141 1142 1144 -1 1144 1142 1134 -1 1143 1131 1130 -1 1142 1143 1130 -1 1134 1142 1130 -1 1145 1146 1147 -1 1147 1146 1148 -1 1133 1149 1129 -1 1133 1147 1149 -1 1147 1148 1149 -1 1148 1150 1149 -1 1135 1129 1149 -1 1149 1150 1135 -1 1151 1150 1148 -1 1144 1134 1152 -1 1152 1134 1127 -1 1151 1152 1150 -1 1128 1132 1150 -1 1135 1150 1132 -1 1145 1153 1146 -1 1138 1154 1139 -1 1148 1146 1153 -1 1148 1155 1151 -1 1152 1128 1150 -1 1152 1127 1128 -1 1138 1141 1156 -1 1144 1152 1157 -1 1151 1155 1152 -1 1158 1138 1156 -1 1155 1148 1159 -1 1160 1153 1161 -1 1153 1159 1148 -1 1154 1138 1158 -1 1155 1157 1152 -1 1144 1157 1141 -1 1159 1153 1160 -1 1154 1158 1162 -1 1155 1159 1163 -1 1155 1164 1157 -1 1156 1141 1165 -1 1157 1165 1141 -1 1155 1163 1164 -1 1160 1161 1166 -1 1156 1165 1167 -1 1166 1168 1160 -1 1169 1160 1168 -1 1158 1170 1162 -1 1170 1158 1171 -1 1171 1156 1172 -1 1156 1171 1158 -1 1167 1165 1173 -1 1174 1157 1175 -1 1157 1173 1165 -1 1169 1176 1159 -1 1159 1160 1169 -1 1163 1159 1177 -1 1164 1163 1178 -1 1178 1175 1164 -1 1175 1157 1164 -1 1179 1172 1156 -1 1156 1167 1179 -1 1179 1167 1173 -1 1175 1179 1174 -1 1173 1174 1179 -1 1174 1173 1157 -1 1180 1177 1159 -1 1178 1177 1180 -1 1177 1178 1163 -1 1176 1169 1180 -1 1175 1178 1181 -1 1181 1179 1175 -1 1180 1159 1176 -1 1170 1171 1182 -1 1183 1181 1178 -1 1183 1178 1180 -1 1171 1172 1184 -1 1185 1180 1169 -1 1184 1172 1179 -1 1169 1168 1185 -1 1186 1170 1182 -1 1182 1171 1184 -1 1179 1181 1187 -1 1181 1183 1187 -1 1187 1183 1188 -1 1184 1179 1189 -1 1180 1185 1190 -1 1183 1180 1190 -1 1191 1179 1187 -1 1188 1183 1190 -1 1179 1191 1189 -1 1192 1186 1182 -1 1189 1191 1193 -1 1194 1182 1184 -1 1184 1189 1194 -1 1192 1182 1194 -1 1189 1193 1195 -1 1196 1191 1187 -1 1193 1191 1196 -1 1194 1189 1197 -1 1198 1192 1194 -1 1197 1189 1195 -1 1187 1188 1196 -1 1198 1194 1199 -1 1188 1190 1200 -1 1201 1194 1197 -1 1193 1196 1202 -1 1200 1196 1188 -1 1195 1193 1202 -1 1201 1199 1194 -1 1202 1196 1200 -1 1201 1197 1203 -1 1197 1195 1204 -1 1204 1203 1197 -1 1202 1205 1195 -1 1204 1195 1205 -1 1206 1207 1208 -1 923 1206 1208 -1 922 1206 923 -1 1208 1207 1209 -1 1209 1207 1210 -1 1207 1206 1211 -1 1211 1206 1212 -1 1206 922 964 -1 964 1212 1206 -1 1207 1213 1210 -1 1207 1211 1213 -1 1214 1213 1215 -1 1216 1213 1211 -1 1216 1211 1212 -1 1216 1212 1217 -1 1212 964 975 -1 1214 1215 1218 -1 1216 1215 1213 -1 1217 1219 1216 -1 1217 1212 1220 -1 975 1220 1212 -1 1000 1220 975 -1 1215 1221 1218 -1 1215 1216 1222 -1 1219 1222 1216 -1 1217 1220 1219 -1 1223 1218 1221 -1 1220 1000 1009 -1 1221 1215 1222 -1 1223 1221 1224 -1 1009 1219 1220 -1 1224 1225 1223 -1 1226 1227 1014 -1 1228 1229 1230 -1 1221 1222 1230 -1 1230 1222 1228 -1 1229 1228 1231 -1 1229 1232 1230 -1 1226 1231 1227 -1 1224 1232 1225 -1 1224 1221 1230 -1 1229 1233 1232 -1 1234 1229 1231 -1 1232 1224 1230 -1 1219 1009 1227 -1 1006 1227 1009 -1 1006 1014 1227 -1 1226 1234 1231 -1 1231 1228 1227 -1 1228 1222 1219 -1 1228 1219 1227 -1 1014 1016 1235 -1 1236 1237 1232 -1 1233 1236 1232 -1 1234 1233 1229 -1 1226 1014 1235 -1 1234 1226 1238 -1 1239 1237 1236 -1 1235 1238 1226 -1 1235 1016 1038 -1 1239 1236 1240 -1 1233 1234 1241 -1 1236 1233 1241 -1 1241 1234 1242 -1 1235 1243 1238 -1 1243 1235 1038 -1 1244 1239 1240 -1 1236 1241 1240 -1 1245 1240 1241 -1 1241 1242 1246 -1 1247 1242 1234 -1 1238 1247 1234 -1 1243 1038 1248 -1 1245 1241 1246 -1 1246 1242 1247 -1 1243 1247 1238 -1 1048 1248 1038 -1 1244 1240 1249 -1 1249 1250 1244 -1 1245 1249 1240 -1 1248 1048 1061 -1 1243 1251 1247 -1 1245 1246 1252 -1 1245 1253 1249 -1 1252 1253 1245 -1 1254 1252 1246 -1 1246 1247 1254 -1 1247 1251 1254 -1 1250 1255 1244 -1 1250 1249 1256 -1 1249 1253 1256 -1 1248 1061 1257 -1 1252 1254 1258 -1 1254 1251 1259 -1 1243 1248 1251 -1 1255 1250 1260 -1 1260 1250 1256 -1 1253 1252 1258 -1 1258 1254 1259 -1 1251 1248 1257 -1 1257 1061 1261 -1 1255 1260 1262 -1 1263 1260 1256 -1 1256 1253 1264 -1 1265 1253 1258 -1 1261 1266 1257 -1 1060 1261 1061 -1 1258 1259 1265 -1 1267 1259 1251 -1 1251 1257 1266 -1 1262 1260 1263 -1 1268 1263 1256 -1 1265 1264 1253 -1 1269 1263 1268 -1 1262 1263 1270 -1 1268 1256 1264 -1 1259 1267 1265 -1 1266 1267 1251 -1 1060 1080 1261 -1 1269 1270 1263 -1 1266 1261 1080 -1 1264 1265 1271 -1 1267 1271 1265 -1 1267 1266 1272 -1 1273 1264 1271 -1 1272 1271 1267 -1 1266 1080 1274 -1 1269 1268 1275 -1 1264 1273 1276 -1 1272 1266 1274 -1 1088 1274 1080 -1 1277 1270 1269 -1 1264 1275 1268 -1 1264 1276 1275 -1 1269 1275 1278 -1 1277 1269 1278 -1 1279 1271 1272 -1 1272 1274 1279 -1 1279 1274 1098 -1 1274 1088 1098 -1 1280 1278 1275 -1 1273 1271 1281 -1 1279 1281 1271 -1 1275 1276 1280 -1 1278 1282 1277 -1 1276 1273 1283 -1 1282 1278 1284 -1 1278 1280 1284 -1 1279 1098 1285 -1 1281 1283 1273 -1 1285 1281 1279 -1 1099 1285 1098 -1 1276 1283 1280 -1 1286 1280 1283 -1 1283 1281 1287 -1 1285 1099 1106 -1 1287 1286 1283 -1 1281 1288 1287 -1 1288 1281 1285 -1 1285 1106 1288 -1 1289 1290 1282 -1 1284 1280 1286 -1 1291 1282 1284 -1 1292 1287 1293 -1 1294 1287 1288 -1 1288 1295 1294 -1 1295 1288 1296 -1 1296 1288 1106 -1 1290 1289 1297 -1 1289 1282 1291 -1 1106 1111 1296 -1 1291 1284 1286 -1 1292 1291 1286 -1 1292 1286 1287 -1 1298 1299 1300 -1 1299 1297 1300 -1 1293 1287 1294 -1 1295 1296 1301 -1 1298 1300 1302 -1 1303 1302 1300 -1 1296 1111 1301 -1 1301 1111 1115 -1 1299 1304 1297 -1 1300 1297 1289 -1 1305 1303 1300 -1 1300 1289 1305 -1 1305 1289 1291 -1 1125 1301 1115 -1 1294 1295 1306 -1 1301 1306 1295 -1 1292 1293 1307 -1 1302 1303 1308 -1 1307 1293 1306 -1 1305 1291 1309 -1 1294 1306 1293 -1 1303 1305 1309 -1 1309 1291 1292 -1 1306 1301 1310 -1 1310 1301 1125 -1 1309 1308 1303 -1 1309 1292 1307 -1 1309 1307 1311 -1 1306 1312 1307 -1 1313 1309 1311 -1 1310 1125 1314 -1 1315 1306 1310 -1 1308 1309 1313 -1 1313 1316 1308 -1 1136 1314 1125 -1 1307 1317 1311 -1 1318 1319 1308 -1 1316 1318 1308 -1 1315 1312 1306 -1 1312 1317 1307 -1 1315 1310 1314 -1 1136 1320 1314 -1 1312 1315 1321 -1 1322 1321 1315 -1 1315 1314 1322 -1 1323 1316 1324 -1 1313 1324 1316 -1 1311 1317 1325 -1 1316 1323 1318 -1 1325 1317 1326 -1 1317 1312 1326 -1 1327 1324 1313 -1 1313 1311 1327 -1 1324 1327 1325 -1 1324 1328 1329 -1 1324 1325 1328 -1 1328 1330 1331 -1 1328 1325 1330 -1 1330 1332 1333 -1 1330 1325 1326 -1 1331 1330 1333 -1 1334 1335 1336 -1 1330 1326 1332 -1 1337 1336 1335 -1 1325 1327 1311 -1 1338 1339 1340 -1 1333 1332 1340 -1 1340 1332 1341 -1 1340 1341 1338 -1 1332 1326 1341 -1 1342 1343 1338 -1 1344 1345 1346 -1 1345 1347 1346 -1 1338 1341 1342 -1 1348 1342 1341 -1 1321 1326 1312 -1 1341 1326 1321 -1 1321 1348 1341 -1 1348 1321 1322 -1 1343 1342 1349 -1 1347 1345 1350 -1 1350 1154 1347 -1 1350 1139 1154 -1 1320 1140 1345 -1 1140 1350 1345 -1 1349 1344 1351 -1 1140 1320 1143 -1 1349 1342 1344 -1 1344 1342 1345 -1 1351 1344 1352 -1 1346 1352 1344 -1 1143 1320 1131 -1 1131 1320 1136 -1 1139 1350 1140 -1 1320 1342 1348 -1 1320 1345 1342 -1 1322 1320 1348 -1 1320 1322 1314 -1 1319 1318 1353 -1 1353 1335 1319 -1 1353 1318 1323 -1 1354 1353 1323 -1 1335 1353 1337 -1 1353 1355 1337 -1 1353 1354 1356 -1 1356 1355 1353 -1 1357 1323 1324 -1 1357 1354 1323 -1 1324 1329 1357 -1 1340 1339 1333 -1 1338 1343 1358 -1 1357 1329 1359 -1 1357 1360 1354 -1 1338 1361 1339 -1 1359 1329 1328 -1 1331 1333 1362 -1 1331 1362 1363 -1 1362 1333 1339 -1 1328 1331 1363 -1 1337 1364 1336 -1 1365 1357 1359 -1 1363 1359 1328 -1 1366 1364 1337 -1 1362 1339 1361 -1 1343 1349 1367 -1 1366 1337 1355 -1 1360 1357 1365 -1 1358 1361 1338 -1 1349 1351 1368 -1 1352 1346 1369 -1 1367 1349 1368 -1 1356 1354 1360 -1 1363 1362 1370 -1 1154 1371 1347 -1 1346 1347 1371 -1 1372 1362 1361 -1 1351 1352 1368 -1 1370 1362 1372 -1 1364 1366 1373 -1 1374 1361 1358 -1 1365 1359 1375 -1 1360 1365 1376 -1 1371 1154 1162 -1 1366 1355 1377 -1 1355 1356 1377 -1 1356 1360 1378 -1 1360 1376 1379 -1 1367 1358 1343 -1 1368 1352 1369 -1 1377 1356 1378 -1 1375 1359 1380 -1 1359 1381 1380 -1 1359 1363 1370 -1 1346 1371 1369 -1 1378 1360 1379 -1 1361 1374 1382 -1 1381 1359 1370 -1 1373 1366 1377 -1 1361 1382 1372 -1 1383 1364 1384 -1 1364 1373 1384 -1 1385 1372 1382 -1 1365 1375 1386 -1 1381 1375 1380 -1 1381 1387 1375 -1 1387 1381 1388 -1 1370 1388 1381 -1 1376 1389 1379 -1 1390 1379 1389 -1 1388 1370 1391 -1 1370 1372 1391 -1 1372 1385 1392 -1 1384 1373 1393 -1 1384 1393 1394 -1 1373 1377 1393 -1 1395 1377 1378 -1 1395 1393 1377 -1 1379 1396 1378 -1 1395 1378 1396 -1 1379 1390 1396 -1 1382 1374 1397 -1 1376 1365 1386 -1 1397 1385 1382 -1 1386 1375 1387 -1 1398 1374 1358 -1 1397 1374 1398 -1 1398 1358 1399 -1 1399 1358 1367 -1 1399 1367 1368 -1 1399 1368 1400 -1 1389 1376 1401 -1 1402 1389 1401 -1 1368 1403 1400 -1 1403 1368 1369 -1 1369 1404 1403 -1 1376 1386 1401 -1 1405 1388 1391 -1 1405 1391 1406 -1 1406 1391 1372 -1 1404 1369 1371 -1 1407 1404 1371 -1 1407 1371 1170 -1 1162 1170 1371 -1 1408 1393 1409 -1 1394 1393 1408 -1 1393 1395 1409 -1 1410 1389 1402 -1 1387 1411 1386 -1 1387 1388 1411 -1 1392 1385 1412 -1 1392 1406 1372 -1 1395 1396 1409 -1 1413 1390 1410 -1 1390 1389 1410 -1 1412 1385 1397 -1 1388 1405 1411 -1 1405 1406 1414 -1 1406 1392 1414 -1 1415 1399 1400 -1 1407 1170 1186 -1 1396 1390 1413 -1 1415 1400 1416 -1 1400 1403 1416 -1 1402 1386 1417 -1 1401 1386 1402 -1 1397 1418 1419 -1 1411 1405 1420 -1 1398 1418 1397 -1 1415 1398 1399 -1 1402 1417 1421 -1 1386 1411 1417 -1 1412 1397 1419 -1 1420 1417 1411 -1 1414 1392 1422 -1 1392 1412 1422 -1 1412 1423 1422 -1 1407 1424 1404 -1 1404 1424 1425 -1 1186 1424 1407 -1 1409 1396 1426 -1 1396 1413 1426 -1 1421 1410 1402 -1 1405 1414 1420 -1 1408 1409 1427 -1 1416 1403 1428 -1 1419 1423 1412 -1 1418 1398 1415 -1 1427 1409 1426 -1 1403 1425 1428 -1 1418 1415 1429 -1 1403 1404 1425 -1 1430 1424 1431 -1 1424 1186 1431 -1 1408 1427 1432 -1 1427 1426 1433 -1 1426 1413 1433 -1 1416 1428 1434 -1 1435 1421 1417 -1 1414 1417 1420 -1 1425 1424 1430 -1 1433 1413 1436 -1 1417 1414 1437 -1 1437 1414 1422 -1 1438 1408 1432 -1 1427 1439 1432 -1 1439 1427 1433 -1 1415 1416 1440 -1 1428 1425 1430 -1 1429 1415 1440 -1 1410 1421 1441 -1 1419 1418 1442 -1 1418 1443 1442 -1 1423 1419 1442 -1 1444 1432 1439 -1 1439 1433 1445 -1 1446 1440 1447 -1 1440 1416 1447 -1 1447 1416 1434 -1 1441 1448 1410 -1 1417 1437 1449 -1 1418 1450 1443 -1 1418 1429 1450 -1 1437 1422 1451 -1 1446 1429 1440 -1 1430 1431 1452 -1 1453 1452 1431 -1 1192 1453 1431 -1 1413 1448 1436 -1 1431 1186 1192 -1 1413 1410 1448 -1 1441 1421 1435 -1 1434 1428 1454 -1 1435 1417 1449 -1 1428 1430 1454 -1 1451 1422 1423 -1 1450 1429 1446 -1 1455 1430 1452 -1 1438 1432 1456 -1 1445 1433 1436 -1 1444 1439 1457 -1 1439 1445 1457 -1 1454 1430 1458 -1 1455 1458 1430 -1 1452 1453 1459 -1 1444 1456 1432 -1 1447 1434 1460 -1 1461 1450 1462 -1 1443 1450 1461 -1 1423 1442 1463 -1 1458 1455 1464 -1 1465 1464 1455 -1 1459 1465 1455 -1 1459 1455 1452 -1 1466 1438 1467 -1 1445 1436 1468 -1 1469 1456 1444 -1 1444 1457 1470 -1 1435 1449 1471 -1 1457 1472 1470 -1 1457 1445 1472 -1 1446 1462 1450 -1 1473 1462 1446 -1 1447 1473 1446 -1 1473 1447 1474 -1 1447 1460 1474 -1 1475 1434 1454 -1 1475 1454 1476 -1 1458 1477 1454 -1 1478 1465 1459 -1 1467 1438 1479 -1 1438 1456 1479 -1 1468 1436 1480 -1 1481 1462 1473 -1 1482 1473 1474 -1 1453 1192 1198 -1 1460 1434 1475 -1 1476 1454 1477 -1 1461 1483 1443 -1 1484 1485 1462 -1 1486 1478 1459 -1 1487 1469 1444 -1 1487 1444 1470 -1 1472 1445 1488 -1 1462 1481 1484 -1 1485 1461 1462 -1 1471 1441 1435 -1 1464 1489 1458 -1 1459 1453 1486 -1 1453 1198 1486 -1 1486 1490 1478 -1 1479 1456 1491 -1 1456 1469 1492 -1 1469 1487 1493 -1 1488 1445 1494 -1 1468 1494 1445 -1 1474 1460 1495 -1 1460 1475 1496 -1 1477 1458 1489 -1 1443 1483 1442 -1 1489 1464 1497 -1 1448 1480 1436 -1 1451 1423 1463 -1 1464 1465 1498 -1 1493 1492 1469 -1 1499 1488 1494 -1 1482 1474 1495 -1 1460 1496 1495 -1 1496 1475 1476 -1 1463 1442 1500 -1 1442 1483 1500 -1 1461 1485 1483 -1 1471 1501 1441 -1 1437 1451 1502 -1 1465 1478 1490 -1 1466 1467 1503 -1 1456 1492 1491 -1 1470 1504 1487 -1 1504 1472 1488 -1 1484 1481 1505 -1 1451 1463 1506 -1 1481 1473 1505 -1 1489 1476 1477 -1 1489 1497 1507 -1 1490 1486 1508 -1 1493 1487 1509 -1 1487 1504 1509 -1 1472 1504 1470 -1 1510 1499 1494 -1 1511 1473 1482 -1 1494 1468 1512 -1 1512 1468 1480 -1 1485 1513 1483 -1 1198 1199 1486 -1 1437 1502 1449 -1 1490 1498 1465 -1 1504 1488 1514 -1 1488 1499 1514 -1 1484 1505 1515 -1 1511 1505 1473 -1 1495 1511 1482 -1 1516 1486 1517 -1 1508 1486 1516 -1 1449 1502 1471 -1 1506 1502 1451 -1 1497 1464 1518 -1 1508 1516 1519 -1 1492 1493 1520 -1 1520 1493 1509 -1 1509 1504 1521 -1 1496 1511 1495 -1 1512 1480 1448 -1 1485 1484 1522 -1 1518 1464 1498 -1 1498 1490 1523 -1 1467 1479 1491 -1 1448 1524 1512 -1 1504 1525 1521 -1 1514 1525 1504 -1 1494 1526 1510 -1 1507 1476 1489 -1 1513 1500 1483 -1 1527 1463 1500 -1 1485 1528 1513 -1 1528 1485 1522 -1 1492 1520 1491 -1 1526 1494 1512 -1 1448 1441 1524 -1 1514 1499 1529 -1 1471 1502 1530 -1 1512 1524 1531 -1 1505 1511 1532 -1 1522 1484 1515 -1 1497 1533 1507 -1 1498 1523 1534 -1 1471 1530 1501 -1 1486 1199 1517 -1 1199 1201 1517 -1 1506 1463 1535 -1 1536 1467 1491 -1 1505 1532 1537 -1 1532 1511 1538 -1 1539 1511 1496 -1 1513 1528 1540 -1 1518 1533 1497 -1 1490 1508 1541 -1 1542 1512 1543 -1 1526 1512 1542 -1 1524 1441 1501 -1 1544 1499 1510 -1 1544 1510 1526 -1 1511 1539 1538 -1 1545 1539 1496 -1 1535 1463 1527 -1 1546 1533 1518 -1 1541 1523 1490 -1 1508 1519 1541 -1 1503 1467 1547 -1 1520 1509 1548 -1 1499 1544 1529 -1 1530 1502 1549 -1 1515 1505 1537 -1 1540 1528 1522 -1 1515 1550 1522 -1 1551 1519 1516 -1 1518 1498 1534 -1 1541 1519 1552 -1 1552 1519 1551 -1 1531 1543 1512 -1 1548 1509 1521 -1 1525 1514 1553 -1 1514 1529 1553 -1 1538 1539 1545 -1 1476 1545 1496 -1 1502 1506 1549 -1 1513 1554 1500 -1 1536 1547 1467 -1 1555 1520 1548 -1 1556 1525 1553 -1 1521 1525 1557 -1 1544 1526 1558 -1 1559 1515 1537 -1 1476 1507 1533 -1 1500 1554 1527 -1 1554 1513 1540 -1 1540 1522 1550 -1 1560 1518 1534 -1 1561 1523 1541 -1 1561 1541 1552 -1 1491 1520 1536 -1 1555 1536 1520 -1 1556 1553 1562 -1 1529 1544 1558 -1 1526 1542 1558 -1 1545 1476 1563 -1 1501 1564 1524 -1 1533 1546 1565 -1 1546 1518 1560 -1 1535 1549 1506 -1 1553 1529 1566 -1 1557 1525 1556 -1 1542 1543 1558 -1 1545 1567 1538 -1 1549 1568 1530 -1 1533 1565 1569 -1 1546 1560 1565 -1 1561 1570 1523 -1 1561 1552 1571 -1 1557 1555 1548 -1 1548 1521 1557 -1 1553 1566 1562 -1 1558 1566 1529 -1 1549 1535 1572 -1 1559 1537 1573 -1 1573 1537 1574 -1 1532 1575 1537 -1 1576 1532 1538 -1 1538 1567 1576 -1 1567 1545 1577 -1 1563 1577 1545 -1 1578 1534 1523 -1 1515 1559 1550 -1 1533 1563 1476 -1 1563 1533 1569 -1 1531 1524 1579 -1 1572 1535 1580 -1 1535 1527 1580 -1 1560 1534 1578 -1 1552 1551 1571 -1 1536 1555 1581 -1 1557 1582 1555 -1 1554 1540 1583 -1 1527 1554 1584 -1 1585 1569 1565 -1 1585 1565 1560 -1 1523 1570 1578 -1 1559 1573 1550 -1 1574 1537 1575 -1 1575 1532 1576 -1 1563 1586 1577 -1 1558 1543 1587 -1 1564 1579 1524 -1 1584 1580 1527 -1 1540 1550 1583 -1 1564 1501 1530 -1 1560 1578 1588 -1 1589 1566 1558 -1 1531 1587 1543 -1 1576 1567 1577 -1 1564 1530 1568 -1 1531 1579 1590 -1 1591 1585 1560 -1 1578 1570 1588 -1 1592 1569 1585 -1 1591 1560 1588 -1 1557 1556 1593 -1 1581 1555 1582 -1 1582 1557 1593 -1 1593 1556 1562 -1 1562 1566 1594 -1 1566 1589 1594 -1 1589 1558 1587 -1 1575 1576 1595 -1 1576 1577 1596 -1 1531 1590 1587 -1 1592 1585 1591 -1 1597 1590 1579 -1 1549 1572 1598 -1 1547 1536 1599 -1 1577 1586 1596 -1 1563 1569 1591 -1 1592 1591 1569 -1 1554 1600 1584 -1 1601 1564 1568 -1 1572 1580 1602 -1 1570 1561 1603 -1 1561 1571 1604 -1 1605 1536 1581 -1 1606 1573 1574 -1 1574 1575 1606 -1 1550 1573 1583 -1 1579 1564 1601 -1 1568 1549 1607 -1 1608 1572 1602 -1 1584 1602 1580 -1 1582 1593 1609 -1 1593 1562 1610 -1 1601 1568 1611 -1 1610 1562 1594 -1 1607 1549 1598 -1 1598 1572 1608 -1 1602 1584 1612 -1 1576 1596 1595 -1 1554 1583 1600 -1 1603 1561 1604 -1 1599 1536 1605 -1 1611 1568 1607 -1 1597 1613 1590 -1 1575 1595 1606 -1 1596 1586 1614 -1 1600 1612 1584 -1 1588 1570 1603 -1 1605 1581 1615 -1 1582 1615 1581 -1 1609 1593 1610 -1 1589 1587 1616 -1 1613 1597 1617 -1 1594 1618 1610 -1 1618 1594 1589 -1 1602 1612 1608 -1 1563 1591 1614 -1 1600 1583 1619 -1 1573 1620 1583 -1 1606 1620 1573 -1 1621 1587 1590 -1 1615 1582 1609 -1 1590 1613 1621 -1 1597 1579 1622 -1 1589 1616 1618 -1 1586 1563 1614 -1 1619 1583 1620 -1 1587 1621 1616 -1 1579 1601 1622 -1 1597 1622 1617 -1 1607 1598 1623 -1 1609 1610 1624 -1 1610 1618 1624 -1 1611 1607 1625 -1 1617 1626 1627 -1 1616 1621 1628 -1 1628 1621 1613 -1 1629 1616 1628 -1 1630 1622 1601 -1 1630 1601 1611 -1 1627 1613 1617 -1 1596 1614 1595 -1 1631 1608 1632 -1 1598 1608 1631 -1 1600 1633 1612 -1 1632 1608 1633 -1 1633 1608 1612 -1 1620 1634 1619 -1 1635 1620 1606 -1 1629 1636 1616 -1 1627 1628 1613 -1 1627 1626 1637 -1 1618 1616 1636 -1 1595 1638 1606 -1 1635 1634 1620 -1 1635 1606 1638 -1 1609 1624 1639 -1 1615 1609 1639 -1 1639 1624 1618 -1 1595 1614 1640 -1 1633 1641 1632 -1 1642 1633 1600 -1 1642 1600 1634 -1 1600 1619 1634 -1 1625 1607 1643 -1 1637 1628 1627 -1 1617 1644 1626 -1 1638 1595 1640 -1 1645 1632 1641 -1 1623 1643 1607 -1 1631 1623 1598 -1 1628 1637 1646 -1 1629 1628 1646 -1 1639 1618 1636 -1 1631 1632 1645 -1 1644 1645 1641 -1 1641 1633 1642 -1 1647 1638 1640 -1 1636 1629 1648 -1 1648 1629 1646 -1 1630 1611 1649 -1 1611 1625 1649 -1 1622 1650 1617 -1 1631 1645 1651 -1 1635 1638 1647 -1 1650 1622 1630 -1 1639 1636 1652 -1 1644 1617 1650 -1 1636 1648 1652 -1 1637 1644 1653 -1 1626 1644 1637 -1 1651 1645 1644 -1 1653 1644 1641 -1 1641 1642 1653 -1 1642 1634 1654 -1 1648 1646 1655 -1 1655 1646 1637 -1 1651 1644 1650 -1 1653 1655 1637 -1 1635 1656 1657 -1 1656 1635 1647 -1 1654 1653 1642 -1 1658 1654 1634 -1 1658 1635 1657 -1 1635 1658 1634 -1 1656 1647 1659 -1 1649 1625 1643 -1 1623 1631 1651 -1 1655 1660 1648 -1 1649 1650 1630 -1 1655 1653 1660 -1 1643 1623 1651 -1 1652 1648 1661 -1 1660 1661 1648 -1 1643 1650 1649 -1 1657 1656 1662 -1 1650 1643 1651 -1 1663 1658 1657 -1 1660 1653 1664 -1 1654 1664 1653 -1 1654 1658 1663 -1 1665 1652 1661 -1 1666 1660 1664 -1 1663 1657 1667 -1 1657 1662 1667 -1 1661 1660 1666 -1 1654 1663 1664 -1 1664 1663 1668 -1 1168 1669 1185 -1 1670 1185 1671 -1 1190 1185 1670 -1 1185 1669 1671 -1 1669 1672 1671 -1 1673 1671 1672 -1 1674 1670 1671 -1 1517 1675 1516 -1 1190 1670 1200 -1 1516 1675 1676 -1 1676 1551 1516 -1 1675 1517 1677 -1 1201 1678 1517 -1 1679 1680 1670 -1 1200 1670 1680 -1 1202 1200 1681 -1 1203 1678 1201 -1 1202 1681 1205 -1 1676 1675 1677 -1 1200 1680 1682 -1 1677 1517 1678 -1 1683 1203 1204 -1 1670 1674 1679 -1 1200 1682 1681 -1 1684 1551 1676 -1 1678 1203 1685 -1 1684 1571 1551 -1 1676 1677 1684 -1 1683 1685 1203 -1 1680 1679 1686 -1 1681 1682 1687 -1 1686 1682 1680 -1 1684 1677 1688 -1 1688 1677 1678 -1 1205 1681 1689 -1 1688 1678 1685 -1 1686 1679 1690 -1 1204 1205 1689 -1 1689 1681 1687 -1 1687 1682 1686 -1 1685 1683 1691 -1 1692 1691 1683 -1 1204 1692 1683 -1 1686 1693 1687 -1 1571 1684 1604 -1 1684 1688 1604 -1 1692 1204 1694 -1 1695 1687 1693 -1 1688 1685 1696 -1 1685 1691 1696 -1 1689 1694 1204 -1 1689 1687 1695 -1 1697 1604 1688 -1 1692 1698 1691 -1 1691 1698 1696 -1 1698 1692 1699 -1 1686 1690 1700 -1 1697 1688 1701 -1 1702 1700 1690 -1 1693 1686 1700 -1 1696 1701 1688 -1 1696 1698 1703 -1 1703 1698 1699 -1 1699 1692 1694 -1 1694 1689 1704 -1 1689 1695 1704 -1 1695 1693 1705 -1 1701 1696 1706 -1 1706 1696 1703 -1 1704 1695 1707 -1 1695 1705 1707 -1 1697 1701 1708 -1 1708 1701 1706 -1 1699 1694 1709 -1 1693 1700 1710 -1 1710 1705 1693 -1 1700 1711 1710 -1 1699 1709 1712 -1 1709 1694 1704 -1 1700 1702 1711 -1 1705 1710 1713 -1 1713 1710 1711 -1 1705 1713 1707 -1 1704 1707 1709 -1 1714 1639 1652 -1 1652 1715 1714 -1 1715 1652 1665 -1 1716 1588 1603 -1 1591 1588 1716 -1 1591 1716 1614 -1 1604 1717 1603 -1 1614 1716 1640 -1 1604 1697 1717 -1 1717 1716 1603 -1 1640 1716 1718 -1 1718 1716 1719 -1 1716 1717 1719 -1 1640 1718 1647 -1 1718 1659 1647 -1 1720 1721 1722 -1 1722 1721 1723 -1 1723 1721 1724 -1 1723 1724 1725 -1 1724 1726 1725 -1 1725 1726 1727 -1 1728 1729 1730 -1 1728 1730 1731 -1 1728 1731 1732 -1 1731 1720 1732 -1 1732 1720 1722 -1 1726 1724 1733 -1 1734 1726 1733 -1 1731 1730 1735 -1 1736 1731 1735 -1 1720 1731 1736 -1 1737 1720 1736 -1 1721 1720 1737 -1 1737 1733 1721 -1 1724 1721 1733 -1 1734 1733 1738 -1 1738 1739 1734 -1 1737 1736 1740 -1 1733 1737 1740 -1 1740 1741 1733 -1 1741 1738 1733 -1 1742 1738 1743 -1 1739 1738 1742 -1 1742 1744 1739 -1 1745 1736 1746 -1 1740 1736 1745 -1 1745 1743 1740 -1 1741 1740 1743 -1 1738 1741 1743 -1 1747 1745 1746 -1 1748 1749 1750 -1 1750 1749 1751 -1 1746 1752 1747 -1 1742 1743 1750 -1 1750 1743 1748 -1 1750 1751 1742 -1 1742 1751 1744 -1 1747 1743 1745 -1 1743 1747 1748 -1 1753 1752 1754 -1 1755 1753 1754 -1 1752 1756 1754 -1 1754 1756 1757 -1 1757 1758 1754 -1 1759 1758 1757 -1 1749 1755 1760 -1 1752 1753 1747 -1 1747 1753 1748 -1 1755 1748 1753 -1 1748 1755 1749 -1 1761 1751 1760 -1 1760 1751 1749 -1 1760 1762 1761 -1 1763 1764 1765 -1 1766 1767 1764 -1 1767 1765 1764 -1 1768 1762 1760 -1 1762 1768 1769 -1 1768 1763 1769 -1 1763 1765 1770 -1 1770 1769 1763 -1 1754 1771 1755 -1 1758 1771 1754 -1 1759 1772 1758 -1 1758 1772 1773 -1 1755 1763 1760 -1 1769 1770 1774 -1 1760 1763 1768 -1 1758 1773 1771 -1 1771 1773 1775 -1 1764 1763 1755 -1 1755 1771 1764 -1 1767 1766 1776 -1 1770 1765 1777 -1 1759 1757 1778 -1 1759 1779 1772 -1 1780 1773 1772 -1 1781 1771 1775 -1 1771 1781 1782 -1 1771 1782 1764 -1 1780 1772 1783 -1 1780 1775 1773 -1 1764 1782 1784 -1 1765 1767 1777 -1 1767 1776 1785 -1 1770 1777 1786 -1 1774 1770 1786 -1 1759 1778 1787 -1 1779 1783 1772 -1 1788 1782 1781 -1 1788 1789 1782 -1 1766 1764 1784 -1 1784 1789 1776 -1 1782 1789 1784 -1 1776 1766 1784 -1 1785 1777 1767 -1 1777 1785 1790 -1 1791 1774 1786 -1 1787 1779 1759 -1 1775 1788 1781 -1 1785 1776 1792 -1 1793 1785 1792 -1 1783 1779 1794 -1 1780 1783 1795 -1 1775 1780 1796 -1 1790 1786 1777 -1 1797 1791 1786 -1 1790 1785 1793 -1 1795 1798 1796 -1 1780 1795 1796 -1 1788 1775 1796 -1 1776 1789 1792 -1 1799 1791 1797 -1 1800 1787 1778 -1 1794 1795 1783 -1 1796 1801 1788 -1 1789 1788 1801 -1 1797 1802 1799 -1 1792 1789 1801 -1 1794 1779 1787 -1 1801 1796 1803 -1 1792 1801 1803 -1 1804 1792 1803 -1 1787 1800 1805 -1 1806 1795 1794 -1 1806 1798 1795 -1 1798 1806 1796 -1 1797 1786 1807 -1 1808 1799 1802 -1 1794 1787 1805 -1 1792 1804 1793 -1 1786 1790 1807 -1 1803 1796 1806 -1 1797 1807 1802 -1 1809 1805 1800 -1 1806 1794 1805 -1 1810 1804 1803 -1 1802 1807 1811 -1 1809 1812 1805 -1 1806 1805 1813 -1 1803 1806 1813 -1 1803 1814 1810 -1 1811 1807 1815 -1 1808 1802 1811 -1 1816 1808 1811 -1 1813 1805 1812 -1 1803 1813 1814 -1 1804 1810 1817 -1 1793 1804 1817 -1 1793 1817 1790 -1 1810 1814 1818 -1 1807 1790 1817 -1 1819 1816 1811 -1 1820 1813 1812 -1 1820 1814 1813 -1 1817 1810 1818 -1 1817 1821 1807 -1 1815 1821 1822 -1 1807 1821 1815 -1 1811 1815 1823 -1 1818 1824 1817 -1 1825 1818 1814 -1 1824 1821 1817 -1 1826 1815 1822 -1 1823 1827 1819 -1 1819 1811 1823 -1 1825 1814 1820 -1 1828 1821 1824 -1 1815 1826 1823 -1 1820 1829 1825 -1 1825 1829 1818 -1 1818 1828 1824 -1 1821 1828 1822 -1 1822 1830 1826 -1 1819 1827 1831 -1 1830 1822 1828 -1 1826 1832 1823 -1 1831 1827 1833 -1 1832 1826 1834 -1 1828 1818 1835 -1 1823 1832 1836 -1 1827 1823 1836 -1 1827 1836 1833 -1 1829 1835 1818 -1 1828 1837 1838 -1 1828 1838 1830 -1 1826 1830 1839 -1 1838 1839 1830 -1 1834 1826 1839 -1 1832 1834 1839 -1 1833 1840 1831 -1 1837 1828 1835 -1 1841 1839 1838 -1 1842 1839 1841 -1 1832 1839 1842 -1 1842 1836 1832 -1 1843 1840 1833 -1 1842 1841 1844 -1 1833 1836 1842 -1 1829 1845 1835 -1 1844 1841 1838 -1 1843 1846 1840 -1 1837 1847 1838 -1 1843 1833 1848 -1 1837 1835 1847 -1 1844 1838 1847 -1 1844 1849 1842 -1 1842 1850 1833 -1 1848 1833 1850 -1 1835 1845 1851 -1 1850 1842 1849 -1 1847 1835 1851 -1 1844 1847 1852 -1 1846 1843 1853 -1 1847 1851 1854 -1 1852 1847 1854 -1 1850 1849 1855 -1 1848 1853 1843 -1 1849 1844 1852 -1 1856 1848 1850 -1 1856 1853 1848 -1 1854 1851 1857 -1 1852 1858 1849 -1 1849 1858 1855 -1 1850 1855 1859 -1 1855 1852 1859 -1 1856 1850 1859 -1 1856 1860 1853 -1 1855 1858 1852 -1 1861 1854 1857 -1 1852 1854 1862 -1 1859 1852 1863 -1 1854 1861 1864 -1 1854 1864 1863 -1 1863 1864 1859 -1 1864 1865 1859 -1 1865 1856 1859 -1 1866 1861 1867 -1 1864 1861 1866 -1 1866 1868 1864 -1 1854 1863 1862 -1 1852 1862 1863 -1 1865 1864 1868 -1 1869 1868 1866 -1 1869 1870 1868 -1 1868 1870 1865 -1 1865 1870 1871 -1 1870 1872 1871 -1 1872 1873 1871 -1 1870 1869 1874 -1 1872 1870 1873 -1 1874 1873 1870 -1 1873 1874 1871 -1 1729 1875 1730 -1 1876 1877 1878 -1 1879 1880 1878 -1 1878 1880 1876 -1 1878 1877 1881 -1 1881 1877 1882 -1 1881 1882 1883 -1 1883 1882 1884 -1 1884 1875 1883 -1 1883 1875 1729 -1 1880 1885 1886 -1 1735 1875 1887 -1 1730 1875 1735 -1 1886 1885 1888 -1 1876 1889 1877 -1 1876 1880 1886 -1 1882 1877 1889 -1 1887 1875 1884 -1 1889 1884 1882 -1 1735 1887 1890 -1 1736 1735 1890 -1 1876 1891 1889 -1 1887 1884 1892 -1 1884 1889 1893 -1 1886 1888 1894 -1 1890 1887 1892 -1 1894 1888 1895 -1 1891 1886 1896 -1 1876 1886 1891 -1 1896 1886 1894 -1 1889 1891 1893 -1 1892 1884 1893 -1 1890 1892 1897 -1 1897 1746 1890 -1 1893 1891 1898 -1 1736 1890 1746 -1 1897 1899 1900 -1 1746 1897 1900 -1 1895 1901 1894 -1 1896 1898 1891 -1 1893 1902 1892 -1 1899 1892 1902 -1 1897 1892 1899 -1 1896 1894 1903 -1 1904 1903 1894 -1 1898 1902 1893 -1 1905 1900 1899 -1 1894 1901 1904 -1 1906 1904 1901 -1 1904 1907 1903 -1 1905 1903 1907 -1 1905 1907 1908 -1 1901 1909 1910 -1 1911 1910 1909 -1 1909 1912 1911 -1 1896 1903 1898 -1 1898 1903 1902 -1 1902 1903 1905 -1 1899 1902 1905 -1 1900 1752 1746 -1 1752 1900 1913 -1 1910 1906 1901 -1 1914 1906 1910 -1 1915 1907 1904 -1 1910 1911 1916 -1 1917 1907 1915 -1 1907 1917 1908 -1 1918 1908 1919 -1 1908 1918 1905 -1 1920 1913 1905 -1 1918 1920 1905 -1 1900 1905 1913 -1 1756 1752 1913 -1 1921 1756 1913 -1 1922 1920 1918 -1 1920 1922 1923 -1 1911 1912 1924 -1 1913 1920 1921 -1 1925 1926 1915 -1 1917 1927 1908 -1 1917 1915 1926 -1 1928 1921 1929 -1 1919 1908 1927 -1 1756 1921 1928 -1 1916 1911 1930 -1 1914 1910 1931 -1 1916 1931 1910 -1 1926 1925 1932 -1 1933 1926 1932 -1 1926 1933 1917 -1 1927 1917 1934 -1 1935 1919 1927 -1 1920 1923 1921 -1 1756 1928 1936 -1 1922 1918 1937 -1 1923 1922 1938 -1 1921 1939 1929 -1 1929 1939 1940 -1 1912 1941 1924 -1 1942 1756 1943 -1 1929 1944 1928 -1 1936 1928 1944 -1 1906 1914 1945 -1 1904 1906 1945 -1 1915 1904 1946 -1 1925 1915 1946 -1 1917 1933 1947 -1 1934 1917 1947 -1 1918 1919 1948 -1 1937 1918 1948 -1 1937 1938 1922 -1 1923 1939 1921 -1 1757 1756 1942 -1 1942 1778 1757 -1 1756 1936 1949 -1 1936 1944 1949 -1 1924 1941 1950 -1 1930 1911 1924 -1 1945 1951 1925 -1 1945 1914 1951 -1 1904 1945 1946 -1 1945 1925 1946 -1 1933 1932 1952 -1 1916 1953 1931 -1 1916 1930 1953 -1 1932 1925 1954 -1 1931 1955 1914 -1 1952 1932 1954 -1 1919 1935 1948 -1 1938 1939 1923 -1 1929 1940 1944 -1 1778 1942 1956 -1 1949 1943 1756 -1 1937 1948 1938 -1 1938 1948 1957 -1 1958 1944 1940 -1 1949 1944 1959 -1 1950 1941 1960 -1 1951 1914 1955 -1 1954 1925 1951 -1 1955 1931 1953 -1 1952 1961 1933 -1 1933 1961 1962 -1 1947 1933 1963 -1 1964 1947 1965 -1 1927 1934 1935 -1 1939 1958 1940 -1 1944 1958 1966 -1 1943 1949 1967 -1 1959 1944 1966 -1 1968 1969 1953 -1 1950 1930 1924 -1 1970 1955 1953 -1 1965 1947 1963 -1 1971 1934 1947 -1 1964 1971 1947 -1 1935 1934 1964 -1 1968 1953 1930 -1 1951 1955 1972 -1 1973 1951 1972 -1 1954 1951 1973 -1 1954 1970 1969 -1 1939 1938 1957 -1 1963 1933 1974 -1 1935 1964 1975 -1 1943 1967 1942 -1 1967 1949 1959 -1 1955 1970 1972 -1 1970 1954 1973 -1 1969 1970 1953 -1 1954 1969 1952 -1 1958 1939 1957 -1 1962 1961 1952 -1 1964 1934 1971 -1 1965 1976 1964 -1 1975 1964 1976 -1 1935 1975 1948 -1 1950 1960 1977 -1 1930 1950 1978 -1 1973 1972 1970 -1 1969 1968 1979 -1 1952 1969 1979 -1 1979 1980 1952 -1 1974 1933 1962 -1 1962 1952 1980 -1 1957 1948 1981 -1 1956 1942 1967 -1 1778 1956 1800 -1 1978 1950 1977 -1 1930 1978 1968 -1 1979 1968 1982 -1 1948 1975 1976 -1 1976 1981 1948 -1 1981 1983 1957 -1 1958 1957 1983 -1 1982 1968 1978 -1 1966 1958 1983 -1 1965 1963 1984 -1 1985 1959 1966 -1 1960 1986 1977 -1 1956 1967 1987 -1 1974 1962 1980 -1 1984 1963 1974 -1 1965 1984 1976 -1 1978 1977 1988 -1 1988 1982 1978 -1 1976 1984 1981 -1 1966 1983 1989 -1 1985 1966 1989 -1 1987 1990 1956 -1 1967 1959 1987 -1 1800 1956 1809 -1 1986 1991 1977 -1 1988 1977 1991 -1 1980 1992 1974 -1 1959 1985 1987 -1 1980 1979 1982 -1 1983 1981 1993 -1 1989 1983 1993 -1 1991 1986 1994 -1 1982 1995 1980 -1 1992 1980 1995 -1 1984 1974 1992 -1 1990 1987 1996 -1 1809 1956 1997 -1 1982 1988 1998 -1 1995 1982 1999 -1 1993 1981 2000 -1 2001 1985 1989 -1 1987 1985 2002 -1 1956 1990 1997 -1 1988 1991 2003 -1 1998 1988 2003 -1 1981 1984 2000 -1 1992 2000 1984 -1 1989 1993 2004 -1 2004 2001 1989 -1 1996 1987 2002 -1 2002 1985 2001 -1 2005 1991 1994 -1 2005 2003 1991 -1 1999 1982 1998 -1 1809 1997 2006 -1 2000 2004 1993 -1 1996 2007 1990 -1 1995 2008 1992 -1 2000 1992 2008 -1 1997 2009 2006 -1 1994 2010 2005 -1 2011 1809 2006 -1 1812 1809 2011 -1 1998 2012 1999 -1 1996 2002 2013 -1 1997 1990 2007 -1 1820 1812 2011 -1 2014 2012 1998 -1 1995 1999 2015 -1 2004 2000 2016 -1 2008 2017 2016 -1 2001 2004 2018 -1 2019 2007 1996 -1 2003 2005 2010 -1 2015 1999 2012 -1 2015 2008 1995 -1 2016 2000 2008 -1 2016 2018 2004 -1 2002 2001 2020 -1 2020 2013 2002 -1 2019 1996 2021 -1 2009 1997 2007 -1 2018 2020 2001 -1 1996 2013 2021 -1 2006 2009 2011 -1 2014 1998 2022 -1 2022 1998 2023 -1 2003 2023 1998 -1 2007 2019 2009 -1 2011 2009 2024 -1 2023 2003 2010 -1 2012 2025 2015 -1 2015 2017 2008 -1 1820 2011 2024 -1 2012 2014 2025 -1 2026 2018 2016 -1 2016 2017 2026 -1 1829 1820 2024 -1 2022 2027 2014 -1 2020 2018 2028 -1 2021 2013 2020 -1 2009 2019 2029 -1 2027 2025 2014 -1 2027 2022 2023 -1 2021 2030 2019 -1 2030 2029 2019 -1 2021 2020 2028 -1 2024 2009 2029 -1 2018 2026 2031 -1 2023 2010 2032 -1 2015 2025 2033 -1 2033 2017 2015 -1 2030 2021 2028 -1 1829 2024 1845 -1 2029 2030 2034 -1 2018 2031 2028 -1 2035 2025 2027 -1 2027 2023 2036 -1 2033 2026 2017 -1 2036 2035 2027 -1 2023 2032 2036 -1 2037 2034 2030 -1 2029 2038 2024 -1 2038 1845 2024 -1 2025 2039 2033 -1 2026 2040 2031 -1 2033 2040 2026 -1 2041 2030 2028 -1 2039 2025 2035 -1 2042 2028 2031 -1 2030 2041 2037 -1 2042 2041 2028 -1 2041 2042 2043 -1 2038 2029 2034 -1 2038 2034 2044 -1 2045 1851 2038 -1 1845 2038 1851 -1 2046 2040 2033 -1 2043 2037 2041 -1 2043 2042 2047 -1 2037 2043 2048 -1 2034 2037 2048 -1 2045 2038 2044 -1 2039 2046 2033 -1 2040 2049 2031 -1 2047 2042 2050 -1 2035 2051 2039 -1 2036 2032 2052 -1 2049 2042 2031 -1 2034 2048 2044 -1 2045 1857 1851 -1 2051 2046 2039 -1 2049 2040 2046 -1 2049 2050 2042 -1 2048 2043 2053 -1 2047 2053 2043 -1 2045 2044 2054 -1 2035 2036 2052 -1 2055 2035 2052 -1 2046 2056 2049 -1 2050 2049 2057 -1 2058 2044 2048 -1 2054 2047 2059 -1 2045 2054 2060 -1 2060 1857 2045 -1 2051 2056 2046 -1 2056 2051 2061 -1 2062 2063 2052 -1 2052 2063 2055 -1 2055 2061 2051 -1 2051 2035 2055 -1 2057 2049 2056 -1 2050 2057 2059 -1 2050 2059 2047 -1 2047 2054 2064 -1 2054 2058 2064 -1 2044 2058 2054 -1 2054 2059 2060 -1 2065 2066 2067 -1 2068 2066 2069 -1 2069 2066 2070 -1 2070 2066 2065 -1 2071 2056 2061 -1 2061 2072 2071 -1 2055 2072 2061 -1 2068 2072 2055 -1 2072 2068 2069 -1 2056 2071 2073 -1 2074 2056 2073 -1 2075 2063 2062 -1 2063 2068 2055 -1 2057 2056 2074 -1 2074 2059 2057 -1 2066 2068 2063 -1 2059 2074 2076 -1 2063 2075 2066 -1 2053 2064 2048 -1 2058 2048 2064 -1 2047 2064 2053 -1 2059 2076 2077 -1 2059 2077 2060 -1 2077 1861 2060 -1 2060 1861 1857 -1 2072 2078 2071 -1 2073 2071 2078 -1 2078 2079 2073 -1 2074 2073 2079 -1 2080 2074 2079 -1 2076 2074 2080 -1 2080 1867 2076 -1 2077 2076 1867 -1 1861 2077 1867 -1 2081 1866 1867 -1 2082 2078 2083 -1 2080 2084 1867 -1 2085 2072 2069 -1 2086 2085 2069 -1 2087 2086 2065 -1 2072 2083 2078 -1 2070 2065 2086 -1 2080 2079 2082 -1 2080 2088 2084 -1 2081 1869 1866 -1 2079 2078 2082 -1 2081 1867 2084 -1 2085 2083 2072 -1 2070 2086 2069 -1 2088 2080 2082 -1 2081 2084 2089 -1 2085 2086 2090 -1 2088 2082 2091 -1 2090 2086 2092 -1 2084 2088 2093 -1 2083 2085 2094 -1 2082 2083 2095 -1 1869 2081 2096 -1 2086 2087 2097 -1 2081 2089 2098 -1 2098 2096 2081 -1 2094 2095 2083 -1 2095 2091 2082 -1 2097 2087 2099 -1 2100 2084 2093 -1 2085 2090 2094 -1 2097 2092 2086 -1 2089 2084 2100 -1 2094 2101 2095 -1 2088 2091 2102 -1 2102 2093 2088 -1 2103 2089 2100 -1 2098 2089 2103 -1 1869 2096 1874 -1 2090 2101 2094 -1 2101 2090 2104 -1 2105 2101 2104 -1 2106 2105 2107 -1 2105 2108 2101 -1 2095 2101 2108 -1 2108 2105 2109 -1 2095 2108 2091 -1 2108 2109 2110 -1 2090 2111 2104 -1 2090 2092 2112 -1 2090 2112 2111 -1 2105 2104 2107 -1 2113 2111 2112 -1 2111 2113 2114 -1 2112 2115 2113 -1 2113 2115 2116 -1 2114 2113 2117 -1 2116 2117 2113 -1 2117 2116 2118 -1 2092 2097 2112 -1 2119 2112 2097 -1 2112 2119 2115 -1 2091 2108 2102 -1 2110 2102 2108 -1 2120 2110 2109 -1 2097 2099 2119 -1 2121 2115 2119 -1 2119 2099 2121 -1 2093 2102 2122 -1 2110 2122 2102 -1 2116 2115 2123 -1 2110 2124 2122 -1 2123 2115 2121 -1 2118 2116 2125 -1 2116 2123 2125 -1 2122 2100 2093 -1 2100 2122 2103 -1 2120 2126 2110 -1 2127 2110 2126 -1 2127 2126 2128 -1 2127 2128 2129 -1 2127 2124 2110 -1 2130 2127 2129 -1 2124 2127 2130 -1 2130 2131 2124 -1 2124 2131 2132 -1 2133 2098 2103 -1 2096 2098 2133 -1 2106 2134 2105 -1 2109 2105 2134 -1 2135 2109 2134 -1 2111 2107 2104 -1 2109 2135 2120 -1 2125 2123 2136 -1 2122 2124 2132 -1 2131 2137 2132 -1 2131 2138 2139 -1 2139 2137 2131 -1 2132 2103 2122 -1 2103 2132 2140 -1 2103 2140 2133 -1 2140 2132 2137 -1 2131 2130 2138 -1 2134 2141 2135 -1 2111 2114 2142 -1 2120 2135 2141 -1 2129 2128 2143 -1 2129 2144 2130 -1 2106 2107 2145 -1 2134 2106 2145 -1 2118 2125 2146 -1 2128 2126 2147 -1 2118 2148 2117 -1 2143 2144 2129 -1 2146 2125 2136 -1 2138 2130 2149 -1 2141 2126 2120 -1 2117 2150 2114 -1 2134 2145 2151 -1 2134 2151 2152 -1 2118 2146 2148 -1 2143 2128 2147 -1 2144 2149 2130 -1 2134 2152 2141 -1 2145 2107 2142 -1 2114 2150 2142 -1 2141 2147 2126 -1 2150 2117 2153 -1 2136 2154 2146 -1 2111 2142 2107 -1 2154 2136 2155 -1 2142 2156 2145 -1 2151 2145 2156 -1 2153 2117 2148 -1 2143 2157 2158 -1 2144 2143 2158 -1 2157 2143 2147 -1 2151 2156 2159 -1 2151 2159 2152 -1 2160 2152 2159 -1 2141 2152 2160 -1 2146 2161 2148 -1 2156 2162 2159 -1 2162 2163 2159 -1 2156 2164 2162 -1 2156 2142 2164 -1 2164 2142 2165 -1 2142 2150 2165 -1 2150 2153 2166 -1 2162 2167 2163 -1 2141 2160 2168 -1 2147 2141 2168 -1 2147 2168 2169 -1 2147 2169 2170 -1 2170 2157 2147 -1 2166 2153 2171 -1 2170 2158 2157 -1 2172 2158 2170 -1 2163 2160 2159 -1 2171 2153 2173 -1 2174 2154 2175 -1 2148 2173 2153 -1 2154 2155 2175 -1 2176 2175 2155 -1 2173 2148 2161 -1 2174 2161 2146 -1 2172 2144 2158 -1 2154 2174 2146 -1 2144 2172 2177 -1 2144 2177 2149 -1 2166 2165 2150 -1 2162 2165 2167 -1 2164 2165 2162 -1 2175 2176 2178 -1 2177 2172 2179 -1 2180 2160 2163 -1 2181 2160 2180 -1 2160 2181 2168 -1 2169 2168 2182 -1 2170 2169 2183 -1 2171 2184 2166 -1 2182 2168 2181 -1 2173 2161 2185 -1 2161 2174 2185 -1 2186 2175 2178 -1 2174 2175 2186 -1 2172 2170 2183 -1 2172 2183 2179 -1 2166 2167 2165 -1 2187 2167 2166 -1 2166 2184 2187 -1 2163 2167 2180 -1 2185 2174 2186 -1 2169 2182 2188 -1 2188 2189 2169 -1 2183 2169 2189 -1 2187 2190 2167 -1 2167 2190 2180 -1 2171 2173 2184 -1 2173 2185 2191 -1 2181 2180 2192 -1 2182 2181 2192 -1 2182 2193 2188 -1 2179 2183 2194 -1 2195 2196 2178 -1 2197 2190 2187 -1 2184 2173 2198 -1 2199 2186 2196 -1 2186 2178 2196 -1 2183 2189 2194 -1 2200 2197 2187 -1 2180 2190 2197 -1 2198 2173 2191 -1 2186 2199 2185 -1 2194 2201 2179 -1 2187 2184 2202 -1 2203 2180 2197 -1 2191 2185 2199 -1 2199 2196 2204 -1 2189 2188 2205 -1 2184 2198 2202 -1 2196 2195 2206 -1 2192 2180 2203 -1 2200 2187 2202 -1 2194 2189 2205 -1 2192 2203 2207 -1 2182 2192 2193 -1 2191 2199 2208 -1 2188 2193 2209 -1 2196 2206 2204 -1 2206 2210 2211 -1 2212 2210 2206 -1 2213 2197 2200 -1 2204 2214 2199 -1 2205 2188 2209 -1 2215 2205 2216 -1 2194 2205 2215 -1 2201 2194 2215 -1 2206 2211 2204 -1 2207 2203 2217 -1 2218 2210 2212 -1 2216 2205 2209 -1 2219 2211 2210 -1 2213 2203 2197 -1 2217 2203 2213 -1 2211 2220 2204 -1 2200 2202 2213 -1 2219 2210 2221 -1 2204 2222 2214 -1 2213 2202 2223 -1 2220 2211 2219 -1 2221 2210 2218 -1 2192 2207 2224 -1 2193 2192 2224 -1 2214 2208 2199 -1 2222 2204 2225 -1 2226 2193 2224 -1 2209 2193 2226 -1 2227 2215 2216 -1 2225 2204 2220 -1 2217 2213 2228 -1 2198 2229 2202 -1 2207 2217 2224 -1 2229 2198 2191 -1 2216 2209 2227 -1 2219 2230 2220 -1 2219 2221 2231 -1 2224 2217 2232 -1 2191 2208 2233 -1 2208 2214 2222 -1 2227 2234 2215 -1 2229 2191 2233 -1 2227 2209 2226 -1 2223 2202 2235 -1 2236 2202 2229 -1 2219 2237 2230 -1 2237 2219 2231 -1 2224 2232 2226 -1 2208 2222 2233 -1 2238 2234 2239 -1 2225 2220 2240 -1 2236 2235 2202 -1 2222 2225 2241 -1 2227 2226 2242 -1 2228 2213 2243 -1 2234 2227 2242 -1 2242 2239 2234 -1 2217 2228 2244 -1 2213 2223 2243 -1 2220 2230 2240 -1 2231 2221 2245 -1 2226 2232 2246 -1 2242 2226 2246 -1 2225 2247 2241 -1 2244 2232 2217 -1 2243 2223 2235 -1 2236 2229 2248 -1 2229 2233 2249 -1 2225 2240 2247 -1 2230 2237 2250 -1 2241 2251 2222 -1 2243 2252 2228 -1 2240 2230 2250 -1 2244 2228 2252 -1 2237 2231 2245 -1 2233 2222 2253 -1 2247 2251 2241 -1 2240 2250 2254 -1 2233 2253 2249 -1 2253 2222 2251 -1 2240 2254 2247 -1 2250 2237 2255 -1 2256 2232 2244 -1 2250 2257 2254 -1 2250 2255 2257 -1 2258 2243 2235 -1 2248 2229 2249 -1 2254 2251 2247 -1 2237 2245 2259 -1 2232 2256 2260 -1 2246 2232 2260 -1 2245 2261 2262 -1 2258 2235 2263 -1 2252 2243 2258 -1 2235 2236 2263 -1 2249 2253 2264 -1 2253 2251 2254 -1 2259 2255 2237 -1 2245 2262 2259 -1 2258 2263 2265 -1 2248 2249 2264 -1 2266 2254 2257 -1 2263 2236 2248 -1 2257 2255 2267 -1 2253 2254 2268 -1 2263 2248 2269 -1 2248 2264 2269 -1 2270 2269 2264 -1 2254 2266 2268 -1 2252 2258 2271 -1 2244 2252 2272 -1 2272 2273 2244 -1 2256 2244 2273 -1 2257 2267 2266 -1 2271 2258 2265 -1 2264 2253 2274 -1 2252 2271 2272 -1 2266 2267 2275 -1 2267 2255 2259 -1 2259 2262 2276 -1 2259 2276 2267 -1 2274 2253 2268 -1 2265 2263 2277 -1 2269 2277 2263 -1 2270 2264 2278 -1 2264 2279 2278 -1 2274 2279 2264 -1 2269 2270 2280 -1 2268 2266 2281 -1 2281 2266 2275 -1 2273 2272 2282 -1 2278 2280 2270 -1 2274 2268 2281 -1 2275 2267 2276 -1 2271 2283 2272 -1 2265 2277 2284 -1 2269 2280 2277 -1 2285 2278 2279 -1 2274 2285 2279 -1 2282 2272 2286 -1 2271 2265 2284 -1 2281 2285 2274 -1 2283 2286 2272 -1 2271 2284 2287 -1 2283 2271 2287 -1 2286 2283 2287 -1 2287 2288 2286 -1 2067 2289 2065 -1 2289 2290 2291 -1 2292 2291 2290 -1 2290 2293 2292 -1 2289 2294 2290 -1 2293 2290 2294 -1 2292 2295 2291 -1 2291 2087 2289 -1 2065 2289 2087 -1 2295 2087 2291 -1 2295 2292 2296 -1 2295 2296 2297 -1 2298 2295 2297 -1 2298 2099 2087 -1 2087 2295 2298 -1 2123 2121 2299 -1 2099 2298 2121 -1 2123 2299 2136 -1 2298 2297 2300 -1 2301 2299 2121 -1 2301 2121 2298 -1 2300 2301 2298 -1 2301 2302 2299 -1 2136 2299 2303 -1 2299 2302 2303 -1 2136 2303 2155 -1 2304 2303 2302 -1 2304 2305 2303 -1 2155 2303 2305 -1 2305 2306 2155 -1 2307 2306 2305 -1 2308 2176 2306 -1 2306 2176 2155 -1 2306 2307 2308 -1 2309 2176 2308 -1 2176 2309 2178 -1 2310 2309 2308 -1 2178 2309 2195 -1 2309 2310 2311 -1 2195 2309 2312 -1 2311 2312 2309 -1 2206 2195 2312 -1 2312 2212 2206 -1 2311 2313 2312 -1 2312 2313 2212 -1 2218 2212 2314 -1 2212 2313 2314 -1 2315 2218 2314 -1 2221 2218 2315 -1 2245 2221 2315 -1 2316 2315 2314 -1 2245 2315 2317 -1 2261 2245 2317 -1 2317 2315 2316 -1 2316 2318 2317 -1 2318 2316 2319 -1 2317 2318 2261 -1 2262 2261 2318 -1 2320 2321 2322 -1 2323 2321 2320 -1 2322 2321 2324 -1 2321 2323 2325 -1 2324 2321 2326 -1 2321 2325 2326 -1 2327 2325 2328 -1 2326 2325 2327 -1 2327 2329 2326 -1 2328 2330 2331 -1 2328 2331 2332 -1 2328 2332 2327 -1 2333 2334 2331 -1 2331 2335 2332 -1 2335 2336 2332 -1 2336 2327 2332 -1 2329 2327 2336 -1 2336 2337 2329 -1 2337 2338 2329 -1 2333 2339 2334 -1 2334 2340 2331 -1 2340 2335 2331 -1 2340 2341 2335 -1 2336 2335 2341 -1 2342 2336 2341 -1 2337 2336 2342 -1 2342 2343 2337 -1 2338 2337 2343 -1 2334 2339 2344 -1 2345 2343 2342 -1 2334 2346 2340 -1 2341 2340 2346 -1 2341 2346 2342 -1 2346 2347 2342 -1 2345 2342 2347 -1 2343 2345 2348 -1 2338 2343 2348 -1 2346 2334 2344 -1 2344 2339 2349 -1 2344 2350 2346 -1 2347 2346 2351 -1 2349 2352 2344 -1 2347 2353 2345 -1 2354 2352 2349 -1 2351 2346 2350 -1 2348 2345 2355 -1 2344 2352 2356 -1 2351 2353 2347 -1 2345 2353 2355 -1 2355 2357 2348 -1 2356 2350 2344 -1 2350 2358 2351 -1 2353 2351 2358 -1 2358 2359 2353 -1 2355 2353 2359 -1 2360 2352 2354 -1 2361 2362 2363 -1 2356 2364 2365 -1 2360 2364 2356 -1 2366 2356 2365 -1 2356 2366 2358 -1 2350 2356 2358 -1 2367 2358 2366 -1 2358 2367 2359 -1 2368 2367 2369 -1 2367 2368 2359 -1 2360 2361 2363 -1 2364 2360 2363 -1 2356 2352 2360 -1 2367 2366 2369 -1 2370 2365 2364 -1 2366 2365 2370 -1 2369 2366 2370 -1 2363 2362 2371 -1 2363 2371 2370 -1 2364 2363 2370 -1 2369 2370 2372 -1 2373 2374 2375 -1 2373 2375 2376 -1 2375 2377 2376 -1 2375 2374 2378 -1 2379 2375 2378 -1 2378 2374 2322 -1 2380 2377 2375 -1 2379 2324 2375 -1 2379 2378 2322 -1 2324 2380 2375 -1 2324 2379 2322 -1 2324 2381 2380 -1 2381 2324 2326 -1 2380 2381 2382 -1 2381 2326 2329 -1 2329 2383 2381 -1 2382 2381 2384 -1 2384 2381 2383 -1 2329 2338 2383 -1 2383 2338 2385 -1 2385 2384 2383 -1 2385 2386 2384 -1 2387 2388 2385 -1 2386 2385 2389 -1 2385 2338 2387 -1 2388 2389 2385 -1 2387 2338 2348 -1 2348 2357 2387 -1 2389 2388 2390 -1 2390 2391 2389 -1 2387 2357 2388 -1 2392 2393 2394 -1 2392 2395 2393 -1 2393 2395 2396 -1 2395 2397 2396 -1 2398 2393 2390 -1 2393 2396 2390 -1 2391 2390 2396 -1 2395 2392 2399 -1 2395 2399 2397 -1 2400 2397 2399 -1 2357 2398 2388 -1 2398 2390 2388 -1 2399 2401 2400 -1 2392 2402 2399 -1 2392 2394 2402 -1 2401 2399 2402 -1 2354 2403 2360 -1 2404 2405 2361 -1 2404 2360 2403 -1 2404 2361 2360 -1 2406 2407 2408 -1 2405 2406 2409 -1 2405 2410 2361 -1 2405 2409 2410 -1 2409 2406 2408 -1 2411 2361 2410 -1 2361 2411 2362 -1 2408 2407 2412 -1 2409 2408 2413 -1 2412 2407 2414 -1 2408 2415 2413 -1 2362 2411 2416 -1 2412 2415 2408 -1 2409 2413 2410 -1 2410 2416 2411 -1 2412 2414 2417 -1 2413 2416 2410 -1 2415 2412 2417 -1 2417 2418 2419 -1 2417 2419 2415 -1 2415 2419 2420 -1 2415 2420 2413 -1 2419 2418 2421 -1 2420 2419 2421 -1 2422 2423 2418 -1 2423 2424 2418 -1 2421 2418 2424 -1 2423 2422 2425 -1 2426 2425 2422 -1 2425 2427 2423 -1 2424 2423 2428 -1 2429 2428 2427 -1 2427 2428 2423 -1 2430 2431 2426 -1 2431 2432 2426 -1 2425 2426 2432 -1 2433 2430 2426 -1 2434 2431 2430 -1 2430 2433 2435 -1 2436 2432 2431 -1 2425 2432 2437 -1 2438 2428 2429 -1 2430 2435 2434 -1 2431 2434 2436 -1 2437 2432 2436 -1 2425 2437 2427 -1 2433 2439 2435 -1 2437 2440 2427 -1 2436 2440 2437 -1 2441 2438 2429 -1 2442 2435 2439 -1 2436 2434 2443 -1 2440 2436 2443 -1 2442 2439 2444 -1 2434 2435 2442 -1 2427 2440 2429 -1 2445 2444 2446 -1 2443 2434 2447 -1 2442 2447 2434 -1 2448 2440 2443 -1 2448 2449 2440 -1 2443 2447 2450 -1 2450 2448 2443 -1 2449 2451 2440 -1 2429 2440 2451 -1 2444 2445 2452 -1 2442 2444 2453 -1 2447 2442 2454 -1 2446 2455 2445 -1 2442 2453 2454 -1 2449 2448 2456 -1 2453 2444 2452 -1 2454 2453 2457 -1 2456 2448 2450 -1 2450 2447 2458 -1 2445 2455 2459 -1 2452 2445 2459 -1 2457 2453 2452 -1 2447 2454 2460 -1 2458 2447 2460 -1 2450 2458 2461 -1 2460 2454 2457 -1 2456 2450 2461 -1 2459 2462 2452 -1 2457 2452 2463 -1 2460 2457 2463 -1 2464 2465 2466 -1 2452 2462 2463 -1 2459 2464 2462 -1 2466 2465 2467 -1 2466 2468 2464 -1 2464 2468 2462 -1 2469 2462 2468 -1 2470 2466 2467 -1 2462 2469 2471 -1 2471 2463 2462 -1 2460 2463 2472 -1 2472 2463 2471 -1 2466 2473 2468 -1 2468 2474 2469 -1 2473 2466 2470 -1 2475 2468 2473 -1 2476 2477 2478 -1 2479 2476 2478 -1 2474 2468 2475 -1 2474 2480 2469 -1 2471 2469 2480 -1 2477 2476 2481 -1 2471 2480 2482 -1 2483 2484 2477 -1 2470 2485 2473 -1 2475 2473 2486 -1 2486 2487 2475 -1 2475 2487 2488 -1 2474 2475 2488 -1 2488 2489 2474 -1 2480 2474 2489 -1 2490 2470 2467 -1 2482 2480 2489 -1 2486 2473 2485 -1 2487 2486 2488 -1 2481 2476 2491 -1 2476 2479 2491 -1 2492 2491 2479 -1 2479 2493 2492 -1 2494 2470 2490 -1 2495 2477 2481 -1 2495 2481 2486 -1 2486 2481 2496 -1 2496 2481 2491 -1 2489 2497 2482 -1 2484 2483 2498 -1 2483 2477 2495 -1 2488 2486 2496 -1 2483 2499 2498 -1 2482 2497 2500 -1 2486 2485 2495 -1 2499 2483 2501 -1 2483 2495 2501 -1 2485 2470 2502 -1 2494 2502 2470 -1 2495 2485 2501 -1 2502 2499 2501 -1 2502 2501 2485 -1 2398 2503 2504 -1 2393 2398 2504 -1 2505 2506 2507 -1 2507 2506 2508 -1 2505 2509 2506 -1 2510 2508 2506 -1 2506 2509 2510 -1 2504 2394 2393 -1 2511 2503 2510 -1 2503 2398 2510 -1 2510 2509 2511 -1 2508 2368 2507 -1 2508 2359 2368 -1 2355 2359 2508 -1 2355 2508 2510 -1 2510 2398 2357 -1 2357 2355 2510 -1 2512 2507 2368 -1 2503 2513 2504 -1 2509 2505 2514 -1 2511 2509 2514 -1 2368 2369 2512 -1 2401 2402 2515 -1 2507 2512 2516 -1 2507 2516 2505 -1 2511 2513 2503 -1 2512 2369 2517 -1 2416 2371 2362 -1 2402 2394 2518 -1 2516 2514 2505 -1 2370 2371 2519 -1 2514 2520 2511 -1 2513 2511 2520 -1 2517 2369 2521 -1 2394 2504 2518 -1 2520 2514 2522 -1 2369 2523 2521 -1 2524 2525 2513 -1 2369 2372 2523 -1 2512 2517 2516 -1 2520 2524 2513 -1 2504 2513 2525 -1 2526 2401 2515 -1 2525 2518 2504 -1 2416 2519 2371 -1 2514 2516 2522 -1 2519 2372 2370 -1 2527 2525 2524 -1 2527 2528 2525 -1 2528 2529 2525 -1 2518 2525 2529 -1 2522 2530 2531 -1 2516 2532 2530 -1 2522 2516 2530 -1 2527 2520 2531 -1 2529 2533 2518 -1 2531 2520 2522 -1 2518 2533 2402 -1 2533 2534 2515 -1 2515 2402 2533 -1 2520 2527 2524 -1 2535 2536 2372 -1 2515 2534 2526 -1 2534 2537 2526 -1 2523 2372 2536 -1 2523 2536 2538 -1 2521 2523 2539 -1 2540 2517 2539 -1 2539 2517 2521 -1 2535 2372 2519 -1 2413 2420 2541 -1 2413 2541 2416 -1 2416 2541 2542 -1 2519 2416 2542 -1 2519 2542 2543 -1 2544 2532 2517 -1 2526 2537 2545 -1 2517 2532 2516 -1 2531 2530 2546 -1 2547 2527 2531 -1 2538 2548 2523 -1 2523 2548 2539 -1 2544 2517 2540 -1 2542 2541 2549 -1 2519 2543 2550 -1 2550 2535 2519 -1 2538 2535 2550 -1 2536 2535 2538 -1 2540 2539 2548 -1 2537 2534 2551 -1 2541 2420 2552 -1 2553 2549 2541 -1 2529 2528 2554 -1 2555 2529 2554 -1 2555 2533 2529 -1 2551 2534 2533 -1 2556 2545 2537 -1 2542 2557 2543 -1 2528 2527 2558 -1 2544 2540 2559 -1 2558 2527 2547 -1 2528 2558 2554 -1 2557 2542 2549 -1 2543 2557 2550 -1 2548 2559 2540 -1 2547 2531 2546 -1 2551 2533 2555 -1 2556 2537 2560 -1 2553 2541 2552 -1 2548 2538 2561 -1 2559 2548 2561 -1 2532 2544 2562 -1 2530 2532 2562 -1 2537 2551 2560 -1 2420 2563 2552 -1 2538 2550 2561 -1 2421 2563 2420 -1 2557 2549 2564 -1 2561 2550 2557 -1 2562 2546 2530 -1 2565 2562 2544 -1 2544 2559 2565 -1 2555 2554 2566 -1 2551 2555 2566 -1 2551 2567 2560 -1 2568 2549 2553 -1 2546 2562 2569 -1 2570 2554 2558 -1 2571 2554 2570 -1 2566 2554 2571 -1 2563 2421 2424 -1 2547 2572 2558 -1 2547 2546 2572 -1 2569 2562 2573 -1 2572 2546 2569 -1 2551 2566 2567 -1 2553 2574 2568 -1 2557 2564 2575 -1 2559 2561 2576 -1 2570 2558 2577 -1 2563 2424 2578 -1 2564 2549 2568 -1 2557 2575 2561 -1 2579 2562 2565 -1 2571 2570 2580 -1 2565 2559 2581 -1 2566 2582 2567 -1 2583 2556 2560 -1 2578 2424 2584 -1 2553 2552 2574 -1 2576 2561 2585 -1 2576 2581 2559 -1 2573 2562 2579 -1 2586 2587 2572 -1 2558 2572 2587 -1 2566 2571 2588 -1 2588 2582 2566 -1 2584 2424 2428 -1 2589 2564 2568 -1 2561 2575 2585 -1 2587 2577 2558 -1 2590 2563 2578 -1 2552 2563 2590 -1 2574 2552 2590 -1 2591 2587 2592 -1 2593 2587 2591 -1 2577 2587 2593 -1 2594 2569 2595 -1 2586 2569 2594 -1 2572 2569 2586 -1 2577 2580 2570 -1 2588 2571 2596 -1 2597 2582 2588 -1 2598 2567 2582 -1 2584 2428 2438 -1 2567 2583 2560 -1 2584 2599 2578 -1 2600 2578 2599 -1 2578 2601 2590 -1 2589 2568 2602 -1 2564 2589 2575 -1 2595 2569 2573 -1 2603 2586 2594 -1 2603 2592 2586 -1 2586 2592 2587 -1 2596 2604 2588 -1 2605 2599 2584 -1 2598 2583 2567 -1 2578 2600 2601 -1 2606 2590 2601 -1 2576 2585 2581 -1 2607 2579 2565 -1 2565 2581 2607 -1 2580 2577 2608 -1 2596 2571 2580 -1 2584 2438 2605 -1 2609 2588 2604 -1 2585 2575 2610 -1 2582 2597 2611 -1 2612 2582 2611 -1 2598 2582 2612 -1 2603 2594 2613 -1 2591 2614 2593 -1 2581 2615 2607 -1 2597 2588 2609 -1 2575 2589 2616 -1 2610 2575 2616 -1 2599 2605 2617 -1 2599 2618 2600 -1 2601 2619 2620 -1 2620 2606 2601 -1 2574 2602 2568 -1 2594 2595 2621 -1 2595 2573 2622 -1 2579 2623 2573 -1 2624 2592 2603 -1 2591 2592 2614 -1 2581 2585 2625 -1 2577 2626 2608 -1 2611 2597 2609 -1 2598 2627 2583 -1 2601 2600 2619 -1 2574 2590 2606 -1 2623 2622 2573 -1 2622 2621 2595 -1 2624 2603 2613 -1 2577 2593 2626 -1 2608 2628 2580 -1 2618 2599 2617 -1 2629 2612 2611 -1 2619 2600 2618 -1 2612 2630 2598 -1 2592 2624 2631 -1 2614 2592 2631 -1 2613 2594 2621 -1 2593 2614 2632 -1 2580 2628 2596 -1 2628 2604 2596 -1 2610 2616 2633 -1 2585 2610 2625 -1 2441 2617 2605 -1 2627 2598 2630 -1 2615 2581 2625 -1 2626 2593 2632 -1 2605 2438 2441 -1 2618 2634 2619 -1 2635 2606 2620 -1 2574 2606 2635 -1 2619 2636 2620 -1 2632 2614 2631 -1 2604 2628 2637 -1 2638 2639 2607 -1 2611 2609 2640 -1 2640 2629 2611 -1 2583 2627 2630 -1 2641 2612 2629 -1 2642 2632 2631 -1 2621 2643 2613 -1 2579 2607 2639 -1 2638 2607 2615 -1 2441 2644 2617 -1 2620 2636 2635 -1 2621 2622 2645 -1 2623 2645 2622 -1 2643 2621 2646 -1 2640 2647 2629 -1 2639 2623 2579 -1 2616 2589 2648 -1 2612 2641 2630 -1 2618 2617 2649 -1 2636 2619 2634 -1 2635 2636 2650 -1 2651 2574 2635 -1 2646 2621 2645 -1 2613 2652 2653 -1 2654 2630 2655 -1 2613 2653 2624 -1 2616 2648 2633 -1 2636 2634 2656 -1 2636 2656 2650 -1 2589 2602 2648 -1 2637 2628 2608 -1 2609 2604 2657 -1 2658 2641 2629 -1 2630 2641 2658 -1 2610 2633 2659 -1 2441 2660 2644 -1 2648 2602 2651 -1 2651 2602 2574 -1 2646 2661 2643 -1 2613 2643 2652 -1 2624 2653 2662 -1 2642 2631 2663 -1 2626 2632 2642 -1 2664 2609 2657 -1 2441 2429 2451 -1 2660 2441 2451 -1 2660 2649 2644 -1 2617 2644 2649 -1 2656 2651 2635 -1 2665 2645 2623 -1 2652 2643 2661 -1 2624 2662 2631 -1 2666 2654 2655 -1 2667 2608 2626 -1 2646 2668 2661 -1 2625 2610 2659 -1 2635 2650 2656 -1 2651 2656 2669 -1 2604 2637 2657 -1 2618 2670 2634 -1 2640 2609 2664 -1 2647 2640 2671 -1 2618 2649 2670 -1 2658 2629 2647 -1 2648 2651 2672 -1 2663 2631 2662 -1 2673 2615 2625 -1 2639 2638 2674 -1 2638 2615 2673 -1 2667 2637 2608 -1 2675 2640 2664 -1 2671 2640 2675 -1 2676 2634 2670 -1 2677 2652 2661 -1 2678 2653 2679 -1 2653 2652 2677 -1 2680 2642 2663 -1 2673 2681 2638 -1 2626 2642 2682 -1 2683 2626 2682 -1 2633 2648 2684 -1 2685 2634 2676 -1 2634 2685 2656 -1 2646 2645 2668 -1 2677 2679 2653 -1 2662 2686 2663 -1 2680 2663 2686 -1 2681 2674 2638 -1 2633 2684 2659 -1 2687 2649 2660 -1 2685 2676 2688 -1 2689 2648 2672 -1 2645 2665 2668 -1 2623 2639 2665 -1 2449 2690 2451 -1 2665 2639 2691 -1 2667 2626 2683 -1 2687 2670 2649 -1 2667 2692 2637 -1 2657 2637 2692 -1 2669 2672 2651 -1 2630 2658 2693 -1 2655 2630 2693 -1 2662 2653 2678 -1 2666 2655 2693 -1 2673 2625 2659 -1 2674 2691 2639 -1 2682 2642 2680 -1 2690 2449 2456 -1 2451 2694 2660 -1 2658 2647 2671 -1 2670 2687 2695 -1 2648 2689 2684 -1 2665 2696 2668 -1 2677 2661 2668 -1 2673 2697 2681 -1 2660 2694 2687 -1 2676 2670 2698 -1 2668 2696 2699 -1 2700 2665 2691 -1 2678 2701 2662 -1 2702 2662 2701 -1 2686 2662 2702 -1 2681 2703 2674 -1 2690 2456 2461 -1 2659 2684 2704 -1 2687 2694 2705 -1 2705 2695 2687 -1 2698 2670 2695 -1 2671 2706 2658 -1 2677 2668 2699 -1 2673 2659 2707 -1 2691 2674 2703 -1 2657 2692 2664 -1 2708 2451 2690 -1 2708 2709 2451 -1 2671 2675 2706 -1 2709 2694 2451 -1 2688 2676 2698 -1 2696 2665 2700 -1 2678 2679 2701 -1 2673 2707 2697 -1 2697 2703 2681 -1 2710 2711 2667 -1 2672 2669 2712 -1 2693 2658 2713 -1 2666 2693 2714 -1 2686 2682 2680 -1 2707 2659 2704 -1 2697 2707 2715 -1 2667 2683 2710 -1 2692 2667 2711 -1 2664 2692 2711 -1 2690 2461 2708 -1 2684 2689 2716 -1 2669 2656 2685 -1 2666 2714 2717 -1 2677 2701 2679 -1 2708 2461 2718 -1 2704 2684 2716 -1 2719 2714 2720 -1 2714 2719 2717 -1 2686 2702 2721 -1 2682 2686 2721 -1 2721 2722 2682 -1 2707 2704 2723 -1 2724 2703 2697 -1 2691 2703 2725 -1 2664 2711 2726 -1 2675 2664 2726 -1 2658 2706 2713 -1 2727 2716 2689 -1 2728 2696 2700 -1 2691 2725 2700 -1 2701 2677 2729 -1 2702 2701 2729 -1 2703 2724 2725 -1 2458 2718 2461 -1 2706 2730 2713 -1 2705 2694 2731 -1 2714 2693 2713 -1 2698 2732 2688 -1 2685 2688 2732 -1 2669 2685 2732 -1 2672 2712 2689 -1 2729 2677 2699 -1 2702 2729 2721 -1 2722 2683 2682 -1 2710 2683 2733 -1 2711 2710 2733 -1 2715 2707 2723 -1 2698 2695 2734 -1 2732 2712 2669 -1 2712 2735 2689 -1 2699 2696 2728 -1 2720 2714 2736 -1 2737 2700 2725 -1 2700 2737 2728 -1 2721 2729 2738 -1 2722 2733 2683 -1 2706 2675 2726 -1 2730 2706 2726 -1 2458 2460 2718 -1 2713 2730 2739 -1 2709 2708 2740 -1 2694 2709 2731 -1 2705 2731 2695 -1 2695 2731 2734 -1 2741 2729 2699 -1 2711 2733 2726 -1 2742 2697 2715 -1 2739 2736 2713 -1 2714 2713 2736 -1 2718 2460 2472 -1 2698 2743 2732 -1 2744 2732 2743 -1 2712 2732 2744 -1 2727 2689 2735 -1 2745 2727 2735 -1 2741 2699 2728 -1 2738 2729 2741 -1 2715 2723 2746 -1 2743 2698 2734 -1 2730 2726 2747 -1 2727 2745 2716 -1 2737 2725 2748 -1 2720 2736 2749 -1 2720 2750 2719 -1 2471 2751 2472 -1 2722 2721 2752 -1 2718 2740 2708 -1 2736 2739 2753 -1 2725 2724 2748 -1 2697 2742 2724 -1 2735 2712 2744 -1 2754 2745 2755 -1 2745 2754 2756 -1 2753 2749 2736 -1 2749 2750 2720 -1 2752 2757 2722 -1 2733 2747 2726 -1 2730 2758 2739 -1 2739 2758 2753 -1 2751 2759 2472 -1 2718 2472 2759 -1 2749 2753 2760 -1 2716 2761 2704 -1 2723 2704 2761 -1 2731 2709 2762 -1 2763 2743 2764 -1 2743 2734 2764 -1 2744 2755 2735 -1 2755 2744 2765 -1 2735 2755 2745 -1 2756 2754 2755 -1 2756 2766 2745 -1 2748 2766 2767 -1 2737 2748 2767 -1 2737 2767 2768 -1 2737 2768 2728 -1 2741 2728 2768 -1 2733 2722 2757 -1 2721 2738 2752 -1 2471 2482 2751 -1 2753 2758 2769 -1 2759 2740 2718 -1 2770 2760 2771 -1 2760 2753 2771 -1 2749 2760 2770 -1 2744 2743 2765 -1 2765 2743 2763 -1 2733 2757 2772 -1 2766 2756 2767 -1 2773 2730 2747 -1 2758 2730 2773 -1 2738 2741 2774 -1 2769 2771 2753 -1 2752 2738 2774 -1 2775 2774 2741 -1 2709 2740 2762 -1 2715 2746 2776 -1 2750 2749 2770 -1 2734 2731 2762 -1 2764 2734 2762 -1 2755 2765 2777 -1 2716 2745 2778 -1 2775 2741 2779 -1 2747 2733 2772 -1 2780 2747 2772 -1 2773 2747 2780 -1 2759 2751 2482 -1 2758 2773 2769 -1 2756 2755 2777 -1 2741 2768 2779 -1 2768 2767 2779 -1 2781 2746 2723 -1 2782 2773 2780 -1 2777 2765 2763 -1 2761 2716 2778 -1 2767 2756 2779 -1 2772 2757 2783 -1 2784 2772 2783 -1 2772 2784 2780 -1 2774 2785 2752 -1 2759 2482 2500 -1 2785 2783 2752 -1 2757 2752 2783 -1 2780 2784 2782 -1 2759 2786 2740 -1 2776 2746 2781 -1 2742 2715 2776 -1 2723 2761 2781 -1 2782 2787 2773 -1 2740 2788 2762 -1 2773 2787 2769 -1 2789 2762 2788 -1 2787 2790 2769 -1 2771 2769 2790 -1 2764 2762 2789 -1 2791 2763 2792 -1 2763 2791 2777 -1 2745 2766 2778 -1 2756 2777 2791 -1 2766 2793 2778 -1 2766 2748 2793 -1 2770 2771 2790 -1 2793 2748 2794 -1 2748 2724 2794 -1 2775 2779 2795 -1 2775 2795 2785 -1 2774 2775 2785 -1 2786 2759 2500 -1 2742 2794 2724 -1 2786 2788 2740 -1 2764 2789 2763 -1 2763 2789 2792 -1 2756 2791 2779 -1 2779 2791 2795 -1 2796 2783 2797 -1 2784 2783 2796 -1 2794 2776 2781 -1 2742 2776 2794 -1 2798 2788 2786 -1 2761 2799 2781 -1 2761 2778 2799 -1 2778 2793 2799 -1 2800 2801 2795 -1 2785 2795 2801 -1 2802 2784 2796 -1 2784 2802 2782 -1 2787 2782 2803 -1 2803 2790 2787 -1 2794 2799 2793 -1 2786 2500 2798 -1 2791 2792 2804 -1 2800 2795 2791 -1 2783 2785 2797 -1 2781 2799 2794 -1 2798 2805 2788 -1 2789 2788 2805 -1 2806 2785 2801 -1 2789 2807 2792 -1 2808 2796 2797 -1 2806 2797 2785 -1 2798 2500 2809 -1 2807 2789 2805 -1 2791 2804 2800 -1 2808 2802 2796 -1 2782 2802 2810 -1 2803 2782 2810 -1 2803 2810 2811 -1 2790 2803 2811 -1 2804 2792 2807 -1 2807 2805 2812 -1 2804 2807 2813 -1 2800 2804 2814 -1 2805 2798 2815 -1 2802 2816 2810 -1 2817 2806 2801 -1 2818 2810 2816 -1 2811 2810 2818 -1 2817 2819 2806 -1 2797 2806 2819 -1 2812 2805 2815 -1 2812 2813 2807 -1 2820 2804 2813 -1 2814 2804 2820 -1 2801 2800 2814 -1 2817 2801 2814 -1 2809 2815 2798 -1 2817 2814 2821 -1 2822 2817 2821 -1 2823 2817 2822 -1 2817 2823 2819 -1 2820 2813 2824 -1 2802 2825 2816 -1 2809 2826 2815 -1 2827 2797 2819 -1 2813 2812 2828 -1 2829 2802 2808 -1 2802 2829 2825 -1 2814 2820 2830 -1 2824 2831 2820 -1 2821 2814 2830 -1 2815 2826 2832 -1 2827 2808 2797 -1 2815 2833 2812 -1 2824 2813 2828 -1 2832 2826 2834 -1 2830 2820 2831 -1 2822 2821 2835 -1 2819 2823 2827 -1 2812 2833 2836 -1 2828 2812 2836 -1 2837 2824 2828 -1 2831 2824 2838 -1 2816 2825 2839 -1 2827 2840 2808 -1 2829 2808 2840 -1 2837 2838 2824 -1 2815 2832 2833 -1 2821 2830 2841 -1 2827 2823 2842 -1 2836 2833 2843 -1 2832 2834 2844 -1 2840 2845 2829 -1 2835 2821 2841 -1 2823 2822 2846 -1 2847 2833 2832 -1 2840 2827 2848 -1 2847 2849 2833 -1 2840 2850 2845 -1 2835 2851 2822 -1 2830 2831 2852 -1 2830 2852 2841 -1 2846 2822 2851 -1 2844 2834 2853 -1 2854 2855 2828 -1 2856 2850 2840 -1 2857 2823 2846 -1 2842 2823 2857 -1 2847 2832 2844 -1 2828 2836 2843 -1 2854 2828 2843 -1 2843 2833 2849 -1 2855 2837 2828 -1 2858 2838 2837 -1 2829 2845 2859 -1 2838 2860 2831 -1 2852 2831 2860 -1 2856 2840 2848 -1 2844 2861 2847 -1 2861 2849 2847 -1 2827 2842 2862 -1 2842 2857 2863 -1 2864 2844 2853 -1 2848 2827 2865 -1 2859 2845 2866 -1 2845 2850 2866 -1 2861 2844 2864 -1 2851 2835 2867 -1 2848 2865 2856 -1 2857 2868 2863 -1 2842 2863 2862 -1 2862 2865 2827 -1 2849 2869 2843 -1 2858 2837 2855 -1 2841 2867 2835 -1 2868 2857 2846 -1 2850 2856 2866 -1 2854 2870 2855 -1 2856 2865 2871 -1 2859 2866 2872 -1 2854 2843 2869 -1 2854 2869 2870 -1 2871 2865 2873 -1 2866 2856 2871 -1 2867 2841 2874 -1 2841 2852 2874 -1 2875 2846 2851 -1 2872 2866 2876 -1 2877 2849 2861 -1 2874 2852 2860 -1 2875 2868 2846 -1 2878 2870 2879 -1 2877 2861 2880 -1 2855 2870 2881 -1 2877 2880 2882 -1 2858 2855 2881 -1 2881 2870 2878 -1 2869 2849 2877 -1 2869 2879 2870 -1 2861 2864 2880 -1 2868 2875 2883 -1 2883 2884 2868 -1 2863 2868 2884 -1 2862 2863 2884 -1 2866 2871 2876 -1 2865 2885 2873 -1 2869 2877 2886 -1 2873 2885 2887 -1 2860 2838 2888 -1 2851 2889 2875 -1 2884 2883 2890 -1 2865 2862 2891 -1 2885 2865 2891 -1 2881 2878 2892 -1 2882 2886 2877 -1 2881 2893 2858 -1 2873 2894 2871 -1 2895 2851 2867 -1 2867 2874 2895 -1 2882 2880 2896 -1 2858 2888 2838 -1 2894 2873 2887 -1 2878 2879 2897 -1 2892 2878 2897 -1 2886 2879 2869 -1 2896 2880 2864 -1 2881 2892 2898 -1 2893 2881 2898 -1 2899 2860 2888 -1 2889 2851 2895 -1 2887 2891 2900 -1 2885 2891 2887 -1 2897 2898 2892 -1 2888 2858 2893 -1 2874 2860 2899 -1 2895 2874 2899 -1 2883 2875 2889 -1 2886 2882 2901 -1 2862 2884 2902 -1 2884 2890 2902 -1 2891 2862 2902 -1 2894 2887 2903 -1 2890 2883 2904 -1 2897 2879 2905 -1 2898 2897 2905 -1 2879 2886 2906 -1 2903 2887 2900 -1 2882 2896 2907 -1 2883 2889 2904 -1 2905 2908 2898 -1 2886 2901 2909 -1 2910 2904 2889 -1 2902 2890 2911 -1 2890 2904 2911 -1 2900 2891 2912 -1 2906 2886 2909 -1 2895 2910 2889 -1 2911 2913 2902 -1 2907 2901 2882 -1 2905 2879 2906 -1 2912 2891 2902 -1 2900 2912 2914 -1 2893 2898 2908 -1 2915 2895 2899 -1 2893 2916 2888 -1 2895 2915 2910 -1 2908 2905 2906 -1 2901 2917 2909 -1 2916 2893 2908 -1 2901 2907 2917 -1 2904 2910 2911 -1 2888 2916 2918 -1 2888 2918 2899 -1 2902 2919 2912 -1 2914 2912 2919 -1 2915 2899 2918 -1 2908 2906 2920 -1 2911 2910 2921 -1 2921 2910 2922 -1 2910 2915 2922 -1 2913 2919 2902 -1 2918 2923 2915 -1 2911 2921 2913 -1 2922 2915 2923 -1 2913 2921 2924 -1 2918 2916 2925 -1 2926 2923 2918 -1 2916 2908 2920 -1 2922 2924 2921 -1 2920 2925 2916 -1 2927 2928 2929 -1 2928 2926 2929 -1 2925 2926 2918 -1 2926 2928 2923 -1 2928 2930 2923 -1 2927 2929 2931 -1 2930 2922 2923 -1 2928 2932 2930 -1 2932 2933 2930 -1 2934 2927 2931 -1 2931 2929 2926 -1 2928 2927 2935 -1 2928 2935 2932 -1 2935 2936 2932 -1 2937 2932 2936 -1 2932 2937 2933 -1 2922 2930 2938 -1 2938 2930 2933 -1 2931 2939 2934 -1 2925 2931 2926 -1 2927 2940 2935 -1 2933 2937 2941 -1 2933 2941 2938 -1 2940 2927 2934 -1 2925 2920 2942 -1 2943 2924 2922 -1 2944 2940 2934 -1 2945 2931 2925 -1 2941 2937 2946 -1 2925 2942 2945 -1 2939 2931 2945 -1 2934 2939 2947 -1 2948 2922 2938 -1 2949 2940 2944 -1 2935 2950 2936 -1 2943 2922 2948 -1 2934 2947 2951 -1 2944 2934 2951 -1 2945 2952 2939 -1 2947 2939 2952 -1 2940 2949 2935 -1 2950 2937 2936 -1 2953 2941 2954 -1 2938 2941 2953 -1 2941 2946 2954 -1 2948 2938 2955 -1 2956 2957 2945 -1 2951 2947 2958 -1 2950 2935 2949 -1 2954 2959 2953 -1 2946 2937 2960 -1 2945 2957 2952 -1 2937 2950 2960 -1 2958 2947 2961 -1 2962 2959 2954 -1 2961 2947 2952 -1 2963 2949 2944 -1 2951 2958 2961 -1 2950 2949 2964 -1 2965 2946 2960 -1 2953 2955 2938 -1 2953 2959 2962 -1 2966 2957 2956 -1 2950 2964 2965 -1 2960 2950 2965 -1 2967 2946 2968 -1 2954 2946 2967 -1 2969 2951 2961 -1 2944 2951 2969 -1 2962 2954 2967 -1 2970 2961 2952 -1 2955 2962 2971 -1 2953 2962 2955 -1 2968 2946 2965 -1 2952 2957 2966 -1 2949 2963 2964 -1 2969 2972 2944 -1 2970 2952 2966 -1 2969 2961 2970 -1 2971 2962 2967 -1 2970 2966 2973 -1 2967 2968 2971 -1 2965 2974 2968 -1 2944 2972 2963 -1 2971 2968 2975 -1 2964 2963 2976 -1 2963 2972 2976 -1 2965 2964 2974 -1 2968 2974 2977 -1 2975 2968 2977 -1 2978 2979 2980 -1 2980 2979 2981 -1 2981 2982 2980 -1 2980 2982 2983 -1 2980 2984 2978 -1 2984 2985 2978 -1 2493 2985 2492 -1 2984 2980 2986 -1 2980 2983 2986 -1 2986 2983 2987 -1 2988 2492 2985 -1 2985 2984 2988 -1 2987 2989 2986 -1 2988 2984 2986 -1 2988 2990 2492 -1 2988 2986 2991 -1 2496 2992 2488 -1 2990 2988 2991 -1 2491 2993 2496 -1 2492 2993 2491 -1 2990 2993 2492 -1 2994 2991 2986 -1 2986 2989 2994 -1 2488 2992 2489 -1 2497 2489 2992 -1 2994 2995 2991 -1 2500 2497 2996 -1 2990 2991 2997 -1 2997 2991 2998 -1 2998 2991 2995 -1 2993 2999 2496 -1 2993 2990 2999 -1 2992 2496 3000 -1 2497 2992 3000 -1 3001 3000 2496 -1 2996 2497 3002 -1 2999 3003 2496 -1 2497 3000 3002 -1 2999 2990 2997 -1 2500 2996 2809 -1 3001 2496 3003 -1 3002 3000 3001 -1 3001 3003 3004 -1 3005 3001 3004 -1 3001 3005 3002 -1 3002 3006 2996 -1 3003 2999 3007 -1 2999 2997 3007 -1 3008 3007 2997 -1 2997 2998 3008 -1 2809 2996 3006 -1 3004 3003 3007 -1 3004 3009 3005 -1 3009 3004 3010 -1 3004 3007 3010 -1 3010 3007 3011 -1 3002 3012 3006 -1 3005 3009 3013 -1 3002 3005 3013 -1 3011 3007 3014 -1 3002 3013 3015 -1 3015 3012 3002 -1 3007 3008 3014 -1 3016 3017 3008 -1 3011 3014 3018 -1 2809 3006 2826 -1 2834 3006 3012 -1 3008 3017 3014 -1 2826 3006 2834 -1 3018 3014 3019 -1 3017 3019 3014 -1 3009 3020 3013 -1 3009 3010 3020 -1 3020 3021 3013 -1 3015 3013 3022 -1 3023 3020 3010 -1 3010 3011 3023 -1 3021 3022 3013 -1 3012 3015 3024 -1 2834 3012 3025 -1 3026 3027 3019 -1 3019 3017 3026 -1 3025 3012 3024 -1 3025 3028 2834 -1 3024 3015 3029 -1 3028 3025 3030 -1 3020 3023 3031 -1 3025 3024 3032 -1 3018 3019 3033 -1 3032 3024 3029 -1 3033 3019 3034 -1 3019 3027 3034 -1 3035 3027 3026 -1 3026 3017 3036 -1 3020 3031 3021 -1 3015 3022 3037 -1 3029 3015 3037 -1 2834 3028 2853 -1 3031 3023 3038 -1 3037 3022 3039 -1 3025 3032 3030 -1 3039 3022 3021 -1 3023 3011 3038 -1 3040 3034 3027 -1 3036 3035 3026 -1 3041 2853 3028 -1 3027 3035 3040 -1 2864 2853 3041 -1 3042 3032 3029 -1 3031 3043 3021 -1 3030 3044 3028 -1 3038 3011 3045 -1 3035 3046 3040 -1 3035 3036 3046 -1 3030 3032 3047 -1 3041 3028 3044 -1 3048 3031 3038 -1 3043 3031 3048 -1 3043 3039 3021 -1 3045 3049 3038 -1 3011 3018 3045 -1 3042 3029 3050 -1 3032 3042 3047 -1 3033 3045 3018 -1 3041 3044 3051 -1 3048 3038 3049 -1 3029 3037 3050 -1 3034 3040 3052 -1 3047 3042 3050 -1 3053 3041 3051 -1 3033 3034 3052 -1 3043 3054 3039 -1 2864 3041 3053 -1 2864 3053 2896 -1 3047 3044 3030 -1 3055 3050 3037 -1 3047 3050 3055 -1 3055 3037 3056 -1 3044 3047 3057 -1 3058 3048 3049 -1 3043 3048 3059 -1 3059 3048 3058 -1 3053 3051 3060 -1 3051 3044 3057 -1 3059 3054 3043 -1 3055 3061 3047 -1 3055 3056 3061 -1 2907 3053 3060 -1 2896 3053 2907 -1 3057 3047 3061 -1 3049 3045 3062 -1 3051 3057 3060 -1 3058 3049 3062 -1 3057 3063 3060 -1 3063 3064 3060 -1 3037 3039 3065 -1 3056 3037 3065 -1 3066 3061 3056 -1 3060 3067 2907 -1 3063 3057 3068 -1 3063 3068 3064 -1 2907 3067 3069 -1 2909 2917 3070 -1 3061 3068 3057 -1 2917 2907 3069 -1 3068 3061 3066 -1 3064 3067 3060 -1 2909 3070 3071 -1 3071 2906 2909 -1 3064 3072 3067 -1 3068 3072 3064 -1 3073 3069 3067 -1 3069 3070 2917 -1 3070 3069 3073 -1 3073 3071 3070 -1 3067 3072 3073 -1 3066 3056 3065 -1 2920 2906 3071 -1 2920 3071 2942 -1 2942 3071 3074 -1 2942 3074 3075 -1 2942 3075 2945 -1 2945 3075 2956 -1 3076 2956 3075 -1 2966 2956 3076 -1 3077 3078 3079 -1 3079 3080 3077 -1 3081 3078 3082 -1 3081 3079 3078 -1 3083 3082 3084 -1 3085 3082 3078 -1 3085 3078 3077 -1 3083 3084 3086 -1 3084 3082 3087 -1 3088 3089 3090 -1 3091 3089 3088 -1 3088 3090 3092 -1 3090 3086 3092 -1 3091 3088 3093 -1 3092 3086 3094 -1 3092 3095 3088 -1 3086 3084 3096 -1 3094 3086 3096 -1 3097 3084 3087 -1 3088 3095 3093 -1 3098 3092 3094 -1 3096 3084 3097 -1 3094 3096 3099 -1 3099 3096 3097 -1 3095 3092 3098 -1 3100 3101 3102 -1 3102 3101 3103 -1 3104 3105 3106 -1 3102 3107 3100 -1 3106 3105 3107 -1 3105 3100 3107 -1 3103 3108 3102 -1 3108 3103 3109 -1 3110 3108 3111 -1 3106 3107 3112 -1 3107 3102 3108 -1 3108 3112 3107 -1 3113 3108 3114 -1 3111 3108 3109 -1 3112 3113 3115 -1 3108 3113 3112 -1 3116 3110 3111 -1 3109 3117 3118 -1 3117 3119 3118 -1 3118 3116 3111 -1 3118 3119 3120 -1 3116 3118 3120 -1 3115 3113 3121 -1 3118 3111 3109 -1 3122 3121 3123 -1 3121 3113 3123 -1 3113 3114 3123 -1 3114 3124 3123 -1 3124 3125 3123 -1 3124 3126 3127 -1 3122 3123 3125 -1 3127 3125 3124 -1 3128 3122 3125 -1 3126 3129 3127 -1 3126 3130 3131 -1 3125 3127 3132 -1 3129 3126 3131 -1 3131 3130 3133 -1 3129 3132 3127 -1 3134 3135 3136 -1 3136 3135 3133 -1 3134 3136 3137 -1 3138 3131 3133 -1 3133 3135 3139 -1 3134 3137 3140 -1 3129 3131 3141 -1 3134 3139 3135 -1 3140 3142 3134 -1 3133 3139 3143 -1 3138 3133 3143 -1 3144 3134 3142 -1 3139 3134 3144 -1 3131 3138 3141 -1 3139 3144 3145 -1 3143 3139 3145 -1 3142 3140 3146 -1 3143 3145 3147 -1 3147 3138 3143 -1 3144 3148 3145 -1 3147 3145 3148 -1 3142 3146 3149 -1 3149 3146 3150 -1 3148 3144 3142 -1 3147 3151 3138 -1 3152 3150 3153 -1 3149 3154 3142 -1 3155 3148 3142 -1 3147 3148 3156 -1 3149 3150 3152 -1 3152 3153 3157 -1 3149 3152 3158 -1 3154 3149 3158 -1 3142 3154 3155 -1 3151 3147 3156 -1 3152 3157 3159 -1 3152 3159 3160 -1 3156 3148 3155 -1 3158 3152 3160 -1 3154 3161 3155 -1 3154 3158 3161 -1 3159 3162 3163 -1 3160 3164 3158 -1 3165 3161 3164 -1 3158 3164 3161 -1 3160 3159 3163 -1 3155 3166 3156 -1 3163 3162 3167 -1 3163 3167 3168 -1 3169 3155 3161 -1 3166 3155 3169 -1 3164 3160 3168 -1 3164 3170 3165 -1 3161 3165 3171 -1 3160 3163 3168 -1 3171 3169 3161 -1 3164 3168 3170 -1 3170 3171 3165 -1 3172 3168 3167 -1 3173 3172 3167 -1 3170 3168 3172 -1 3171 3170 3174 -1 3174 3170 3172 -1 3171 3174 3169 -1 3175 3176 3173 -1 3172 3173 3176 -1 3174 3172 3176 -1 3177 3175 3173 -1 3178 3175 3177 -1 3178 3179 3175 -1 3175 3179 3180 -1 3176 3175 3180 -1 3181 3176 3180 -1 3182 3179 3183 -1 3182 3180 3179 -1 3180 3182 3184 -1 3181 3180 3185 -1 3180 3184 3185 -1 3186 3183 3187 -1 3182 3183 3186 -1 3188 3182 3186 -1 3184 3182 3188 -1 3185 3184 3189 -1 3187 3183 3190 -1 3184 3188 3191 -1 3187 3190 3192 -1 3189 3184 3191 -1 3187 3188 3186 -1 3188 3187 3192 -1 3192 3193 3188 -1 3191 3188 3193 -1 3194 3192 3190 -1 3189 3191 3195 -1 3192 3194 3196 -1 3191 3193 3197 -1 3192 3196 3193 -1 3196 3198 3193 -1 3197 3193 3198 -1 3199 3196 3200 -1 3198 3196 3199 -1 3198 3199 3201 -1 3197 3198 3201 -1 3202 3201 3199 -1 3203 3204 3205 -1 3206 3203 3207 -1 3207 3203 3205 -1 3091 3205 3089 -1 3207 3205 3091 -1 3091 3208 3207 -1 3206 3207 3209 -1 3209 3207 3208 -1 3210 3208 3091 -1 3211 3208 3210 -1 3211 3212 3208 -1 3213 3210 3091 -1 3213 3091 3093 -1 3211 3210 3214 -1 3215 3093 3095 -1 3214 3210 3216 -1 3093 3217 3213 -1 3212 3211 3218 -1 3211 3214 3219 -1 3213 3216 3210 -1 3217 3093 3215 -1 3219 3214 3220 -1 3214 3216 3220 -1 3216 3213 3221 -1 3218 3211 3219 -1 3213 3217 3221 -1 3220 3222 3219 -1 3223 3220 3216 -1 3217 3215 3224 -1 3222 3220 3223 -1 3217 3224 3225 -1 3215 3095 3226 -1 3227 3221 3228 -1 3221 3217 3229 -1 3224 3215 3226 -1 3221 3227 3216 -1 3223 3230 3222 -1 3227 3223 3216 -1 3229 3228 3221 -1 3217 3225 3229 -1 3223 3227 3230 -1 3224 3226 3231 -1 3230 3232 3222 -1 3230 3227 3233 -1 3228 3233 3227 -1 3225 3224 3231 -1 3229 3225 3234 -1 3231 3226 3235 -1 3232 3230 3233 -1 3231 3234 3225 -1 3232 3233 3236 -1 3233 3228 3237 -1 3231 3235 3234 -1 3233 3237 3238 -1 3236 3233 3238 -1 3228 3229 3237 -1 3239 3237 3229 -1 3238 3237 3239 -1 3229 3234 3240 -1 3235 3241 3234 -1 3240 3234 3241 -1 3240 3239 3229 -1 3241 3242 3240 -1 3243 3239 3240 -1 3242 3244 3240 -1 3243 3240 3244 -1 3245 3243 3244 -1 3246 3104 3106 -1 3247 3246 3106 -1 3247 3106 3248 -1 3248 3106 3112 -1 3249 3250 3247 -1 3248 3249 3247 -1 3112 3115 3248 -1 3251 3252 3249 -1 3251 3249 3253 -1 3249 3248 3253 -1 3248 3115 3253 -1 3253 3115 3121 -1 3251 3080 3252 -1 3251 3253 3254 -1 3251 3254 3255 -1 3253 3121 3254 -1 3122 3254 3121 -1 3256 3077 3080 -1 3080 3251 3256 -1 3255 3256 3251 -1 3085 3077 3257 -1 3077 3256 3257 -1 3255 3254 3258 -1 3254 3122 3128 -1 3259 3255 3258 -1 3258 3254 3128 -1 3260 3256 3259 -1 3256 3255 3259 -1 3257 3256 3260 -1 3128 3125 3261 -1 3259 3258 3262 -1 3263 3082 3085 -1 3085 3257 3264 -1 3082 3263 3087 -1 3261 3125 3132 -1 3263 3085 3265 -1 3085 3264 3265 -1 3257 3260 3266 -1 3262 3258 3267 -1 3267 3258 3128 -1 3267 3128 3268 -1 3260 3259 3269 -1 3269 3259 3262 -1 3264 3257 3266 -1 3265 3264 3270 -1 3260 3269 3271 -1 3087 3263 3272 -1 3263 3265 3273 -1 3267 3274 3262 -1 3268 3128 3261 -1 3265 3275 3273 -1 3265 3270 3275 -1 3264 3266 3270 -1 3270 3266 3276 -1 3260 3277 3266 -1 3260 3271 3277 -1 3271 3269 3278 -1 3098 3094 3279 -1 3274 3267 3280 -1 3276 3266 3277 -1 3271 3281 3277 -1 3278 3269 3282 -1 3282 3269 3262 -1 3283 3262 3274 -1 3275 3270 3284 -1 3281 3271 3278 -1 3282 3285 3278 -1 3279 3094 3099 -1 3273 3275 3286 -1 3261 3132 3287 -1 3132 3129 3287 -1 3099 3097 3288 -1 3274 3289 3283 -1 3274 3280 3289 -1 3268 3290 3267 -1 3277 3291 3276 -1 3291 3277 3281 -1 3281 3278 3292 -1 3263 3273 3293 -1 3293 3273 3286 -1 3284 3294 3275 -1 3284 3270 3276 -1 3295 3281 3292 -1 3296 3279 3099 -1 3288 3296 3099 -1 3283 3282 3262 -1 3280 3267 3297 -1 3097 3087 3272 -1 3263 3293 3272 -1 3291 3281 3298 -1 3276 3291 3299 -1 3290 3268 3300 -1 3268 3261 3300 -1 3272 3288 3097 -1 3292 3278 3285 -1 3289 3297 3301 -1 3297 3289 3280 -1 3267 3290 3297 -1 3298 3281 3295 -1 3261 3287 3302 -1 3286 3275 3294 -1 3276 3294 3284 -1 3291 3298 3299 -1 3303 3285 3282 -1 3289 3301 3304 -1 3286 3294 3305 -1 3295 3292 3306 -1 3292 3285 3303 -1 3129 3302 3287 -1 3283 3289 3304 -1 3301 3297 3307 -1 3308 3272 3309 -1 3293 3309 3272 -1 3286 3305 3310 -1 3311 3294 3276 -1 3276 3299 3312 -1 3299 3298 3313 -1 3298 3295 3313 -1 3306 3292 3303 -1 3283 3304 3314 -1 3297 3290 3307 -1 3098 3315 3095 -1 3293 3286 3310 -1 3310 3305 3316 -1 3305 3294 3311 -1 3296 3317 3279 -1 3296 3288 3317 -1 3318 3314 3304 -1 3301 3318 3304 -1 3315 3226 3095 -1 3308 3288 3272 -1 3305 3311 3319 -1 3302 3129 3141 -1 3319 3316 3305 -1 3313 3295 3306 -1 3303 3282 3314 -1 3282 3283 3314 -1 3318 3301 3307 -1 3311 3276 3312 -1 3312 3299 3320 -1 3299 3313 3320 -1 3321 3261 3302 -1 3314 3318 3322 -1 3315 3098 3279 -1 3288 3308 3323 -1 3320 3313 3306 -1 3302 3324 3321 -1 3235 3226 3315 -1 3307 3325 3318 -1 3311 3312 3326 -1 3306 3303 3327 -1 3307 3290 3328 -1 3141 3138 3329 -1 3321 3300 3261 -1 3303 3314 3330 -1 3235 3315 3331 -1 3138 3151 3329 -1 3332 3314 3322 -1 3293 3310 3309 -1 3316 3309 3310 -1 3317 3288 3323 -1 3290 3300 3333 -1 3324 3302 3141 -1 3330 3314 3332 -1 3325 3307 3328 -1 3327 3303 3330 -1 3324 3141 3329 -1 3334 3309 3316 -1 3326 3312 3335 -1 3312 3320 3335 -1 3336 3335 3320 -1 3279 3317 3337 -1 3318 3325 3322 -1 3331 3315 3338 -1 3325 3328 3339 -1 3334 3316 3319 -1 3320 3306 3340 -1 3337 3317 3323 -1 3341 3279 3337 -1 3342 3311 3326 -1 3336 3320 3340 -1 3328 3290 3333 -1 3340 3306 3343 -1 3327 3343 3306 -1 3343 3327 3344 -1 3327 3330 3344 -1 3322 3325 3345 -1 3315 3279 3341 -1 3235 3331 3241 -1 3342 3319 3311 -1 3346 3324 3329 -1 3309 3334 3347 -1 3325 3339 3345 -1 3151 3156 3348 -1 3308 3309 3347 -1 3334 3319 3342 -1 3321 3324 3346 -1 3334 3342 3349 -1 3333 3300 3350 -1 3242 3241 3331 -1 3326 3335 3351 -1 3336 3340 3352 -1 3344 3330 3353 -1 3330 3332 3353 -1 3336 3351 3335 -1 3300 3321 3350 -1 3347 3334 3349 -1 3352 3340 3354 -1 3340 3343 3354 -1 3345 3355 3322 -1 3356 3353 3332 -1 3332 3322 3356 -1 3331 3338 3357 -1 3349 3342 3358 -1 3359 3351 3336 -1 3336 3360 3359 -1 3353 3361 3344 -1 3242 3331 3357 -1 3345 3339 3362 -1 3326 3351 3342 -1 3156 3166 3348 -1 3343 3344 3361 -1 3346 3350 3321 -1 3356 3322 3355 -1 3347 3358 3308 -1 3347 3349 3358 -1 3362 3355 3345 -1 3341 3338 3315 -1 3336 3352 3360 -1 3343 3361 3354 -1 3361 3353 3356 -1 3308 3358 3363 -1 3329 3151 3364 -1 3354 3360 3352 -1 3365 3339 3328 -1 3333 3350 3365 -1 3329 3364 3346 -1 3358 3342 3366 -1 3354 3361 3367 -1 3367 3361 3356 -1 3244 3242 3357 -1 3355 3362 3368 -1 3359 3360 3369 -1 3369 3360 3354 -1 3369 3354 3367 -1 3348 3370 3151 -1 3328 3333 3365 -1 3341 3337 3371 -1 3366 3342 3351 -1 3351 3359 3372 -1 3323 3371 3337 -1 3369 3356 3368 -1 3368 3356 3355 -1 3363 3358 3366 -1 3362 3339 3365 -1 3370 3364 3151 -1 3367 3356 3369 -1 3365 3368 3362 -1 3370 3166 3169 -1 3348 3166 3370 -1 3365 3350 3373 -1 3364 3370 3374 -1 3346 3364 3375 -1 3350 3346 3375 -1 3341 3371 3376 -1 3323 3308 3363 -1 3366 3351 3372 -1 3359 3369 3372 -1 3374 3377 3364 -1 3378 3370 3169 -1 3375 3364 3377 -1 3350 3375 3373 -1 3244 3357 3379 -1 3338 3379 3357 -1 3363 3366 3380 -1 3381 3380 3366 -1 3366 3372 3381 -1 3369 3368 3382 -1 3372 3369 3383 -1 3368 3365 3384 -1 3384 3365 3385 -1 3374 3370 3378 -1 3376 3338 3341 -1 3323 3363 3386 -1 3383 3369 3382 -1 3373 3385 3365 -1 3379 3245 3244 -1 3383 3381 3372 -1 3371 3323 3386 -1 3379 3338 3387 -1 3387 3338 3376 -1 3169 3174 3388 -1 3169 3388 3378 -1 3386 3363 3389 -1 3389 3363 3380 -1 3371 3390 3391 -1 3390 3371 3392 -1 3393 3375 3394 -1 3392 3371 3386 -1 3392 3386 3395 -1 3368 3384 3382 -1 3391 3396 3376 -1 3376 3371 3391 -1 3377 3397 3394 -1 3394 3397 3398 -1 3399 3373 3400 -1 3400 3373 3375 -1 3377 3394 3375 -1 3390 3392 3401 -1 3402 3390 3401 -1 3375 3393 3400 -1 3395 3386 3389 -1 3394 3398 3403 -1 3396 3391 3404 -1 3384 3385 3405 -1 3245 3379 3406 -1 3379 3387 3407 -1 3387 3376 3396 -1 3374 3378 3397 -1 3377 3374 3397 -1 3408 3398 3397 -1 3399 3409 3385 -1 3399 3385 3373 -1 3410 3409 3399 -1 3399 3400 3411 -1 3395 3401 3392 -1 3393 3394 3403 -1 3412 3388 3174 -1 3379 3407 3406 -1 3391 3390 3413 -1 3387 3396 3414 -1 3414 3396 3415 -1 3410 3399 3411 -1 3383 3382 3416 -1 3400 3417 3411 -1 3400 3393 3417 -1 3418 3398 3408 -1 3395 3389 3419 -1 3416 3382 3384 -1 3174 3176 3412 -1 3396 3420 3415 -1 3396 3404 3420 -1 3391 3413 3404 -1 3402 3413 3390 -1 3403 3417 3393 -1 3421 3411 3417 -1 3381 3383 3416 -1 3403 3398 3418 -1 3402 3401 3422 -1 3401 3395 3423 -1 3406 3407 3424 -1 3387 3414 3407 -1 3415 3425 3414 -1 3389 3380 3426 -1 3378 3427 3397 -1 3408 3397 3428 -1 3429 3422 3430 -1 3422 3401 3430 -1 3405 3385 3409 -1 3395 3419 3423 -1 3389 3426 3419 -1 3421 3417 3431 -1 3417 3403 3432 -1 3418 3408 3433 -1 3384 3434 3416 -1 3434 3384 3405 -1 3412 3176 3181 -1 3427 3378 3388 -1 3435 3380 3381 -1 3435 3436 3380 -1 3408 3428 3437 -1 3416 3435 3381 -1 3401 3423 3430 -1 3411 3438 3410 -1 3438 3411 3439 -1 3411 3421 3440 -1 3380 3436 3426 -1 3412 3181 3441 -1 3420 3404 3442 -1 3413 3402 3443 -1 3435 3416 3444 -1 3429 3445 3422 -1 3412 3441 3388 -1 3430 3423 3446 -1 3416 3434 3444 -1 3405 3409 3447 -1 3409 3410 3448 -1 3433 3408 3437 -1 3415 3420 3449 -1 3450 3407 3414 -1 3424 3407 3450 -1 3388 3441 3451 -1 3427 3388 3451 -1 3427 3452 3453 -1 3427 3453 3397 -1 3448 3447 3409 -1 3410 3438 3448 -1 3418 3433 3454 -1 3449 3420 3442 -1 3436 3455 3426 -1 3430 3446 3456 -1 3423 3419 3446 -1 3428 3397 3453 -1 3457 3419 3426 -1 3439 3411 3440 -1 3440 3421 3431 -1 3431 3417 3432 -1 3432 3403 3418 -1 3405 3458 3434 -1 3450 3414 3425 -1 3455 3436 3459 -1 3181 3460 3441 -1 3425 3415 3461 -1 3461 3415 3449 -1 3429 3430 3462 -1 3457 3426 3455 -1 3402 3422 3443 -1 3437 3428 3463 -1 3440 3464 3439 -1 3450 3465 3466 -1 3436 3435 3467 -1 3435 3444 3468 -1 3434 3468 3444 -1 3456 3446 3469 -1 3451 3441 3470 -1 3458 3471 3434 -1 3453 3472 3428 -1 3448 3438 3473 -1 3438 3439 3474 -1 3440 3431 3475 -1 3476 3432 3418 -1 3458 3405 3477 -1 3405 3478 3477 -1 3478 3405 3447 -1 3461 3479 3425 -1 3181 3185 3460 -1 3442 3404 3480 -1 3450 3425 3479 -1 3441 3460 3470 -1 3459 3436 3481 -1 3481 3436 3467 -1 3482 3427 3451 -1 3452 3427 3482 -1 3468 3434 3471 -1 3430 3456 3462 -1 3445 3429 3483 -1 3429 3462 3483 -1 3428 3472 3463 -1 3446 3419 3457 -1 3473 3438 3474 -1 3475 3431 3484 -1 3404 3413 3480 -1 3435 3468 3467 -1 3468 3471 3485 -1 3457 3455 3486 -1 3443 3422 3445 -1 3437 3463 3487 -1 3439 3464 3474 -1 3484 3431 3488 -1 3431 3432 3488 -1 3433 3437 3489 -1 3458 3490 3491 -1 3490 3458 3477 -1 3492 3449 3442 -1 3450 3479 3493 -1 3480 3413 3494 -1 3413 3443 3494 -1 3459 3495 3455 -1 3459 3481 3496 -1 3470 3497 3451 -1 3481 3467 3498 -1 3189 3499 3185 -1 3467 3500 3498 -1 3482 3451 3497 -1 3500 3467 3501 -1 3483 3502 3445 -1 3462 3456 3469 -1 3471 3458 3491 -1 3433 3489 3454 -1 3476 3488 3432 -1 3490 3477 3503 -1 3461 3449 3479 -1 3470 3460 3504 -1 3505 3470 3504 -1 3486 3455 3495 -1 3496 3495 3459 -1 3497 3470 3505 -1 3506 3482 3497 -1 3452 3482 3506 -1 3467 3468 3485 -1 3485 3471 3507 -1 3507 3508 3485 -1 3453 3452 3506 -1 3491 3507 3471 -1 3487 3463 3472 -1 3489 3437 3487 -1 3478 3503 3477 -1 3465 3450 3493 -1 3443 3445 3509 -1 3496 3481 3498 -1 3510 3511 3498 -1 3498 3500 3510 -1 3512 3497 3505 -1 3501 3467 3485 -1 3469 3446 3457 -1 3453 3506 3472 -1 3478 3447 3513 -1 3447 3448 3513 -1 3513 3473 3514 -1 3448 3473 3513 -1 3473 3474 3514 -1 3454 3476 3418 -1 3499 3189 3515 -1 3460 3185 3499 -1 3479 3449 3492 -1 3504 3460 3516 -1 3496 3486 3495 -1 3496 3498 3511 -1 3517 3501 3518 -1 3494 3443 3509 -1 3508 3507 3519 -1 3506 3497 3472 -1 3520 3487 3472 -1 3469 3457 3521 -1 3474 3464 3514 -1 3489 3522 3454 -1 3502 3509 3445 -1 3517 3500 3501 -1 3518 3501 3485 -1 3457 3486 3521 -1 3521 3486 3496 -1 3491 3490 3523 -1 3490 3503 3523 -1 3524 3499 3515 -1 3505 3504 3525 -1 3520 3472 3497 -1 3503 3478 3513 -1 3440 3475 3464 -1 3523 3526 3491 -1 3460 3499 3524 -1 3527 3497 3512 -1 3520 3528 3487 -1 3489 3487 3528 -1 3523 3503 3513 -1 3475 3484 3529 -1 3462 3469 3521 -1 3524 3516 3460 -1 3493 3479 3492 -1 3525 3504 3530 -1 3492 3442 3531 -1 3505 3525 3532 -1 3511 3510 3533 -1 3518 3485 3508 -1 3497 3527 3520 -1 3483 3462 3521 -1 3511 3534 3496 -1 3522 3489 3528 -1 3514 3464 3535 -1 3464 3475 3535 -1 3476 3454 3536 -1 3524 3515 3537 -1 3504 3516 3530 -1 3538 3520 3527 -1 3496 3534 3521 -1 3189 3195 3515 -1 3519 3507 3539 -1 3507 3491 3539 -1 3526 3539 3491 -1 3513 3540 3523 -1 3528 3520 3538 -1 3519 3518 3508 -1 3541 3484 3488 -1 3509 3502 3542 -1 3454 3522 3536 -1 3502 3483 3521 -1 3524 3537 3516 -1 3531 3442 3480 -1 3543 3480 3494 -1 3493 3492 3531 -1 3527 3512 3544 -1 3533 3510 3545 -1 3522 3528 3538 -1 3545 3510 3500 -1 3513 3514 3540 -1 3535 3540 3514 -1 3502 3521 3534 -1 3488 3476 3536 -1 3543 3494 3546 -1 3509 3542 3494 -1 3505 3532 3512 -1 3547 3511 3533 -1 3535 3475 3529 -1 3484 3541 3529 -1 3519 3539 3548 -1 3531 3480 3543 -1 3534 3511 3547 -1 3549 3545 3500 -1 3549 3500 3517 -1 3517 3518 3550 -1 3518 3519 3551 -1 3552 3502 3534 -1 3515 3195 3553 -1 3537 3515 3553 -1 3488 3536 3541 -1 3494 3542 3546 -1 3547 3533 3545 -1 3517 3550 3549 -1 3518 3551 3550 -1 3526 3523 3540 -1 3551 3519 3548 -1 3530 3516 3554 -1 3191 3197 3553 -1 3191 3553 3195 -1 3555 3529 3541 -1 3548 3539 3526 -1 3556 3532 3525 -1 3512 3532 3556 -1 3544 3557 3527 -1 3535 3558 3540 -1 3526 3540 3559 -1 3525 3530 3560 -1 3538 3527 3557 -1 3522 3561 3536 -1 3562 3535 3529 -1 3536 3561 3541 -1 3529 3555 3562 -1 3550 3551 3563 -1 3502 3552 3564 -1 3542 3502 3564 -1 3531 3543 3565 -1 3543 3546 3566 -1 3534 3547 3552 -1 3516 3537 3567 -1 3560 3556 3525 -1 3544 3512 3556 -1 3522 3538 3561 -1 3535 3562 3558 -1 3555 3541 3561 -1 3567 3537 3568 -1 3530 3554 3560 -1 3557 3544 3556 -1 3561 3538 3569 -1 3570 3553 3197 -1 3548 3526 3559 -1 3565 3543 3571 -1 3543 3566 3572 -1 3552 3547 3573 -1 3557 3569 3538 -1 3555 3561 3574 -1 3574 3561 3575 -1 3564 3552 3573 -1 3553 3568 3537 -1 3571 3543 3572 -1 3540 3558 3576 -1 3559 3540 3576 -1 3556 3560 3577 -1 3547 3578 3573 -1 3547 3545 3578 -1 3577 3557 3556 -1 3569 3557 3577 -1 3579 3561 3569 -1 3575 3561 3579 -1 3546 3542 3566 -1 3201 3570 3197 -1 3553 3570 3568 -1 3551 3548 3580 -1 3559 3580 3548 -1 3554 3516 3567 -1 3560 3554 3581 -1 3576 3558 3582 -1 3558 3562 3582 -1 3582 3562 3583 -1 3562 3555 3583 -1 3578 3545 3549 -1 3550 3563 3584 -1 3566 3542 3585 -1 3542 3564 3585 -1 3586 3585 3564 -1 3586 3564 3573 -1 3586 3573 3587 -1 3551 3580 3563 -1 3577 3588 3569 -1 3549 3550 3589 -1 3579 3569 3588 -1 3574 3583 3555 -1 3580 3559 3590 -1 3568 3591 3567 -1 3592 3571 3572 -1 3573 3578 3593 -1 3549 3589 3578 -1 3559 3576 3590 -1 3589 3550 3594 -1 3590 3576 3583 -1 3594 3550 3584 -1 3582 3583 3576 -1 3584 3563 3595 -1 3572 3566 3585 -1 3596 3574 3575 -1 3587 3585 3586 -1 3591 3568 3570 -1 3597 3554 3567 -1 3598 3577 3560 -1 3579 3588 3599 -1 3599 3575 3579 -1 3574 3596 3583 -1 3201 3600 3570 -1 3572 3585 3601 -1 3587 3573 3593 -1 3585 3587 3601 -1 3602 3580 3590 -1 3602 3563 3580 -1 3597 3567 3603 -1 3581 3554 3597 -1 3581 3598 3560 -1 3599 3588 3604 -1 3575 3599 3596 -1 3600 3591 3570 -1 3567 3591 3603 -1 3577 3604 3588 -1 3592 3572 3605 -1 3606 3605 3572 -1 3590 3583 3607 -1 3607 3583 3608 -1 3608 3596 3599 -1 3583 3596 3608 -1 3578 3589 3609 -1 3587 3593 3610 -1 3593 3578 3609 -1 3611 3563 3602 -1 3591 3600 3612 -1 3597 3603 3612 -1 3581 3597 3613 -1 3604 3577 3598 -1 3599 3604 3614 -1 3615 3599 3614 -1 3608 3599 3615 -1 3606 3572 3601 -1 3609 3589 3594 -1 3595 3616 3584 -1 3595 3563 3611 -1 3587 3610 3601 -1 3600 3617 3612 -1 3606 3601 3618 -1 3610 3593 3619 -1 3593 3609 3619 -1 3603 3591 3612 -1 3581 3613 3620 -1 3598 3581 3620 -1 3604 3598 3621 -1 3614 3604 3621 -1 3622 3590 3607 -1 3621 3598 3620 -1 3622 3602 3590 -1 3619 3609 3623 -1 3609 3594 3623 -1 3618 3601 3610 -1 3610 3619 3624 -1 3612 3613 3597 -1 3606 3618 3605 -1 3625 3626 3627 -1 3594 3584 3616 -1 3616 3595 3611 -1 3611 3602 3628 -1 3629 3605 3630 -1 3602 3631 3628 -1 3618 3630 3605 -1 3622 3631 3602 -1 3625 3627 3632 -1 3633 3634 3635 -1 3620 3634 3621 -1 3633 3621 3634 -1 3636 3626 3624 -1 3621 3633 3614 -1 3614 3633 3637 -1 3619 3636 3624 -1 3615 3614 3637 -1 3619 3623 3636 -1 3631 3622 3638 -1 3607 3638 3622 -1 3616 3623 3594 -1 3638 3607 3608 -1 3610 3630 3618 -1 3617 3639 3612 -1 3628 3631 3640 -1 3626 3636 3627 -1 3641 3620 3613 -1 3626 3630 3624 -1 3634 3620 3642 -1 3635 3634 3642 -1 3627 3636 3632 -1 3631 3637 3640 -1 3624 3630 3610 -1 3637 3631 3638 -1 3637 3638 3615 -1 3615 3638 3608 -1 3643 3633 3635 -1 3629 3630 3626 -1 3628 3643 3644 -1 3636 3623 3645 -1 3642 3620 3641 -1 3645 3623 3646 -1 3646 3623 3616 -1 3646 3616 3611 -1 3628 3647 3611 -1 3645 3632 3636 -1 3612 3639 3648 -1 3643 3635 3644 -1 3644 3647 3628 -1 3640 3643 3628 -1 3643 3640 3633 -1 3633 3640 3637 -1 3647 3649 3611 -1 3635 3642 3644 -1 3613 3612 3648 -1 3649 3646 3611 -1 3613 3648 3641 -1 3649 3647 3650 -1 3645 3646 3651 -1 3646 3649 3652 -1 3653 3641 3648 -1 3642 3641 3654 -1 3655 3632 3645 -1 3654 3641 3653 -1 3656 3647 3644 -1 3657 3656 3644 -1 3644 3642 3657 -1 3650 3647 3656 -1 3655 3645 3651 -1 3651 3646 3652 -1 3652 3649 3658 -1 3658 3649 3650 -1 3642 3654 3657 -1 3658 3650 3659 -1 3650 3660 3659 -1 3660 3650 3661 -1 3650 3656 3661 -1 3655 3651 3662 -1 3662 3651 3663 -1 3663 3651 3652 -1 3664 3663 3652 -1 3661 3657 3665 -1 3658 3664 3652 -1 3659 3664 3658 -1 3656 3657 3661 -1 3666 3665 3654 -1 3654 3653 3666 -1 3665 3657 3654 -1 3667 3659 3660 -1 3659 3667 3668 -1 3667 3660 3661 -1 3663 3669 3662 -1 3669 3664 3668 -1 3661 3665 3670 -1 3664 3659 3668 -1 3666 3670 3665 -1 3671 3662 3669 -1 3663 3664 3669 -1 3667 3661 3672 -1 3672 3661 3670 -1 3667 3672 3673 -1 3669 3668 3674 -1 3675 3667 3676 -1 3667 3675 3668 -1 3671 3669 3677 -1 3672 3670 3673 -1 3674 3668 3675 -1 3673 3676 3667 -1 3677 3669 3678 -1 3669 3674 3678 -1 3673 3679 3676 -1 3679 3673 3680 -1 3681 3677 3678 -1 3682 3683 3675 -1 3682 3675 3676 -1 3675 3683 3674 -1 3681 3678 3683 -1 3683 3678 3674 -1 3679 3682 3676 -1 3684 3681 3683 -1 3685 3686 3687 -1 3688 3686 3685 -1 3689 3688 3685 -1 3690 3691 3692 -1 3692 3689 3693 -1 3694 3691 3690 -1 3690 3692 3695 -1 3690 3696 3694 -1 3697 3694 3696 -1 3692 3693 3695 -1 3689 3685 3698 -1 3693 3689 3698 -1 3695 3696 3690 -1 3693 3698 3699 -1 3700 3701 3693 -1 3693 3699 3700 -1 3695 3693 3701 -1 3701 3696 3695 -1 3702 3696 3701 -1 3697 3696 3702 -1 3702 3703 3697 -1 3704 3697 3703 -1 3704 3703 3705 -1 3705 3703 3706 -1 3705 3706 3707 -1 3708 3701 3700 -1 3702 3701 3708 -1 3703 3709 3706 -1 3702 3708 3709 -1 3703 3702 3709 -1 3708 3710 3711 -1 3708 3711 3709 -1 3711 3706 3709 -1 3712 3713 3714 -1 3713 3712 3715 -1 3716 3714 3717 -1 3715 3718 3713 -1 3714 3713 3719 -1 3718 3719 3713 -1 3718 3715 3720 -1 3717 3714 3721 -1 3721 3714 3719 -1 3722 3717 3723 -1 3717 3721 3723 -1 3724 3725 3726 -1 3721 3719 3727 -1 3718 3720 3728 -1 3718 3728 3729 -1 3719 3718 3729 -1 3729 3727 3719 -1 3730 3724 3731 -1 3725 3722 3726 -1 3727 3729 3732 -1 3732 3729 3733 -1 3728 3734 3735 -1 3736 3730 3731 -1 3733 3729 3728 -1 3723 3721 3727 -1 3735 3734 3737 -1 3731 3726 3738 -1 3733 3728 3735 -1 3737 3734 3739 -1 3724 3726 3731 -1 3736 3731 3740 -1 3723 3727 3741 -1 3742 3737 3739 -1 3743 3744 3745 -1 3726 3722 3723 -1 3733 3735 3746 -1 3744 3743 3747 -1 3741 3727 3732 -1 3731 3738 3748 -1 3738 3726 3723 -1 3741 3732 3733 -1 3738 3723 3749 -1 3741 3733 3750 -1 3735 3737 3746 -1 3740 3731 3748 -1 3748 3738 3751 -1 3723 3741 3749 -1 3746 3750 3733 -1 3752 3750 3746 -1 3746 3737 3752 -1 3737 3742 3752 -1 3753 3747 3743 -1 3747 3754 3755 -1 3756 3755 3754 -1 3745 3740 3757 -1 3754 3747 3753 -1 3751 3738 3749 -1 3741 3750 3749 -1 3752 3749 3750 -1 3742 3758 3752 -1 3743 3745 3757 -1 3748 3757 3740 -1 3748 3751 3759 -1 3760 3761 3762 -1 3763 3760 3762 -1 3764 3763 3762 -1 3764 3762 3765 -1 3766 3749 3767 -1 3749 3752 3767 -1 3752 3758 3767 -1 3743 3757 3768 -1 3748 3759 3757 -1 3751 3749 3766 -1 3769 3762 3761 -1 3743 3768 3753 -1 3770 3756 3754 -1 3761 3756 3770 -1 3751 3766 3759 -1 3771 3762 3769 -1 3768 3772 3773 -1 3768 3757 3772 -1 3770 3754 3774 -1 3775 3765 3762 -1 3773 3776 3768 -1 3757 3777 3772 -1 3757 3759 3778 -1 3754 3753 3779 -1 3780 3773 3781 -1 3772 3781 3773 -1 3753 3768 3776 -1 3757 3778 3777 -1 3774 3779 3782 -1 3754 3779 3774 -1 3766 3783 3784 -1 3785 3786 3776 -1 3767 3787 3766 -1 3773 3785 3776 -1 3767 3758 3787 -1 3758 3788 3787 -1 3782 3779 3789 -1 3769 3761 3770 -1 3778 3759 3784 -1 3759 3766 3784 -1 3775 3762 3771 -1 3766 3787 3783 -1 3785 3773 3780 -1 3753 3776 3790 -1 3779 3753 3790 -1 3789 3779 3790 -1 3774 3782 3791 -1 3771 3769 3792 -1 3793 3776 3786 -1 3780 3781 3794 -1 3787 3788 3795 -1 3796 3790 3776 -1 3790 3797 3789 -1 3781 3772 3798 -1 3772 3777 3798 -1 3789 3799 3782 -1 3800 3777 3778 -1 3801 3783 3787 -1 3771 3802 3775 -1 3780 3794 3803 -1 3802 3804 3775 -1 3795 3801 3787 -1 3776 3793 3796 -1 3796 3797 3790 -1 3781 3798 3805 -1 3770 3774 3791 -1 3770 3791 3792 -1 3769 3770 3792 -1 3778 3784 3800 -1 3806 3785 3780 -1 3795 3788 3807 -1 3794 3781 3805 -1 3782 3799 3791 -1 3800 3798 3777 -1 3801 3808 3783 -1 3800 3784 3809 -1 3808 3809 3784 -1 3784 3783 3808 -1 3771 3792 3810 -1 3786 3785 3806 -1 3811 3808 3801 -1 3771 3810 3802 -1 3793 3786 3796 -1 3812 3806 3780 -1 3797 3796 3813 -1 3805 3798 3814 -1 3799 3789 3815 -1 3799 3816 3791 -1 3816 3817 3791 -1 3792 3791 3817 -1 3798 3800 3818 -1 3819 3786 3806 -1 3796 3786 3819 -1 3812 3780 3803 -1 3820 3795 3821 -1 3795 3807 3822 -1 3822 3821 3795 -1 3823 3802 3824 -1 3804 3802 3823 -1 3825 3797 3813 -1 3800 3809 3818 -1 3809 3808 3826 -1 3801 3795 3820 -1 3802 3810 3827 -1 3827 3824 3802 -1 3804 3823 3828 -1 3815 3797 3825 -1 3789 3797 3815 -1 3792 3817 3829 -1 3814 3798 3818 -1 3818 3809 3830 -1 3830 3809 3826 -1 3826 3808 3831 -1 3808 3832 3831 -1 3810 3792 3829 -1 3832 3808 3811 -1 3811 3801 3820 -1 3821 3822 3833 -1 3834 3794 3835 -1 3794 3805 3835 -1 3836 3813 3796 -1 3799 3815 3837 -1 3816 3799 3837 -1 3838 3817 3816 -1 3806 3812 3839 -1 3840 3827 3810 -1 3832 3811 3841 -1 3819 3836 3796 -1 3842 3820 3821 -1 3843 3834 3835 -1 3835 3805 3814 -1 3817 3838 3844 -1 3829 3817 3844 -1 3830 3826 3845 -1 3845 3826 3831 -1 3829 3846 3810 -1 3847 3848 3832 -1 3819 3806 3839 -1 3824 3827 3840 -1 3823 3824 3849 -1 3849 3850 3823 -1 3821 3851 3842 -1 3794 3834 3843 -1 3828 3823 3850 -1 3821 3833 3851 -1 3815 3825 3852 -1 3853 3816 3837 -1 3838 3816 3853 -1 3818 3854 3814 -1 3818 3830 3854 -1 3831 3832 3848 -1 3840 3810 3846 -1 3832 3841 3847 -1 3803 3794 3843 -1 3855 3828 3850 -1 3813 3852 3825 -1 3844 3838 3837 -1 3829 3844 3856 -1 3845 3854 3830 -1 3829 3857 3846 -1 3820 3841 3811 -1 3858 3820 3842 -1 3859 3842 3851 -1 3836 3852 3813 -1 3838 3853 3837 -1 3860 3854 3845 -1 3831 3861 3845 -1 3862 3803 3843 -1 3849 3824 3863 -1 3687 3850 3864 -1 3855 3850 3687 -1 3844 3837 3856 -1 3860 3814 3854 -1 3847 3841 3865 -1 3824 3840 3866 -1 3863 3824 3866 -1 3835 3862 3843 -1 3852 3836 3867 -1 3835 3814 3868 -1 3860 3845 3869 -1 3869 3845 3861 -1 3870 3829 3856 -1 3857 3829 3870 -1 3840 3846 3871 -1 3847 3872 3848 -1 3866 3840 3871 -1 3862 3812 3803 -1 3858 3842 3859 -1 3873 3859 3851 -1 3867 3815 3852 -1 3837 3815 3867 -1 3868 3814 3860 -1 3861 3831 3874 -1 3875 3874 3831 -1 3831 3848 3875 -1 3876 3857 3870 -1 3819 3839 3877 -1 3820 3858 3841 -1 3862 3835 3868 -1 3856 3837 3878 -1 3869 3861 3879 -1 3875 3848 3872 -1 3857 3880 3846 -1 3871 3846 3880 -1 3872 3847 3865 -1 3865 3841 3881 -1 3841 3858 3881 -1 3836 3819 3882 -1 3883 3849 3863 -1 3883 3850 3849 -1 3867 3836 3884 -1 3885 3870 3856 -1 3868 3860 3869 -1 3877 3839 3886 -1 3882 3819 3877 -1 3884 3836 3882 -1 3812 3887 3839 -1 3812 3862 3887 -1 3881 3858 3888 -1 3859 3888 3858 -1 3883 3864 3850 -1 3878 3885 3856 -1 3889 3871 3880 -1 3890 3871 3889 -1 3866 3871 3890 -1 3859 3873 3888 -1 3883 3863 3891 -1 3862 3868 3887 -1 3878 3867 3884 -1 3887 3868 3869 -1 3867 3878 3837 -1 3876 3880 3857 -1 3892 3687 3864 -1 3885 3893 3870 -1 3870 3893 3876 -1 3839 3887 3886 -1 3866 3894 3863 -1 3891 3863 3894 -1 3888 3895 3881 -1 3878 3884 3896 -1 3892 3897 3687 -1 3885 3878 3898 -1 3685 3687 3897 -1 3899 3869 3879 -1 3879 3861 3900 -1 3875 3872 3865 -1 3895 3901 3881 -1 3902 3884 3882 -1 3892 3864 3903 -1 3887 3869 3899 -1 3900 3861 3874 -1 3890 3904 3866 -1 3903 3864 3883 -1 3884 3902 3896 -1 3893 3880 3876 -1 3875 3865 3905 -1 3877 3886 3902 -1 3877 3902 3882 -1 3874 3875 3906 -1 3894 3907 3891 -1 3891 3908 3883 -1 3892 3903 3909 -1 3897 3892 3909 -1 3886 3910 3902 -1 3905 3906 3875 -1 3881 3911 3865 -1 3908 3891 3907 -1 3908 3903 3883 -1 3893 3885 3898 -1 3698 3685 3897 -1 3879 3900 3899 -1 3900 3874 3906 -1 3880 3893 3912 -1 3880 3912 3889 -1 3886 3887 3913 -1 3911 3881 3901 -1 3896 3902 3914 -1 3887 3899 3913 -1 3904 3915 3866 -1 3894 3866 3915 -1 3910 3886 3913 -1 3905 3865 3911 -1 3916 3878 3896 -1 3898 3878 3916 -1 3909 3903 3908 -1 3698 3897 3699 -1 3898 3912 3893 -1 3889 3912 3917 -1 3904 3890 3917 -1 3889 3917 3890 -1 3914 3902 3918 -1 3916 3896 3914 -1 3898 3916 3919 -1 3919 3920 3898 -1 3912 3898 3920 -1 3913 3899 3921 -1 3899 3900 3921 -1 3917 3912 3920 -1 3908 3907 3922 -1 3922 3909 3908 -1 3897 3909 3923 -1 3699 3897 3923 -1 3923 3909 3922 -1 3910 3913 3924 -1 3894 3915 3925 -1 3910 3918 3902 -1 3926 3916 3914 -1 3919 3916 3926 -1 3913 3921 3927 -1 3921 3900 3928 -1 3900 3906 3929 -1 3930 3911 3901 -1 3913 3927 3924 -1 3927 3921 3931 -1 3921 3928 3931 -1 3928 3900 3929 -1 3904 3932 3915 -1 3894 3925 3907 -1 3699 3923 3933 -1 3933 3700 3699 -1 3934 3924 3935 -1 3924 3934 3910 -1 3911 3936 3905 -1 3931 3924 3927 -1 3934 3918 3910 -1 3918 3926 3914 -1 3937 3924 3931 -1 3928 3937 3931 -1 3917 3920 3938 -1 3904 3917 3938 -1 3904 3938 3932 -1 3905 3929 3906 -1 3925 3915 3939 -1 3922 3907 3925 -1 3700 3933 3940 -1 3935 3924 3937 -1 3940 3933 3923 -1 3918 3934 3941 -1 3918 3941 3926 -1 3919 3926 3941 -1 3920 3919 3941 -1 3928 3929 3942 -1 3940 3923 3922 -1 3708 3700 3940 -1 3934 3935 3943 -1 3937 3928 3944 -1 3928 3942 3944 -1 3942 3929 3945 -1 3905 3945 3929 -1 3936 3911 3946 -1 3943 3935 3937 -1 3936 3945 3905 -1 3947 3920 3941 -1 3915 3932 3948 -1 3939 3915 3948 -1 3939 3949 3925 -1 3949 3922 3925 -1 3949 3950 3922 -1 3940 3922 3950 -1 3950 3951 3940 -1 3943 3937 3952 -1 3952 3937 3944 -1 3946 3945 3936 -1 3953 3934 3943 -1 3953 3954 3934 -1 3941 3934 3954 -1 3954 3947 3941 -1 3938 3920 3947 -1 3951 3710 3940 -1 3708 3940 3710 -1 3938 3948 3932 -1 3944 3942 3955 -1 3945 3955 3942 -1 3952 3956 3943 -1 3957 3947 3958 -1 3947 3957 3938 -1 3948 3938 3957 -1 3948 3959 3939 -1 3949 3939 3959 -1 3960 3949 3959 -1 3949 3960 3950 -1 3953 3943 3956 -1 3954 3953 3956 -1 3950 3960 3961 -1 3950 3961 3962 -1 3963 3954 3956 -1 3951 3950 3962 -1 3954 3964 3947 -1 3965 3962 3961 -1 3958 3947 3964 -1 3966 3958 3964 -1 3962 3710 3951 -1 3955 3967 3944 -1 3710 3962 3711 -1 3967 3955 3968 -1 3969 3968 3955 -1 3955 3945 3969 -1 3966 3968 3970 -1 3964 3967 3968 -1 3968 3966 3964 -1 3971 3945 3946 -1 3952 3963 3956 -1 3963 3952 3972 -1 3964 3954 3963 -1 3944 3972 3952 -1 3972 3944 3967 -1 3969 3970 3968 -1 3711 3962 3965 -1 3973 3948 3957 -1 3974 3959 3948 -1 3960 3959 3974 -1 3961 3960 3975 -1 3963 3972 3964 -1 3967 3964 3972 -1 3945 3971 3969 -1 3971 3976 3969 -1 3976 3977 3970 -1 3970 3969 3976 -1 3966 3970 3977 -1 3958 3966 3977 -1 3946 3978 3971 -1 3957 3958 3977 -1 3974 3979 3960 -1 3960 3979 3975 -1 3977 3973 3957 -1 3974 3948 3973 -1 3977 3976 3980 -1 3979 3974 3981 -1 3971 3982 3976 -1 3974 3973 3983 -1 3984 3971 3978 -1 3973 3977 3983 -1 3979 3981 3985 -1 3980 3976 3982 -1 3971 3986 3982 -1 3974 3983 3981 -1 3983 3977 3980 -1 3986 3971 3984 -1 3987 3985 3981 -1 3985 3987 3988 -1 3982 3989 3980 -1 3988 3990 3985 -1 3986 3991 3982 -1 3992 3982 3991 -1 3989 3982 3992 -1 3983 3993 3981 -1 3980 3994 3983 -1 3980 3989 3994 -1 3993 3983 3994 -1 3987 3981 3993 -1 3986 3984 3991 -1 3984 3995 3991 -1 3992 3991 3996 -1 3988 3987 3997 -1 3988 3997 3998 -1 3999 3989 3996 -1 3996 3989 3992 -1 3990 3988 3998 -1 3994 3989 3999 -1 4000 3994 3999 -1 3993 3994 4000 -1 4000 3997 3993 -1 3987 3993 3997 -1 3998 3997 4001 -1 4002 3999 3996 -1 4000 3999 4003 -1 4001 3997 4004 -1 4002 3996 4005 -1 3997 4000 4006 -1 4000 4003 4006 -1 4002 4007 3999 -1 4003 3999 4007 -1 4006 4008 3997 -1 4004 3997 4008 -1 4007 4002 4009 -1 4002 4005 4010 -1 4010 4009 4002 -1 4009 4010 4011 -1 4007 4012 4003 -1 4003 4012 4006 -1 4009 4012 4007 -1 4006 4012 4013 -1 4014 4013 4012 -1 4013 4015 4006 -1 4006 4015 4008 -1 4009 4014 4012 -1 4009 4016 4014 -1 4014 4017 4018 -1 4013 4014 4018 -1 4017 4016 4019 -1 4014 4016 4017 -1 4013 4020 4015 -1 4013 4018 4020 -1 4019 4016 4021 -1 4020 4018 4022 -1 4022 4017 4023 -1 4017 4022 4018 -1 4019 4023 4017 -1 4020 4022 4024 -1 4025 4022 4023 -1 4025 4023 4026 -1 4019 4026 4023 -1 4024 4022 4025 -1 4025 4027 4024 -1 4028 3822 3807 -1 3822 4028 4029 -1 4029 3833 3822 -1 4029 4030 3833 -1 3833 4030 4031 -1 3851 3833 4031 -1 4031 4030 4032 -1 3873 3851 4033 -1 3851 4031 4033 -1 4031 4032 4034 -1 3888 3873 4035 -1 3873 4033 4035 -1 4036 4031 4034 -1 3888 4035 3895 -1 4033 4031 4037 -1 4037 4031 4036 -1 4034 4038 4036 -1 4037 4035 4033 -1 4036 4039 4037 -1 4039 4036 4038 -1 4040 4035 4037 -1 3895 4035 4040 -1 3901 3895 4040 -1 4038 4041 4039 -1 3930 3901 4040 -1 4039 4042 4037 -1 4040 4037 4042 -1 4042 4039 4043 -1 4041 4043 4039 -1 3707 3706 4044 -1 3930 4040 4045 -1 4040 4042 4046 -1 4044 3706 4047 -1 3911 3930 4045 -1 4048 4046 4042 -1 4049 4044 4047 -1 4042 4043 4048 -1 3911 4045 3946 -1 4046 4045 4040 -1 4048 4043 4050 -1 4047 3706 3711 -1 4051 4045 4046 -1 4046 4052 4051 -1 4048 4052 4046 -1 4051 4052 4053 -1 3961 4054 3965 -1 4048 4050 4055 -1 4051 4056 4045 -1 4052 4048 4055 -1 3711 3965 4047 -1 4057 4054 4058 -1 4057 4049 4047 -1 4057 4059 4049 -1 4059 4057 4058 -1 3946 4045 4056 -1 4056 4051 4060 -1 4053 4061 4051 -1 4061 4053 4062 -1 3965 4057 4047 -1 4052 4063 4053 -1 4055 4063 4052 -1 3965 4054 4057 -1 4064 4058 4054 -1 4064 4059 4058 -1 4054 3961 3975 -1 4060 4051 4061 -1 4065 4059 4064 -1 4059 4065 4066 -1 3978 3946 4056 -1 4054 3975 4064 -1 4060 4061 4067 -1 4066 4065 4068 -1 4060 3978 4056 -1 4060 4067 4069 -1 4061 4062 4070 -1 4065 4064 4071 -1 4066 4068 4072 -1 4073 4066 4072 -1 4074 3975 3979 -1 4064 3975 4074 -1 4074 4071 4064 -1 4071 4075 4065 -1 4068 4065 4075 -1 4072 4076 4073 -1 4077 4071 4074 -1 4075 4071 4077 -1 4074 3979 3985 -1 4075 4072 4068 -1 3978 4060 4069 -1 4078 4077 4074 -1 4067 4061 4079 -1 4070 4079 4061 -1 4069 3984 3978 -1 4080 4069 4081 -1 4067 4081 4069 -1 4079 4081 4067 -1 4082 4079 4070 -1 3985 3990 4074 -1 3990 4078 4074 -1 4083 4072 4075 -1 4077 4078 4084 -1 4072 4083 4076 -1 4075 4077 4084 -1 4083 4075 4084 -1 4076 4085 4073 -1 4069 3995 3984 -1 4080 3995 4069 -1 3995 4086 3991 -1 4080 4081 4087 -1 4087 4081 4088 -1 4081 4079 4089 -1 4079 4082 4090 -1 3990 3998 4078 -1 4091 4078 3998 -1 4084 4078 4091 -1 4084 4092 4083 -1 4084 4091 4092 -1 4085 4076 4093 -1 4094 4080 4087 -1 3995 4080 4094 -1 4088 4081 4089 -1 4089 4079 4090 -1 3996 3991 4086 -1 4094 4086 3995 -1 4092 4093 4083 -1 4083 4093 4076 -1 4085 4093 4095 -1 3996 4086 4005 -1 4092 4091 4096 -1 4089 4090 4097 -1 3998 4001 4091 -1 4093 4092 4098 -1 4095 4093 4099 -1 4100 4091 4001 -1 4101 4091 4100 -1 4098 4092 4096 -1 4098 4099 4093 -1 4102 4005 4086 -1 4086 4094 4102 -1 4094 4087 4088 -1 4001 4004 4100 -1 4091 4101 4096 -1 4103 4097 4090 -1 4104 4095 4099 -1 4100 4004 4008 -1 4088 4089 4105 -1 4105 4089 4097 -1 4010 4005 4102 -1 4099 4098 4106 -1 4105 4094 4088 -1 4107 4108 4099 -1 4104 4099 4108 -1 4109 4096 4101 -1 4096 4109 4098 -1 4109 4106 4098 -1 4106 4107 4099 -1 4102 4094 4110 -1 4100 4008 4111 -1 4112 4108 4113 -1 4101 4100 4111 -1 4111 4114 4101 -1 4108 4107 4113 -1 4097 4115 4105 -1 4010 4102 4011 -1 4097 4103 4115 -1 4109 4101 4114 -1 4116 4115 4103 -1 4117 4108 4112 -1 4110 4011 4102 -1 4106 4109 4118 -1 4107 4106 4113 -1 4105 4110 4094 -1 4118 4109 4119 -1 4120 4121 4122 -1 4121 4120 4123 -1 4118 4113 4106 -1 4124 4105 4125 -1 4124 4125 4126 -1 4127 4125 4115 -1 4116 4127 4115 -1 4128 4111 4008 -1 4127 4116 4129 -1 4116 4130 4129 -1 4130 4120 4122 -1 4111 4131 4114 -1 4114 4132 4109 -1 4109 4132 4119 -1 4133 4011 4110 -1 4133 4110 4134 -1 4124 4134 4110 -1 4105 4124 4110 -1 4125 4105 4115 -1 4011 4133 4135 -1 4135 4009 4011 -1 4009 4135 4016 -1 4136 4127 4129 -1 4008 4015 4128 -1 4129 4130 4136 -1 4111 4128 4131 -1 4131 4132 4114 -1 4119 4137 4118 -1 4138 4133 4139 -1 4124 4140 4134 -1 4118 4137 4113 -1 4123 4117 4141 -1 4141 4117 4112 -1 4141 4112 4142 -1 4124 4126 4143 -1 4016 4135 4138 -1 4135 4133 4138 -1 4127 4144 4125 -1 4144 4127 4145 -1 4127 4136 4145 -1 4132 4131 4146 -1 4134 4139 4133 -1 4147 4141 4142 -1 4112 4113 4142 -1 4137 4142 4113 -1 4123 4148 4121 -1 4149 4147 4142 -1 4142 4137 4149 -1 4131 4128 4150 -1 4151 4139 4134 -1 4126 4125 4144 -1 4136 4130 4152 -1 4130 4122 4152 -1 4126 4153 4143 -1 4154 4137 4119 -1 4122 4121 4155 -1 4123 4141 4156 -1 4148 4123 4156 -1 4141 4147 4156 -1 4119 4132 4157 -1 4128 4015 4158 -1 4131 4159 4146 -1 4132 4146 4157 -1 4134 4140 4151 -1 4119 4160 4154 -1 4144 4153 4126 -1 4149 4137 4154 -1 4144 4145 4161 -1 4148 4155 4121 -1 4159 4131 4150 -1 4162 4122 4155 -1 4119 4157 4160 -1 4143 4140 4124 -1 4150 4128 4158 -1 4147 4149 4163 -1 4015 4020 4158 -1 4152 4122 4162 -1 4161 4153 4144 -1 4016 4138 4021 -1 4145 4136 4164 -1 4136 4152 4164 -1 4165 4147 4163 -1 4138 4166 4021 -1 4138 4139 4166 -1 4166 4139 4167 -1 4139 4151 4167 -1 4168 4151 4140 -1 4156 4147 4165 -1 4140 4143 4153 -1 4168 4140 4153 -1 4164 4152 4162 -1 4163 4149 4154 -1 4161 4145 4164 -1 4168 4167 4151 -1 4024 4158 4020 -1 4026 4021 4169 -1 4170 4171 4168 -1 4170 4168 4153 -1 4150 4158 4172 -1 4173 4174 4160 -1 4161 4170 4153 -1 4160 4174 4154 -1 4021 4166 4169 -1 4150 4172 4159 -1 4159 4172 4175 -1 4161 4176 4170 -1 4177 4154 4174 -1 4159 4175 4146 -1 4163 4177 4165 -1 4026 4019 4021 -1 4146 4175 4157 -1 4175 4173 4157 -1 4176 4161 4164 -1 4177 4163 4154 -1 4160 4157 4173 -1 4178 4176 4164 -1 4178 4164 4162 -1 4178 4162 4179 -1 4179 4162 4155 -1 4166 4167 4169 -1 4148 4180 4155 -1 4180 4179 4155 -1 4024 4172 4158 -1 4165 4181 4156 -1 4168 4171 4167 -1 4181 4148 4156 -1 4181 4165 4177 -1 4169 4182 4026 -1 4170 4176 4183 -1 4184 4026 4182 -1 4026 4184 4025 -1 4169 4167 4185 -1 4027 4186 4024 -1 4167 4171 4185 -1 4180 4148 4187 -1 4186 4172 4024 -1 4148 4181 4187 -1 4188 4172 4186 -1 4189 4175 4172 -1 4190 4180 4187 -1 4176 4178 4191 -1 4179 4180 4190 -1 4174 4173 4192 -1 4182 4169 4193 -1 4181 4177 4194 -1 4169 4185 4193 -1 4174 4195 4177 -1 4183 4176 4196 -1 4196 4176 4191 -1 4025 4184 4027 -1 4175 4189 4173 -1 4178 4179 4191 -1 4190 4191 4179 -1 4187 4181 4194 -1 4197 4185 4171 -1 4192 4173 4198 -1 4199 4184 4182 -1 4189 4172 4188 -1 4177 4200 4194 -1 4199 4027 4184 -1 4177 4195 4200 -1 4182 4193 4201 -1 4202 4188 4186 -1 4203 4171 4204 -1 4171 4170 4204 -1 4204 4170 4183 -1 4193 4185 4197 -1 4191 4190 4205 -1 4199 4182 4201 -1 4198 4173 4189 -1 4206 4187 4207 -1 4207 4187 4194 -1 4186 4027 4202 -1 4203 4197 4171 -1 4202 4208 4188 -1 4192 4198 4209 -1 4174 4192 4195 -1 4201 4193 4210 -1 4196 4191 4205 -1 4208 4189 4188 -1 4205 4190 4206 -1 4189 4208 4198 -1 4187 4206 4190 -1 4194 4200 4207 -1 4210 4193 4197 -1 4211 4204 4212 -1 4201 4213 4199 -1 4213 4201 4214 -1 4201 4210 4214 -1 4215 4208 4216 -1 4183 4212 4204 -1 4217 4192 4209 -1 4212 4196 4218 -1 4183 4196 4212 -1 4208 4215 4198 -1 4219 4198 4215 -1 4213 4214 4220 -1 4195 4192 4217 -1 4027 4199 4213 -1 4027 4213 4202 -1 4205 4218 4196 -1 4213 4216 4202 -1 4216 4208 4202 -1 4219 4209 4198 -1 4221 4200 4195 -1 4197 4203 4222 -1 4223 4222 4203 -1 4203 4211 4223 -1 4222 4210 4197 -1 4207 4200 4221 -1 4204 4211 4203 -1 4224 4214 4210 -1 4220 4225 4213 -1 4225 4216 4213 -1 4216 4226 4215 -1 4211 4212 4227 -1 4217 4221 4195 -1 4218 4205 4228 -1 4229 4228 4205 -1 4206 4230 4229 -1 4205 4206 4229 -1 4231 4230 4206 -1 4231 4207 4221 -1 4231 4206 4207 -1 4232 4214 4224 -1 4221 4217 4233 -1 4214 4232 4220 -1 4219 4234 4209 -1 4227 4212 4235 -1 4224 4210 4236 -1 4236 4210 4222 -1 4225 4226 4216 -1 4209 4237 4217 -1 4212 4218 4235 -1 4223 4211 4238 -1 4211 4227 4238 -1 4237 4233 4217 -1 4239 4231 4240 -1 4231 4221 4240 -1 4235 4218 4228 -1 4230 4231 4239 -1 4241 4240 4221 -1 4241 4221 4233 -1 4222 4223 4242 -1 4230 4228 4229 -1 4242 4223 4238 -1 4237 4209 4234 -1 4230 4239 4243 -1 4219 4215 4244 -1 4236 4222 4242 -1 4244 4234 4219 -1 4245 4238 4227 -1 4235 4245 4227 -1 4244 4215 4226 -1 4226 4225 4246 -1 4247 4235 4228 -1 4233 4237 4234 -1 4228 4230 4247 -1 4243 4247 4230 -1 4240 4243 4239 -1 4248 4226 4246 -1 4244 4226 4248 -1 4244 4249 4234 -1 4225 4220 4250 -1 4224 4236 4251 -1 4241 4252 4240 -1 4253 4234 4249 -1 4224 4254 4232 -1 4234 4253 4233 -1 4255 4232 4254 -1 4256 4241 4233 -1 4253 4256 4233 -1 4245 4247 4257 -1 4255 4258 4232 -1 4235 4247 4245 -1 4232 4258 4220 -1 4243 4240 4259 -1 4252 4259 4240 -1 4220 4258 4250 -1 4242 4251 4236 -1 4225 4250 4260 -1 4225 4260 4246 -1 4243 4261 4247 -1 4262 4261 4243 -1 4242 4238 4263 -1 4238 4245 4264 -1 4246 4265 4248 -1 4254 4224 4266 -1 4247 4267 4257 -1 4244 4248 4268 -1 4269 4244 4268 -1 4255 4270 4258 -1 4262 4243 4259 -1 4271 4244 4269 -1 4249 4244 4271 -1 4258 4272 4250 -1 4273 4242 4263 -1 4274 4261 4262 -1 4263 4238 4264 -1 4249 4271 4275 -1 4248 4265 4276 -1 4277 4266 4224 -1 4278 4248 4276 -1 4279 4264 4245 -1 4279 4245 4257 -1 4280 4253 4249 -1 4281 4253 4280 -1 4282 4257 4267 -1 4252 4241 4283 -1 4267 4247 4284 -1 4285 4259 4252 -1 4261 4284 4247 -1 4286 4284 4261 -1 4251 4277 4224 -1 4260 4250 4287 -1 4251 4242 4273 -1 4262 4259 4288 -1 4260 4289 4246 -1 4264 4290 4263 -1 4289 4291 4246 -1 4291 4265 4246 -1 4268 4248 4278 -1 4255 4254 4292 -1 4256 4253 4293 -1 4283 4241 4256 -1 4274 4286 4261 -1 4254 4266 4294 -1 4281 4293 4253 -1 4292 4270 4255 -1 4262 4288 4295 -1 4275 4271 4296 -1 4293 4281 4297 -1 4283 4256 4298 -1 4289 4260 4299 -1 4283 4300 4252 -1 4301 4264 4279 -1 4302 4249 4296 -1 4275 4296 4249 -1 4268 4278 4303 -1 4279 4257 4304 -1 4269 4268 4305 -1 4280 4249 4302 -1 4282 4304 4257 -1 4258 4270 4306 -1 4256 4293 4298 -1 4251 4307 4277 -1 4272 4308 4250 -1 4267 4284 4309 -1 4291 4289 4310 -1 4286 4274 4311 -1 4295 4288 4312 -1 4288 4259 4313 -1 4259 4285 4313 -1 4262 4295 4274 -1 4285 4252 4314 -1 4276 4265 4303 -1 4270 4292 4306 -1 4292 4254 4294 -1 4276 4303 4278 -1 4280 4302 4315 -1 4287 4250 4316 -1 4260 4287 4316 -1 4299 4260 4316 -1 4265 4291 4310 -1 4271 4269 4305 -1 4296 4271 4305 -1 4293 4297 4317 -1 4283 4298 4300 -1 4251 4273 4318 -1 4313 4285 4314 -1 4252 4300 4314 -1 4294 4266 4307 -1 4292 4294 4319 -1 4304 4282 4320 -1 4305 4268 4303 -1 4272 4258 4308 -1 4316 4250 4308 -1 4282 4267 4320 -1 4281 4280 4315 -1 4297 4281 4315 -1 4267 4309 4320 -1 4289 4299 4310 -1 4286 4309 4284 -1 4307 4266 4277 -1 4311 4309 4286 -1 4293 4317 4298 -1 4318 4273 4263 -1 4312 4288 4313 -1 4306 4308 4258 -1 4316 4308 4321 -1 4307 4251 4318 -1 4311 4274 4295 -1 4263 4290 4322 -1 4290 4264 4322 -1 4301 4279 4304 -1 4317 4297 4315 -1 4306 4292 4319 -1 4303 4265 4310 -1 4298 4323 4300 -1 4323 4298 4317 -1 4318 4263 4322 -1 4305 4303 4324 -1 4315 4302 4296 -1 4309 4311 4325 -1 4325 4311 4326 -1 4318 4322 4307 -1 4323 4327 4300 -1 4306 4328 4308 -1 4320 4309 4329 -1 4315 4323 4317 -1 4311 4295 4326 -1 4322 4330 4307 -1 4301 4304 4331 -1 4320 4331 4304 -1 4296 4332 4315 -1 4296 4305 4333 -1 4329 4309 4325 -1 4316 4334 4299 -1 4312 4313 4335 -1 4310 4299 4334 -1 4314 4335 4313 -1 4306 4319 4328 -1 4319 4294 4336 -1 4332 4323 4315 -1 4295 4312 4326 -1 4322 4264 4301 -1 4327 4323 4337 -1 4331 4320 4329 -1 4332 4296 4333 -1 4310 4324 4303 -1 4314 4300 4335 -1 4300 4327 4335 -1 4310 4334 4324 -1 4324 4333 4305 -1 4336 4294 4307 -1 4321 4308 4328 -1 4326 4312 4335 -1 4336 4307 4330 -1 4316 4321 4334 -1 4331 4338 4301 -1 4322 4301 4338 -1 4333 4324 4339 -1 4340 4323 4332 -1 4323 4340 4337 -1 4330 4322 4338 -1 4338 4331 4341 -1 4330 4338 4342 -1 4341 4331 4343 -1 4331 4329 4343 -1 4330 4344 4336 -1 4325 4326 4345 -1 4345 4326 4346 -1 4326 4335 4346 -1 4341 4342 4338 -1 4347 4340 4332 -1 4325 4345 4329 -1 4346 4335 4327 -1 4333 4339 4348 -1 4347 4333 4348 -1 4343 4329 4349 -1 4332 4333 4347 -1 4349 4329 4345 -1 4342 4344 4330 -1 4340 4347 4350 -1 4342 4341 4351 -1 4337 4340 4350 -1 4352 4344 4342 -1 4345 4346 4353 -1 4353 4346 4354 -1 4350 4347 4355 -1 4354 4346 4356 -1 4356 4346 4327 -1 4345 4353 4349 -1 4342 4351 4357 -1 4342 4357 4352 -1 4357 4351 4358 -1 4327 4337 4359 -1 4354 4356 4360 -1 4359 4337 4350 -1 4361 4351 4341 -1 4343 4349 4362 -1 4349 4353 4363 -1 4352 4357 4364 -1 4356 4327 4359 -1 4350 4355 4365 -1 4353 4354 4366 -1 4361 4341 4362 -1 4343 4362 4341 -1 4358 4351 4361 -1 4362 4349 4367 -1 4349 4363 4367 -1 4356 4359 4360 -1 4359 4350 4365 -1 4363 4353 4368 -1 4353 4366 4368 -1 4366 4354 4369 -1 4354 4360 4369 -1 4370 4368 4366 -1 4358 4361 4371 -1 4370 4372 4368 -1 4366 4369 4373 -1 4367 4363 4368 -1 4370 4366 4373 -1 4362 4367 4374 -1 4367 4368 4374 -1 4374 4368 4375 -1 4372 4375 4368 -1 4370 4376 4372 -1 4362 4374 4377 -1 4371 4361 4378 -1 4361 4362 4377 -1 4361 4377 4378 -1 4328 4319 4379 -1 4324 4334 4380 -1 4339 4324 4380 -1 4321 4328 4379 -1 4379 4319 4381 -1 4381 4319 4336 -1 4381 4336 4344 -1 4382 4321 4379 -1 4334 4321 4382 -1 4382 4383 4334 -1 4380 4334 4383 -1 4379 4381 4384 -1 4385 4386 4382 -1 4383 4382 4386 -1 4383 4387 4380 -1 4382 4379 4384 -1 4382 4388 4385 -1 4347 4348 4389 -1 4347 4389 4390 -1 4347 4390 4355 -1 4381 4344 4391 -1 4382 4384 4388 -1 4348 4339 4392 -1 4391 4344 4352 -1 4383 4386 4387 -1 4392 4339 4380 -1 4389 4393 4390 -1 4389 4348 4392 -1 4390 4394 4355 -1 4395 4391 4352 -1 4385 4388 4396 -1 4392 4397 4389 -1 4364 4395 4352 -1 4381 4391 4398 -1 4398 4384 4381 -1 4396 4386 4385 -1 4399 4400 4388 -1 4394 4401 4355 -1 4402 4364 4403 -1 4364 4357 4403 -1 4398 4391 4395 -1 4392 4380 4387 -1 4390 4393 4394 -1 4393 4389 4397 -1 4396 4388 4400 -1 4357 4358 4403 -1 4388 4384 4399 -1 4365 4355 4401 -1 4401 4394 4404 -1 4397 4405 4393 -1 4394 4393 4405 -1 4406 4396 4400 -1 4396 4407 4386 -1 4387 4386 4407 -1 4387 4408 4392 -1 4405 4397 4409 -1 4394 4405 4410 -1 4404 4394 4410 -1 4402 4403 4411 -1 4358 4371 4403 -1 4408 4387 4407 -1 4412 4405 4409 -1 4398 4399 4384 -1 4413 4401 4404 -1 4406 4400 4414 -1 4406 4415 4396 -1 4415 4407 4396 -1 4402 4395 4364 -1 4359 4365 4416 -1 4412 4410 4405 -1 4400 4399 4417 -1 4411 4418 4402 -1 4360 4359 4416 -1 4414 4419 4406 -1 4406 4419 4420 -1 4415 4406 4420 -1 4408 4421 4392 -1 4397 4392 4421 -1 4410 4413 4404 -1 4414 4400 4417 -1 4369 4360 4416 -1 4398 4395 4422 -1 4416 4365 4401 -1 4422 4402 4418 -1 4395 4402 4422 -1 4418 4411 4423 -1 4424 4423 4411 -1 4424 4411 4425 -1 4411 4403 4425 -1 4413 4410 4426 -1 4427 4420 4419 -1 4398 4428 4399 -1 4429 4421 4408 -1 4421 4409 4397 -1 4430 4410 4412 -1 4417 4399 4428 -1 4372 4376 4431 -1 4370 4373 4432 -1 4432 4376 4370 -1 4408 4407 4415 -1 4418 4433 4422 -1 4425 4403 4434 -1 4372 4431 4375 -1 4403 4371 4434 -1 4426 4410 4430 -1 4415 4420 4427 -1 4429 4408 4415 -1 4409 4421 4435 -1 4398 4422 4428 -1 4412 4409 4436 -1 4371 4378 4434 -1 4414 4437 4419 -1 4427 4419 4437 -1 4431 4376 4438 -1 4418 4423 4439 -1 4369 4416 4440 -1 4441 4401 4413 -1 4373 4369 4440 -1 4440 4416 4442 -1 4409 4435 4436 -1 4439 4423 4443 -1 4430 4412 4444 -1 4415 4427 4445 -1 4429 4415 4445 -1 4376 4432 4438 -1 4426 4430 4444 -1 4429 4445 4446 -1 4421 4429 4447 -1 4447 4435 4421 -1 4416 4401 4441 -1 4428 4422 4448 -1 4423 4424 4443 -1 4436 4449 4412 -1 4424 4425 4443 -1 4444 4412 4449 -1 4445 4427 4437 -1 4413 4426 4450 -1 4437 4414 4451 -1 4452 4429 4446 -1 4447 4429 4452 -1 4443 4425 4453 -1 4439 4443 4453 -1 4453 4425 4434 -1 4439 4433 4418 -1 4450 4441 4413 -1 4432 4373 4454 -1 4451 4414 4417 -1 4442 4416 4441 -1 4448 4422 4433 -1 4375 4455 4374 -1 4428 4456 4417 -1 4431 4438 4375 -1 4450 4426 4444 -1 4451 4445 4437 -1 4451 4417 4456 -1 4438 4432 4454 -1 4448 4433 4457 -1 4374 4455 4377 -1 4438 4458 4375 -1 4438 4454 4458 -1 4449 4450 4444 -1 4449 4436 4435 -1 4447 4452 4435 -1 4442 4441 4459 -1 4435 4460 4449 -1 4428 4448 4461 -1 4461 4456 4428 -1 4454 4373 4440 -1 4440 4442 4459 -1 4460 4435 4452 -1 4378 4377 4462 -1 4461 4448 4457 -1 4463 4439 4453 -1 4378 4464 4434 -1 4455 4375 4458 -1 4441 4450 4465 -1 4466 4454 4440 -1 4466 4458 4454 -1 4451 4456 4467 -1 4451 4467 4445 -1 4464 4378 4462 -1 4455 4462 4377 -1 4464 4453 4434 -1 4460 4468 4449 -1 4433 4463 4457 -1 4433 4439 4463 -1 4450 4449 4468 -1 4469 4458 4466 -1 4446 4445 4467 -1 4466 4440 4459 -1 4441 4465 4459 -1 4455 4458 4470 -1 4461 4457 4463 -1 4452 4446 4471 -1 4463 4453 4472 -1 4461 4473 4456 -1 4453 4464 4472 -1 4462 4455 4474 -1 4455 4470 4474 -1 4467 4456 4475 -1 4469 4470 4458 -1 4476 4469 4466 -1 4446 4467 4477 -1 4468 4465 4450 -1 4475 4456 4473 -1 4459 4465 4478 -1 4461 4463 4479 -1 4468 4478 4465 -1 4480 4477 4467 -1 4470 4469 4481 -1 4477 4471 4446 -1 4464 4462 4474 -1 4459 4478 4482 -1 4478 4468 4483 -1 4480 4467 4475 -1 4459 4482 4466 -1 4482 4476 4466 -1 4484 4464 4474 -1 4471 4460 4452 -1 4472 4464 4484 -1 4468 4460 4485 -1 4476 4482 4486 -1 4461 4487 4473 -1 4484 4474 4488 -1 4460 4471 4489 -1 4479 4463 4490 -1 4463 4472 4490 -1 4474 4470 4488 -1 4468 4485 4483 -1 4469 4476 4491 -1 4476 4486 4491 -1 4479 4487 4461 -1 4488 4470 4481 -1 4485 4460 4489 -1 4480 4475 4473 -1 4491 4481 4469 -1 4486 4482 4492 -1 4471 4477 4493 -1 4484 4488 4494 -1 4495 4471 4493 -1 4495 4489 4471 -1 4487 4479 4496 -1 4484 4497 4472 -1 4498 4490 4472 -1 4478 4483 4499 -1 4491 4486 4500 -1 4487 4501 4473 -1 4502 4503 4488 -1 4488 4481 4502 -1 4498 4472 4497 -1 4478 4499 4482 -1 4480 4473 4501 -1 4502 4481 4504 -1 4504 4491 4505 -1 4491 4504 4481 -1 4505 4491 4506 -1 4503 4494 4488 -1 4502 4507 4503 -1 4490 4508 4479 -1 4484 4494 4509 -1 4482 4499 4510 -1 4500 4506 4491 -1 4477 4480 4511 -1 4493 4477 4511 -1 4500 4486 4512 -1 4492 4512 4486 -1 4499 4483 4513 -1 4492 4482 4510 -1 4480 4501 4514 -1 4497 4484 4515 -1 4489 4495 4516 -1 4517 4485 4489 -1 4511 4480 4518 -1 4493 4511 4519 -1 4487 4496 4520 -1 4521 4494 4503 -1 4490 4498 4522 -1 4501 4487 4520 -1 4507 4502 4523 -1 4515 4484 4524 -1 4525 4504 4505 -1 4517 4489 4516 -1 4483 4485 4526 -1 4513 4527 4499 -1 4518 4480 4514 -1 4528 4503 4507 -1 4492 4510 4529 -1 4502 4504 4530 -1 4508 4496 4479 -1 4484 4509 4524 -1 4514 4501 4531 -1 4510 4499 4532 -1 4525 4530 4504 -1 4493 4519 4533 -1 4521 4534 4494 -1 4495 4493 4533 -1 4514 4535 4518 -1 4526 4485 4517 -1 4511 4518 4536 -1 4512 4537 4500 -1 4509 4494 4534 -1 4538 4495 4533 -1 4529 4539 4492 -1 4518 4535 4536 -1 4517 4516 4540 -1 4521 4503 4528 -1 4522 4508 4490 -1 4524 4509 4541 -1 4526 4542 4483 -1 4537 4506 4500 -1 4496 4508 4543 -1 4533 4544 4538 -1 4516 4495 4538 -1 4534 4541 4509 -1 4540 4545 4517 -1 4546 4512 4539 -1 4492 4539 4512 -1 4531 4501 4547 -1 4502 4548 4523 -1 4535 4514 4549 -1 4525 4505 4550 -1 4536 4551 4511 -1 4538 4540 4516 -1 4533 4519 4552 -1 4520 4496 4543 -1 4483 4542 4513 -1 4499 4527 4532 -1 4520 4547 4501 -1 4498 4497 4553 -1 4526 4517 4545 -1 4554 4524 4541 -1 4549 4514 4531 -1 4506 4550 4505 -1 4519 4511 4555 -1 4547 4520 4556 -1 4528 4507 4557 -1 4513 4558 4527 -1 4549 4531 4559 -1 4542 4526 4545 -1 4537 4550 4506 -1 4544 4533 4560 -1 4542 4561 4513 -1 4522 4498 4553 -1 4559 4531 4547 -1 4511 4551 4555 -1 4552 4519 4555 -1 4552 4560 4533 -1 4534 4562 4541 -1 4556 4520 4543 -1 4513 4561 4558 -1 4542 4545 4563 -1 4537 4512 4546 -1 4564 4538 4544 -1 4565 4553 4497 -1 4532 4527 4566 -1 4502 4530 4548 -1 4567 4532 4566 -1 4510 4532 4567 -1 4521 4528 4568 -1 4515 4565 4497 -1 4541 4562 4554 -1 4540 4538 4564 -1 4515 4524 4554 -1 4535 4549 4536 -1 4569 4555 4570 -1 4562 4534 4571 -1 4552 4555 4569 -1 4544 4572 4564 -1 4573 4574 4547 -1 4556 4573 4547 -1 4559 4547 4574 -1 4565 4515 4575 -1 4549 4559 4576 -1 4577 4527 4558 -1 4551 4570 4555 -1 4529 4510 4567 -1 4543 4508 4578 -1 4559 4574 4576 -1 4560 4572 4544 -1 4551 4536 4579 -1 4556 4543 4578 -1 4521 4568 4534 -1 4561 4542 4563 -1 4549 4576 4580 -1 4549 4581 4536 -1 4539 4529 4582 -1 4557 4507 4523 -1 4570 4551 4579 -1 4558 4561 4577 -1 4527 4577 4566 -1 4552 4569 4560 -1 4567 4582 4529 -1 4575 4515 4554 -1 4577 4561 4583 -1 4579 4536 4581 -1 4584 4540 4564 -1 4561 4563 4585 -1 4573 4556 4586 -1 4581 4549 4580 -1 4537 4546 4587 -1 4574 4573 4586 -1 4584 4564 4572 -1 4522 4588 4508 -1 4586 4589 4574 -1 4585 4563 4545 -1 4560 4569 4590 -1 4572 4560 4590 -1 4583 4561 4585 -1 4591 4545 4540 -1 4585 4545 4591 -1 4576 4574 4580 -1 4565 4575 4592 -1 4540 4584 4593 -1 4590 4569 4594 -1 4578 4586 4556 -1 4570 4594 4569 -1 4591 4540 4593 -1 4595 4572 4590 -1 4584 4572 4595 -1 4589 4580 4574 -1 4578 4508 4588 -1 4522 4553 4588 -1 4553 4565 4592 -1 4554 4562 4596 -1 4580 4597 4581 -1 4554 4598 4575 -1 4598 4592 4575 -1 4579 4581 4597 -1 4570 4579 4597 -1 4596 4562 4571 -1 4584 4595 4593 -1 4598 4554 4596 -1 4599 4600 4601 -1 4601 4602 4599 -1 4603 4604 4605 -1 4606 4607 4608 -1 4609 4610 4611 -1 4610 4612 4613 -1 4600 4614 4601 -1 4604 4615 4616 -1 4616 4605 4604 -1 4616 4615 4609 -1 4617 4618 4619 -1 4602 4619 4618 -1 4606 4608 4620 -1 4614 4600 4621 -1 4603 4621 4600 -1 4622 4623 4624 -1 4625 4624 4623 -1 4605 4626 4603 -1 4619 4602 4627 -1 4622 4613 4612 -1 4628 4629 4630 -1 4621 4603 4626 -1 4626 4605 4631 -1 4616 4631 4605 -1 4616 4609 4632 -1 4611 4610 4613 -1 4633 4634 4635 -1 4633 4636 4637 -1 4638 4637 4636 -1 4611 4632 4609 -1 4630 4629 4639 -1 4640 4641 4642 -1 4602 4601 4627 -1 4601 4614 4643 -1 4614 4621 4643 -1 4644 4634 4633 -1 4641 4635 4634 -1 4640 4645 4646 -1 4626 4647 4621 -1 4648 4606 4620 -1 4625 4648 4649 -1 4626 4631 4647 -1 4631 4616 4650 -1 4620 4608 4607 -1 4611 4613 4651 -1 4619 4627 4652 -1 4624 4625 4649 -1 4607 4628 4630 -1 4632 4650 4616 -1 4641 4634 4642 -1 4640 4642 4653 -1 4645 4640 4654 -1 4655 4646 4645 -1 4627 4601 4643 -1 4643 4621 4656 -1 4621 4647 4656 -1 4657 4658 4659 -1 4630 4639 4660 -1 4620 4607 4661 -1 4639 4657 4660 -1 4634 4662 4642 -1 4617 4619 4663 -1 4643 4652 4627 -1 4630 4661 4607 -1 4640 4653 4654 -1 4661 4664 4620 -1 4663 4619 4652 -1 4652 4643 4665 -1 4660 4666 4630 -1 4650 4632 4667 -1 4667 4632 4611 -1 4661 4630 4666 -1 4648 4620 4664 -1 4649 4648 4664 -1 4622 4651 4613 -1 4668 4669 4670 -1 4671 4668 4672 -1 4660 4657 4659 -1 4673 4655 4674 -1 4669 4673 4674 -1 4644 4662 4634 -1 4664 4661 4675 -1 4658 4671 4676 -1 4677 4617 4678 -1 4670 4672 4668 -1 4656 4665 4643 -1 4644 4633 4679 -1 4637 4679 4633 -1 4653 4642 4680 -1 4663 4678 4617 -1 4672 4676 4671 -1 4674 4655 4681 -1 4669 4674 4670 -1 4666 4675 4661 -1 4654 4653 4682 -1 4649 4664 4683 -1 4679 4637 4684 -1 4637 4638 4685 -1 4642 4662 4680 -1 4682 4653 4680 -1 4655 4645 4686 -1 4665 4687 4652 -1 4631 4688 4647 -1 4624 4649 4689 -1 4676 4672 4690 -1 4655 4686 4681 -1 4622 4624 4689 -1 4685 4684 4637 -1 4638 4691 4685 -1 4692 4678 4663 -1 4663 4652 4687 -1 4689 4693 4622 -1 4649 4683 4689 -1 4694 4676 4695 -1 4658 4676 4694 -1 4677 4678 4696 -1 4659 4658 4697 -1 4660 4659 4697 -1 4686 4645 4654 -1 4622 4693 4651 -1 4691 4677 4696 -1 4690 4695 4676 -1 4662 4644 4679 -1 4679 4684 4698 -1 4678 4692 4699 -1 4696 4700 4691 -1 4658 4694 4697 -1 4701 4693 4689 -1 4611 4651 4702 -1 4682 4680 4703 -1 4688 4631 4704 -1 4667 4611 4702 -1 4683 4701 4689 -1 4651 4693 4705 -1 4666 4660 4706 -1 4654 4682 4707 -1 4663 4687 4692 -1 4704 4631 4650 -1 4650 4667 4708 -1 4709 4672 4670 -1 4682 4703 4707 -1 4654 4707 4686 -1 4662 4679 4710 -1 4700 4685 4691 -1 4697 4706 4660 -1 4647 4688 4656 -1 4666 4706 4675 -1 4683 4664 4711 -1 4675 4711 4664 -1 4702 4651 4705 -1 4703 4680 4712 -1 4713 4685 4700 -1 4704 4650 4708 -1 4692 4687 4714 -1 4708 4667 4715 -1 4681 4716 4674 -1 4717 4711 4675 -1 4675 4706 4717 -1 4696 4678 4699 -1 4670 4674 4718 -1 4670 4718 4709 -1 4710 4680 4662 -1 4712 4680 4710 -1 4709 4690 4672 -1 4679 4698 4710 -1 4706 4697 4719 -1 4688 4720 4656 -1 4714 4687 4665 -1 4707 4703 4721 -1 4688 4704 4722 -1 4723 4686 4707 -1 4667 4702 4715 -1 4716 4681 4724 -1 4674 4716 4718 -1 4701 4683 4725 -1 4726 4710 4698 -1 4727 4690 4709 -1 4690 4728 4695 -1 4721 4723 4707 -1 4703 4712 4721 -1 4684 4685 4713 -1 4729 4696 4699 -1 4665 4656 4730 -1 4656 4720 4730 -1 4720 4688 4722 -1 4683 4711 4725 -1 4709 4718 4727 -1 4723 4681 4686 -1 4698 4684 4731 -1 4700 4729 4713 -1 4696 4729 4700 -1 4732 4719 4697 -1 4665 4730 4714 -1 4722 4704 4733 -1 4704 4708 4733 -1 4734 4712 4710 -1 4690 4727 4735 -1 4728 4690 4735 -1 4731 4684 4713 -1 4736 4718 4716 -1 4737 4692 4714 -1 4697 4694 4732 -1 4705 4693 4738 -1 4693 4701 4738 -1 4738 4701 4725 -1 4694 4695 4728 -1 4726 4734 4710 -1 4719 4717 4706 -1 4692 4739 4699 -1 4716 4724 4736 -1 4728 4740 4694 -1 4734 4741 4712 -1 4731 4726 4698 -1 4742 4729 4743 -1 4713 4729 4742 -1 4711 4717 4725 -1 4721 4744 4745 -1 4723 4721 4745 -1 4721 4712 4744 -1 4727 4718 4746 -1 4735 4727 4746 -1 4705 4738 4747 -1 4748 4749 4717 -1 4734 4726 4750 -1 4731 4713 4751 -1 4739 4692 4737 -1 4752 4753 4724 -1 4736 4724 4753 -1 4718 4736 4746 -1 4732 4694 4740 -1 4734 4750 4741 -1 4747 4754 4705 -1 4747 4738 4755 -1 4738 4725 4756 -1 4725 4717 4756 -1 4699 4743 4729 -1 4757 4712 4741 -1 4744 4712 4757 -1 4756 4717 4749 -1 4746 4758 4735 -1 4724 4681 4723 -1 4728 4735 4759 -1 4736 4758 4746 -1 4760 4726 4731 -1 4743 4699 4739 -1 4702 4705 4754 -1 4724 4723 4752 -1 4761 4735 4758 -1 4759 4735 4761 -1 4731 4751 4760 -1 4715 4702 4762 -1 4713 4742 4751 -1 4732 4740 4763 -1 4763 4719 4732 -1 4763 4764 4719 -1 4717 4719 4764 -1 4738 4756 4755 -1 4714 4730 4765 -1 4730 4720 4765 -1 4717 4764 4748 -1 4766 4754 4747 -1 4723 4745 4767 -1 4762 4702 4768 -1 4754 4768 4702 -1 4761 4758 4769 -1 4745 4744 4770 -1 4767 4745 4770 -1 4771 4743 4739 -1 4737 4771 4739 -1 4753 4758 4736 -1 4733 4708 4772 -1 4767 4752 4723 -1 4750 4726 4773 -1 4773 4726 4760 -1 4742 4743 4774 -1 4720 4722 4775 -1 4775 4722 4733 -1 4747 4755 4766 -1 4762 4772 4715 -1 4708 4715 4772 -1 4768 4754 4776 -1 4771 4737 4777 -1 4758 4753 4778 -1 4765 4720 4775 -1 4756 4749 4779 -1 4755 4756 4779 -1 4768 4780 4762 -1 4733 4772 4781 -1 4751 4742 4774 -1 4778 4769 4758 -1 4774 4743 4782 -1 4759 4740 4728 -1 4714 4777 4737 -1 4783 4763 4740 -1 4764 4763 4783 -1 4766 4776 4754 -1 4757 4741 4784 -1 4768 4776 4780 -1 4753 4752 4785 -1 4714 4765 4777 -1 4775 4733 4781 -1 4744 4757 4786 -1 4750 4784 4741 -1 4748 4787 4749 -1 4779 4749 4787 -1 4788 4775 4781 -1 4772 4762 4781 -1 4759 4761 4789 -1 4740 4759 4790 -1 4783 4791 4764 -1 4748 4764 4792 -1 4766 4755 4793 -1 4755 4779 4793 -1 4783 4740 4790 -1 4792 4764 4791 -1 4776 4766 4793 -1 4787 4794 4779 -1 4774 4782 4795 -1 4762 4780 4781 -1 4780 4776 4796 -1 4783 4790 4791 -1 4770 4797 4767 -1 4765 4775 4798 -1 4793 4779 4794 -1 4759 4789 4790 -1 4761 4769 4789 -1 4773 4799 4750 -1 4751 4774 4795 -1 4748 4792 4800 -1 4787 4748 4801 -1 4784 4750 4799 -1 4767 4797 4752 -1 4777 4802 4771 -1 4788 4781 4803 -1 4781 4780 4804 -1 4796 4776 4793 -1 4802 4777 4765 -1 4784 4786 4757 -1 4797 4770 4805 -1 4770 4744 4786 -1 4775 4788 4803 -1 4778 4753 4785 -1 4748 4800 4801 -1 4769 4778 4806 -1 4807 4781 4804 -1 4789 4769 4808 -1 4809 4791 4790 -1 4743 4771 4782 -1 4810 4769 4806 -1 4808 4769 4810 -1 4805 4770 4811 -1 4811 4770 4786 -1 4793 4794 4812 -1 4787 4801 4813 -1 4796 4804 4780 -1 4814 4786 4784 -1 4814 4784 4799 -1 4775 4803 4798 -1 4796 4793 4815 -1 4789 4816 4790 -1 4816 4809 4790 -1 4792 4817 4800 -1 4801 4800 4817 -1 4803 4781 4807 -1 4785 4806 4778 -1 4818 4819 4796 -1 4796 4819 4804 -1 4804 4819 4818 -1 4782 4771 4820 -1 4787 4813 4794 -1 4802 4765 4821 -1 4785 4752 4797 -1 4804 4818 4822 -1 4815 4823 4796 -1 4796 4823 4818 -1 4818 4823 4822 -1 4822 4823 4815 -1 4807 4804 4822 -1 4792 4791 4809 -1 4773 4760 4824 -1 4760 4751 4825 -1 4751 4795 4825 -1 4813 4801 4826 -1 4827 4795 4782 -1 4827 4782 4820 -1 4771 4802 4820 -1 4801 4817 4828 -1 4786 4814 4811 -1 4801 4828 4826 -1 4793 4812 4815 -1 4810 4829 4808 -1 4817 4792 4830 -1 4792 4809 4830 -1 4813 4826 4794 -1 4765 4798 4821 -1 4825 4824 4760 -1 4795 4827 4825 -1 4831 4829 4810 -1 4789 4808 4829 -1 4828 4817 4830 -1 4816 4789 4829 -1 4820 4802 4832 -1 4812 4794 4826 -1 4811 4814 4833 -1 4832 4802 4821 -1 4811 4834 4805 -1 4797 4835 4785 -1 4836 4807 4837 -1 4803 4807 4836 -1 4806 4785 4838 -1 4809 4816 4839 -1 4822 4815 4840 -1 4833 4814 4841 -1 4814 4799 4841 -1 4841 4799 4773 -1 4839 4816 4829 -1 4812 4840 4815 -1 4842 4826 4828 -1 4838 4785 4835 -1 4810 4806 4838 -1 4812 4826 4843 -1 4844 4812 4843 -1 4826 4842 4843 -1 4832 4821 4845 -1 4845 4821 4846 -1 4821 4798 4846 -1 4798 4803 4836 -1 4807 4822 4837 -1 4827 4820 4847 -1 4847 4820 4848 -1 4848 4820 4832 -1 4834 4811 4833 -1 4829 4831 4849 -1 4797 4805 4835 -1 4834 4850 4805 -1 4773 4824 4841 -1 4851 4831 4810 -1 4839 4829 4849 -1 4828 4830 4852 -1 4835 4805 4850 -1 4838 4851 4810 -1 4849 4831 4851 -1 4840 4812 4844 -1 4824 4825 4853 -1 4853 4825 4847 -1 4842 4828 4852 -1 4825 4827 4847 -1 4837 4822 4840 -1 4853 4841 4824 -1 4836 4846 4798 -1 4851 4854 4849 -1 4839 4830 4809 -1 4849 4855 4839 -1 4843 4842 4852 -1 4834 4833 4856 -1 4850 4834 4856 -1 4857 4849 4854 -1 4848 4832 4845 -1 4855 4849 4857 -1 4835 4850 4858 -1 4835 4859 4838 -1 4860 4845 4846 -1 4859 4835 4858 -1 4861 4833 4841 -1 4856 4833 4861 -1 4846 4836 4860 -1 4861 4841 4853 -1 4838 4859 4851 -1 4851 4859 4854 -1 4860 4836 4837 -1 4837 4862 4860 -1 4853 4847 4848 -1 4840 4862 4837 -1 4839 4855 4863 -1 4862 4840 4844 -1 4839 4863 4830 -1 4830 4863 4852 -1 4843 4864 4844 -1 4864 4843 4852 -1 4856 4858 4850 -1 4858 4865 4859 -1 4865 4866 4859 -1 4845 4860 4848 -1 4859 4866 4854 -1 4857 4854 4866 -1 4852 4863 4867 -1 4868 4860 4869 -1 4862 4869 4860 -1 4862 4844 4864 -1 4864 4852 4867 -1 4861 4853 4870 -1 4870 4853 4848 -1 4863 4855 4871 -1 4858 4856 4865 -1 4872 4864 4867 -1 4868 4848 4860 -1 4861 4870 4856 -1 4872 4869 4862 -1 4864 4872 4862 -1 4870 4848 4868 -1 4855 4857 4871 -1 4866 4865 4873 -1 4873 4857 4866 -1 4865 4856 4874 -1 4874 4856 4870 -1 4857 4875 4871 -1 4876 4874 4870 -1 4875 4877 4867 -1 4867 4871 4875 -1 4867 4877 4872 -1 4863 4871 4867 -1 4876 4870 4868 -1 4873 4874 4878 -1 4865 4874 4873 -1 4874 4876 4878 -1 4876 4868 4879 -1 4879 4880 4876 -1 4880 4878 4876 -1 4873 4878 4875 -1 4875 4857 4873 -1 4875 4880 4877 -1 4878 4880 4875 -1 4877 4879 4872 -1 4880 4879 4877 -1 4869 4879 4868 -1 4879 4869 4872 -1" coordIndex="0 1 2 -1 3 1 0 -1 1 4 5 -1 5 2 1 -1 6 7 8 -1 8 7 4 -1 4 7 5 -1 8 9 6 -1 10 11 9 -1 9 11 6 -1 12 10 13 -1 13 10 9 -1 13 14 12 -1 15 14 16 -1 16 14 13 -1 17 18 16 -1 19 20 21 -1 19 3 0 -1 21 3 19 -1 11 10 22 -1 22 10 12 -1 18 15 16 -1 23 5 7 -1 7 6 24 -1 24 25 7 -1 24 11 26 -1 6 11 24 -1 11 22 26 -1 27 22 12 -1 14 27 12 -1 14 15 27 -1 18 28 15 -1 18 29 28 -1 23 7 25 -1 30 2 31 -1 0 2 30 -1 5 23 2 -1 2 23 31 -1 31 23 32 -1 32 23 25 -1 19 0 30 -1 33 34 35 -1 36 34 33 -1 35 37 38 -1 34 37 35 -1 39 36 33 -1 38 40 41 -1 37 40 38 -1 21 20 40 -1 40 20 41 -1 27 15 42 -1 15 28 42 -1 27 26 22 -1 31 32 43 -1 26 27 44 -1 27 42 44 -1 44 42 45 -1 46 42 47 -1 42 28 47 -1 48 47 28 -1 24 26 49 -1 43 32 50 -1 32 25 49 -1 49 25 24 -1 41 20 51 -1 51 52 41 -1 20 19 53 -1 53 51 20 -1 53 30 54 -1 19 30 53 -1 30 43 54 -1 31 43 30 -1 44 55 26 -1 45 42 46 -1 45 46 56 -1 46 47 56 -1 26 55 49 -1 57 50 32 -1 32 49 57 -1 58 59 45 -1 44 59 55 -1 59 44 45 -1 60 58 45 -1 60 45 61 -1 60 61 62 -1 56 61 45 -1 56 47 63 -1 61 64 62 -1 47 48 63 -1 58 60 65 -1 62 65 60 -1 61 56 63 -1 61 63 64 -1 62 64 66 -1 67 55 59 -1 49 55 67 -1 51 53 68 -1 68 69 51 -1 68 54 70 -1 53 54 68 -1 54 43 71 -1 70 54 71 -1 43 50 71 -1 52 51 69 -1 72 73 35 -1 35 73 33 -1 33 73 74 -1 74 73 75 -1 75 73 72 -1 76 77 78 -1 78 77 38 -1 38 77 35 -1 35 77 72 -1 72 77 76 -1 79 80 74 -1 74 80 33 -1 69 81 52 -1 52 81 41 -1 41 81 38 -1 38 81 78 -1 78 81 82 -1 82 81 69 -1 83 65 62 -1 83 66 84 -1 66 83 62 -1 85 59 65 -1 59 58 65 -1 65 83 86 -1 85 67 59 -1 71 50 87 -1 57 87 50 -1 88 57 49 -1 49 67 88 -1 86 83 89 -1 83 84 89 -1 88 67 85 -1 85 65 90 -1 91 65 86 -1 91 86 92 -1 71 87 93 -1 57 94 87 -1 57 88 95 -1 94 57 95 -1 96 78 97 -1 76 78 96 -1 78 82 97 -1 82 69 98 -1 97 82 98 -1 99 74 100 -1 79 74 99 -1 98 69 101 -1 101 68 102 -1 69 68 101 -1 68 70 102 -1 103 102 70 -1 93 104 71 -1 71 104 70 -1 70 104 103 -1 103 104 93 -1 74 75 105 -1 72 105 75 -1 105 100 74 -1 105 72 106 -1 106 76 96 -1 72 76 106 -1 90 65 91 -1 86 89 92 -1 85 90 107 -1 85 107 88 -1 88 107 95 -1 107 108 95 -1 90 109 107 -1 92 110 91 -1 111 90 91 -1 91 110 111 -1 108 112 95 -1 109 108 107 -1 93 87 113 -1 113 114 93 -1 94 112 113 -1 87 94 113 -1 95 112 94 -1 115 116 96 -1 96 97 115 -1 117 100 118 -1 99 100 117 -1 119 116 120 -1 116 115 121 -1 121 120 116 -1 115 97 122 -1 122 121 115 -1 98 101 123 -1 122 98 123 -1 97 98 122 -1 123 102 124 -1 101 102 123 -1 102 103 124 -1 103 125 124 -1 114 126 93 -1 93 126 103 -1 103 126 125 -1 125 126 114 -1 105 118 100 -1 106 116 119 -1 96 116 106 -1 109 90 111 -1 108 109 127 -1 128 108 127 -1 127 109 111 -1 129 127 111 -1 129 110 130 -1 111 110 129 -1 131 112 108 -1 124 125 132 -1 133 124 132 -1 125 114 132 -1 114 113 134 -1 113 112 131 -1 131 134 113 -1 128 131 108 -1 135 136 137 -1 138 132 139 -1 133 132 138 -1 114 139 132 -1 139 114 140 -1 140 134 141 -1 114 134 140 -1 134 131 141 -1 118 119 142 -1 142 143 118 -1 142 120 144 -1 119 120 142 -1 120 121 144 -1 122 136 135 -1 121 122 135 -1 144 121 135 -1 138 136 123 -1 123 136 122 -1 123 133 138 -1 124 133 123 -1 117 118 143 -1 119 118 105 -1 105 106 119 -1 130 145 129 -1 146 128 127 -1 127 129 146 -1 147 131 148 -1 131 128 148 -1 149 143 142 -1 142 144 150 -1 150 149 142 -1 144 135 150 -1 135 137 150 -1 138 137 136 -1 151 137 138 -1 138 139 151 -1 151 139 152 -1 139 140 152 -1 152 140 153 -1 140 141 153 -1 153 141 147 -1 131 147 141 -1 146 148 128 -1 129 145 154 -1 155 143 149 -1 155 149 156 -1 157 156 149 -1 149 150 157 -1 158 157 150 -1 137 158 150 -1 159 158 137 -1 151 159 137 -1 151 152 160 -1 160 159 151 -1 160 153 161 -1 152 153 160 -1 147 161 153 -1 129 154 146 -1 162 146 154 -1 160 161 163 -1 161 147 163 -1 147 148 163 -1 154 164 162 -1 146 163 148 -1 162 163 146 -1 165 162 164 -1 166 165 164 -1 164 167 166 -1 168 166 169 -1 167 169 166 -1 170 171 172 -1 173 172 171 -1 174 170 175 -1 175 176 174 -1 176 177 178 -1 174 176 178 -1 178 177 165 -1 178 165 168 -1 179 173 171 -1 180 179 171 -1 181 171 170 -1 170 174 181 -1 171 181 180 -1 181 174 178 -1 178 182 181 -1 168 182 178 -1 177 163 165 -1 163 162 165 -1 168 165 166 -1 172 156 170 -1 157 170 156 -1 175 170 157 -1 157 158 175 -1 158 176 175 -1 159 176 158 -1 176 159 177 -1 160 177 159 -1 160 163 177 -1 180 183 184 -1 181 183 180 -1 182 168 169 -1 17 185 18 -1 17 186 185 -1 187 186 17 -1 187 188 186 -1 188 187 189 -1 190 189 191 -1 188 189 190 -1 192 193 191 -1 191 193 190 -1 194 193 192 -1 192 195 194 -1 196 197 198 -1 198 197 195 -1 195 197 194 -1 199 200 201 -1 201 200 198 -1 198 200 196 -1 202 199 203 -1 203 199 201 -1 204 205 203 -1 203 205 202 -1 206 185 186 -1 186 188 206 -1 193 194 207 -1 207 197 208 -1 194 197 207 -1 208 196 209 -1 197 196 208 -1 209 200 210 -1 196 200 209 -1 200 199 211 -1 211 210 200 -1 199 202 211 -1 202 205 212 -1 185 29 18 -1 206 29 185 -1 206 213 214 -1 213 206 188 -1 190 213 188 -1 215 213 190 -1 216 190 193 -1 193 207 216 -1 217 218 209 -1 209 218 208 -1 209 210 217 -1 211 219 210 -1 220 211 202 -1 202 212 220 -1 210 219 221 -1 219 211 220 -1 28 29 222 -1 207 208 223 -1 218 217 224 -1 28 222 48 -1 222 29 225 -1 29 206 225 -1 190 216 215 -1 223 216 207 -1 226 223 208 -1 218 226 208 -1 226 218 227 -1 206 214 225 -1 214 213 228 -1 213 215 228 -1 227 218 224 -1 229 224 217 -1 217 210 229 -1 221 229 210 -1 230 219 220 -1 216 223 215 -1 229 231 224 -1 232 221 219 -1 219 230 232 -1 214 228 233 -1 48 222 234 -1 222 225 235 -1 214 236 225 -1 233 228 237 -1 228 215 237 -1 226 227 238 -1 233 239 214 -1 223 240 215 -1 227 224 241 -1 241 224 231 -1 238 227 241 -1 232 229 221 -1 242 235 225 -1 236 242 225 -1 240 223 226 -1 234 222 235 -1 214 239 236 -1 237 215 243 -1 215 240 243 -1 244 240 226 -1 48 234 63 -1 234 235 242 -1 245 239 233 -1 244 226 238 -1 64 63 234 -1 64 234 246 -1 246 234 242 -1 242 247 246 -1 247 242 236 -1 248 249 245 -1 245 233 250 -1 237 250 233 -1 229 232 231 -1 236 251 247 -1 252 247 251 -1 236 239 251 -1 239 249 251 -1 249 239 245 -1 248 245 250 -1 250 253 248 -1 253 250 254 -1 253 254 255 -1 237 243 250 -1 254 250 243 -1 256 254 243 -1 254 256 255 -1 257 256 244 -1 256 257 258 -1 64 246 259 -1 247 259 246 -1 252 251 249 -1 260 249 261 -1 256 240 244 -1 240 256 243 -1 256 258 255 -1 257 244 238 -1 262 257 238 -1 241 262 238 -1 241 231 263 -1 262 241 263 -1 64 259 66 -1 259 247 264 -1 252 264 247 -1 260 252 249 -1 248 261 249 -1 248 253 261 -1 261 253 255 -1 255 258 265 -1 262 266 257 -1 261 255 267 -1 258 257 265 -1 259 84 66 -1 84 259 264 -1 252 268 264 -1 255 265 267 -1 269 268 252 -1 266 265 257 -1 269 252 260 -1 270 269 260 -1 260 261 271 -1 272 261 267 -1 266 273 265 -1 84 274 89 -1 275 274 84 -1 84 264 275 -1 264 268 275 -1 272 271 261 -1 267 265 273 -1 270 260 271 -1 272 267 276 -1 267 273 276 -1 273 266 277 -1 269 278 268 -1 275 268 278 -1 271 272 279 -1 280 92 89 -1 274 280 89 -1 269 270 281 -1 278 269 281 -1 273 282 276 -1 277 282 273 -1 280 274 283 -1 274 275 283 -1 284 281 270 -1 270 271 284 -1 285 272 286 -1 272 276 286 -1 282 277 287 -1 283 275 278 -1 279 284 271 -1 285 279 272 -1 282 286 276 -1 281 288 278 -1 288 289 278 -1 290 284 279 -1 279 285 290 -1 286 291 285 -1 286 282 292 -1 282 287 292 -1 280 110 92 -1 280 293 110 -1 294 280 283 -1 278 294 283 -1 291 286 292 -1 295 292 287 -1 280 294 293 -1 288 281 296 -1 281 284 296 -1 290 285 297 -1 291 297 285 -1 130 110 293 -1 289 294 278 -1 298 297 291 -1 291 292 298 -1 295 298 292 -1 296 284 290 -1 289 288 299 -1 299 288 296 -1 296 290 297 -1 298 295 300 -1 293 301 130 -1 301 293 294 -1 299 296 302 -1 296 297 302 -1 289 299 303 -1 297 298 304 -1 294 289 305 -1 298 300 304 -1 301 294 305 -1 305 289 303 -1 303 299 302 -1 306 307 302 -1 297 306 302 -1 306 297 304 -1 304 300 308 -1 130 301 145 -1 303 302 309 -1 307 309 302 -1 308 306 304 -1 145 301 310 -1 310 301 305 -1 306 308 307 -1 303 311 305 -1 303 309 311 -1 310 154 145 -1 312 313 308 -1 311 310 305 -1 313 309 307 -1 307 308 313 -1 314 311 309 -1 154 310 164 -1 310 315 164 -1 310 311 316 -1 311 314 316 -1 312 317 313 -1 315 310 316 -1 183 318 319 -1 184 183 320 -1 183 319 320 -1 318 321 319 -1 318 169 321 -1 319 321 322 -1 322 321 323 -1 320 319 322 -1 324 322 325 -1 323 325 322 -1 326 324 325 -1 169 167 321 -1 315 321 167 -1 316 321 315 -1 321 316 323 -1 323 316 314 -1 323 314 325 -1 327 326 325 -1 325 314 327 -1 314 309 327 -1 309 328 327 -1 313 328 309 -1 317 328 313 -1 318 183 181 -1 181 182 318 -1 318 182 169 -1 315 167 164 -1 329 330 324 -1 329 324 326 -1 329 326 331 -1 331 332 329 -1 331 326 333 -1 326 327 333 -1 333 332 331 -1 333 327 328 -1 328 334 333 -1 334 328 317 -1 335 336 337 -1 332 330 329 -1 330 332 336 -1 333 334 332 -1 336 332 337 -1 338 339 340 -1 341 339 338 -1 339 342 343 -1 343 340 339 -1 344 345 346 -1 346 345 347 -1 347 345 348 -1 348 345 349 -1 349 345 344 -1 349 350 348 -1 348 350 351 -1 351 350 352 -1 352 350 353 -1 353 354 352 -1 352 354 355 -1 354 356 355 -1 355 356 357 -1 358 341 338 -1 338 359 358 -1 359 360 358 -1 358 360 347 -1 347 360 346 -1 356 361 357 -1 357 361 362 -1 363 362 361 -1 364 346 360 -1 344 346 364 -1 349 365 350 -1 353 350 365 -1 354 353 366 -1 366 367 354 -1 356 354 368 -1 354 367 368 -1 369 356 368 -1 361 356 369 -1 364 360 370 -1 344 371 349 -1 371 372 349 -1 349 372 365 -1 372 366 353 -1 353 365 372 -1 360 359 373 -1 373 370 360 -1 374 340 375 -1 338 340 374 -1 340 343 376 -1 376 375 340 -1 359 338 374 -1 374 373 359 -1 377 378 39 -1 39 378 342 -1 342 378 343 -1 343 378 376 -1 376 378 377 -1 33 377 39 -1 368 367 379 -1 372 371 380 -1 366 372 381 -1 381 382 366 -1 367 366 382 -1 382 379 367 -1 379 382 383 -1 384 368 379 -1 368 384 369 -1 385 384 386 -1 383 387 386 -1 379 383 386 -1 379 386 384 -1 372 380 381 -1 381 388 382 -1 385 386 389 -1 370 390 364 -1 390 344 364 -1 371 344 390 -1 370 373 391 -1 391 392 370 -1 374 375 393 -1 375 376 394 -1 394 393 375 -1 373 374 395 -1 395 391 373 -1 395 374 393 -1 396 388 381 -1 388 383 382 -1 397 386 387 -1 381 380 398 -1 398 396 381 -1 389 386 397 -1 399 383 388 -1 387 383 399 -1 380 371 400 -1 387 399 401 -1 397 387 401 -1 397 402 389 -1 403 389 402 -1 390 370 392 -1 392 404 390 -1 390 400 371 -1 400 390 404 -1 392 391 405 -1 399 406 401 -1 397 401 402 -1 406 399 407 -1 398 380 400 -1 396 398 408 -1 406 409 401 -1 402 401 409 -1 407 399 410 -1 410 388 396 -1 410 399 388 -1 411 400 404 -1 392 405 412 -1 412 404 392 -1 393 394 413 -1 414 393 413 -1 391 395 415 -1 405 391 415 -1 393 414 415 -1 395 393 415 -1 416 417 377 -1 377 417 376 -1 376 417 394 -1 394 417 413 -1 413 417 418 -1 418 417 416 -1 33 80 377 -1 377 80 416 -1 416 80 79 -1 396 408 419 -1 407 409 406 -1 410 396 419 -1 398 420 408 -1 420 421 408 -1 398 400 420 -1 422 423 410 -1 407 410 423 -1 420 400 411 -1 404 412 411 -1 419 422 410 -1 424 408 421 -1 408 424 419 -1 425 421 420 -1 424 422 419 -1 423 426 407 -1 426 427 407 -1 425 420 411 -1 412 405 428 -1 405 429 428 -1 413 430 414 -1 413 418 431 -1 430 413 431 -1 418 416 432 -1 432 431 418 -1 416 79 99 -1 99 432 416 -1 415 429 405 -1 415 414 433 -1 433 429 415 -1 414 430 433 -1 424 434 422 -1 422 434 435 -1 435 436 423 -1 436 426 423 -1 422 435 423 -1 411 412 437 -1 437 428 438 -1 412 428 437 -1 425 411 437 -1 439 425 437 -1 440 426 436 -1 441 440 436 -1 425 439 442 -1 442 421 425 -1 434 424 421 -1 435 434 441 -1 436 435 441 -1 443 437 438 -1 428 444 438 -1 437 443 439 -1 431 445 430 -1 432 445 431 -1 446 445 432 -1 99 446 432 -1 117 446 99 -1 444 428 429 -1 447 433 448 -1 444 433 447 -1 429 433 444 -1 433 430 449 -1 449 448 433 -1 449 445 450 -1 430 445 449 -1 445 446 450 -1 440 441 451 -1 440 451 452 -1 442 439 453 -1 453 454 442 -1 455 442 454 -1 421 442 455 -1 421 455 434 -1 434 455 451 -1 434 451 441 -1 444 447 456 -1 456 448 457 -1 447 448 456 -1 443 453 439 -1 455 458 451 -1 452 451 458 -1 453 459 454 -1 438 460 443 -1 438 444 461 -1 460 438 461 -1 456 461 444 -1 461 456 457 -1 453 443 462 -1 462 459 453 -1 443 460 462 -1 463 464 465 -1 464 457 449 -1 449 457 448 -1 450 464 449 -1 450 446 465 -1 464 450 465 -1 446 117 466 -1 466 465 446 -1 466 117 143 -1 455 454 467 -1 458 455 467 -1 468 459 469 -1 454 459 468 -1 468 467 454 -1 461 470 460 -1 471 470 461 -1 461 457 471 -1 471 457 464 -1 459 462 469 -1 462 460 470 -1 470 469 462 -1 463 471 464 -1 463 465 472 -1 472 466 155 -1 465 466 472 -1 466 143 155 -1 452 458 473 -1 474 458 467 -1 474 475 458 -1 473 458 475 -1 463 476 471 -1 470 477 469 -1 470 471 478 -1 477 470 478 -1 478 471 476 -1 476 463 479 -1 472 479 463 -1 479 472 480 -1 472 155 480 -1 480 155 156 -1 468 474 467 -1 474 468 481 -1 468 482 481 -1 477 482 469 -1 469 482 468 -1 478 482 477 -1 478 476 483 -1 484 485 479 -1 482 478 481 -1 478 483 481 -1 485 483 476 -1 486 475 474 -1 481 483 487 -1 483 485 488 -1 484 489 485 -1 490 172 491 -1 173 491 172 -1 481 492 474 -1 481 487 492 -1 474 492 486 -1 487 483 488 -1 489 488 485 -1 487 488 492 -1 488 493 492 -1 492 493 486 -1 488 489 493 -1 494 493 489 -1 484 491 489 -1 484 490 491 -1 489 491 495 -1 491 173 179 -1 491 179 495 -1 496 497 179 -1 179 180 496 -1 494 489 495 -1 498 494 495 -1 179 497 495 -1 498 499 494 -1 495 497 498 -1 156 172 490 -1 485 476 479 -1 490 484 479 -1 480 490 479 -1 156 490 480 -1 493 494 500 -1 184 496 180 -1 499 500 494 -1 498 497 501 -1 497 496 501 -1 499 498 501 -1 363 502 362 -1 362 502 503 -1 503 502 504 -1 504 502 505 -1 505 506 504 -1 507 506 505 -1 508 506 507 -1 509 506 508 -1 510 511 512 -1 513 509 514 -1 515 516 514 -1 514 516 513 -1 508 514 509 -1 516 510 512 -1 515 510 516 -1 361 517 363 -1 502 363 518 -1 518 519 502 -1 505 502 519 -1 507 505 519 -1 508 507 520 -1 515 514 521 -1 522 515 521 -1 523 508 520 -1 514 508 523 -1 521 514 523 -1 510 515 522 -1 524 510 522 -1 361 369 517 -1 517 525 526 -1 518 363 517 -1 517 526 518 -1 519 518 527 -1 507 519 528 -1 528 520 507 -1 521 529 522 -1 530 523 520 -1 521 523 531 -1 532 522 529 -1 524 522 532 -1 517 369 384 -1 384 385 517 -1 528 519 527 -1 530 520 528 -1 530 531 523 -1 533 532 529 -1 534 517 385 -1 525 517 534 -1 526 535 518 -1 536 518 535 -1 536 527 518 -1 537 528 527 -1 530 528 537 -1 538 539 530 -1 531 530 539 -1 529 540 533 -1 525 541 526 -1 526 541 535 -1 536 542 527 -1 530 537 543 -1 543 538 530 -1 539 538 544 -1 531 539 545 -1 531 546 521 -1 521 546 529 -1 531 545 546 -1 533 547 532 -1 540 529 546 -1 533 540 548 -1 548 540 549 -1 550 527 551 -1 537 527 552 -1 537 552 543 -1 547 533 548 -1 546 549 540 -1 534 385 553 -1 541 525 554 -1 527 542 551 -1 550 551 555 -1 527 550 552 -1 556 552 550 -1 543 552 556 -1 557 541 554 -1 544 538 558 -1 549 546 559 -1 545 560 546 -1 548 549 561 -1 539 544 545 -1 534 554 525 -1 562 541 557 -1 535 541 562 -1 555 542 563 -1 551 542 555 -1 543 556 538 -1 564 556 550 -1 549 559 565 -1 565 561 549 -1 544 566 545 -1 545 566 560 -1 385 389 553 -1 567 536 535 -1 542 536 567 -1 538 568 558 -1 560 565 546 -1 544 558 569 -1 550 555 564 -1 568 538 570 -1 571 562 557 -1 557 572 571 -1 538 556 570 -1 559 546 565 -1 573 566 574 -1 560 566 573 -1 389 575 553 -1 575 534 553 -1 567 535 562 -1 542 567 576 -1 576 563 542 -1 403 575 389 -1 557 554 577 -1 572 557 577 -1 567 578 576 -1 576 579 580 -1 563 576 555 -1 576 564 555 -1 576 580 564 -1 564 580 581 -1 544 569 566 -1 565 560 582 -1 574 566 569 -1 582 560 573 -1 534 575 554 -1 575 403 583 -1 554 575 577 -1 584 571 572 -1 578 562 571 -1 578 571 584 -1 562 578 567 -1 584 585 579 -1 584 579 578 -1 579 576 578 -1 585 586 579 -1 587 586 585 -1 586 580 579 -1 564 581 588 -1 589 556 564 -1 568 570 558 -1 590 561 565 -1 403 591 583 -1 592 584 572 -1 570 556 589 -1 593 558 570 -1 569 558 593 -1 402 591 403 -1 583 591 594 -1 577 575 583 -1 592 577 583 -1 592 572 577 -1 595 584 592 -1 584 595 585 -1 587 585 595 -1 596 569 593 -1 597 565 582 -1 569 596 574 -1 591 402 598 -1 594 591 598 -1 592 583 599 -1 589 564 588 -1 570 589 600 -1 593 570 600 -1 590 565 597 -1 402 409 598 -1 599 583 594 -1 595 592 599 -1 586 587 601 -1 580 586 602 -1 589 588 603 -1 581 580 604 -1 588 581 604 -1 600 589 603 -1 595 601 587 -1 603 588 604 -1 604 580 602 -1 597 582 605 -1 582 573 606 -1 593 600 607 -1 599 594 598 -1 608 595 599 -1 586 601 602 -1 582 606 605 -1 607 600 609 -1 595 608 601 -1 603 604 610 -1 611 610 604 -1 596 593 607 -1 612 596 607 -1 596 613 574 -1 573 574 613 -1 606 573 613 -1 598 409 614 -1 604 602 611 -1 409 407 614 -1 599 598 614 -1 600 603 610 -1 613 596 612 -1 602 601 615 -1 615 611 602 -1 616 606 613 -1 607 609 617 -1 600 610 609 -1 612 607 617 -1 614 407 427 -1 599 614 618 -1 618 608 599 -1 613 612 616 -1 609 619 617 -1 610 611 620 -1 616 612 617 -1 605 606 621 -1 610 620 609 -1 622 619 609 -1 615 620 611 -1 617 619 616 -1 621 606 616 -1 623 618 427 -1 609 620 624 -1 624 622 609 -1 615 608 625 -1 601 608 615 -1 426 626 427 -1 614 427 618 -1 625 608 618 -1 626 426 440 -1 622 627 619 -1 623 625 618 -1 616 619 628 -1 623 427 626 -1 629 615 625 -1 619 627 630 -1 621 616 628 -1 620 615 629 -1 624 620 631 -1 630 628 619 -1 623 632 625 -1 627 622 633 -1 628 630 634 -1 631 620 629 -1 635 621 628 -1 632 623 636 -1 632 629 625 -1 633 637 627 -1 627 637 630 -1 637 634 630 -1 635 628 634 -1 626 440 452 -1 452 636 626 -1 623 626 636 -1 631 629 638 -1 639 624 631 -1 622 624 639 -1 633 622 639 -1 640 629 632 -1 641 635 634 -1 636 452 642 -1 632 636 643 -1 633 639 644 -1 637 633 645 -1 641 634 637 -1 638 629 640 -1 645 633 644 -1 645 641 637 -1 640 632 643 -1 638 640 646 -1 647 639 631 -1 642 643 636 -1 631 638 648 -1 649 640 643 -1 631 648 647 -1 647 645 639 -1 639 645 644 -1 642 452 473 -1 643 642 650 -1 649 646 640 -1 643 650 651 -1 648 638 646 -1 641 645 652 -1 650 642 473 -1 649 643 651 -1 653 648 646 -1 645 647 652 -1 654 648 653 -1 475 650 473 -1 655 651 650 -1 649 651 656 -1 646 649 656 -1 653 646 656 -1 654 647 648 -1 654 652 647 -1 650 475 657 -1 651 655 656 -1 658 652 654 -1 641 652 658 -1 657 475 486 -1 650 657 655 -1 656 655 659 -1 659 653 656 -1 657 486 660 -1 486 493 660 -1 493 500 660 -1 657 659 655 -1 661 654 653 -1 660 500 662 -1 500 499 662 -1 657 660 659 -1 660 662 659 -1 659 662 663 -1 662 499 664 -1 663 664 665 -1 664 666 665 -1 667 668 665 -1 667 665 666 -1 666 664 499 -1 667 666 669 -1 659 663 670 -1 653 659 670 -1 670 661 653 -1 665 670 663 -1 670 665 668 -1 663 662 664 -1 654 661 671 -1 672 673 668 -1 674 672 668 -1 667 674 668 -1 667 669 674 -1 654 671 658 -1 661 670 673 -1 670 668 673 -1 675 673 672 -1 676 677 678 -1 672 674 679 -1 672 679 675 -1 661 673 671 -1 671 673 677 -1 675 677 673 -1 680 677 675 -1 675 679 680 -1 677 680 678 -1 496 184 681 -1 681 184 682 -1 681 682 683 -1 320 682 184 -1 683 682 684 -1 682 320 322 -1 682 322 324 -1 682 324 684 -1 496 681 501 -1 685 501 681 -1 683 666 685 -1 499 501 685 -1 499 685 666 -1 666 683 669 -1 669 683 684 -1 683 685 681 -1 686 687 669 -1 669 684 686 -1 330 684 324 -1 674 669 687 -1 686 684 330 -1 688 678 689 -1 690 687 686 -1 336 690 686 -1 330 336 686 -1 674 687 679 -1 680 679 687 -1 687 690 680 -1 689 690 336 -1 680 690 678 -1 336 335 689 -1 689 678 690 -1 691 692 693 -1 693 692 694 -1 694 692 695 -1 695 696 694 -1 694 696 697 -1 698 699 696 -1 696 699 697 -1 700 699 701 -1 701 699 698 -1 701 702 700 -1 700 702 703 -1 703 702 704 -1 705 703 704 -1 706 703 705 -1 706 705 707 -1 707 705 708 -1 709 707 708 -1 708 710 709 -1 710 711 709 -1 709 711 712 -1 711 713 712 -1 712 713 714 -1 714 713 715 -1 716 714 715 -1 717 714 716 -1 717 716 718 -1 718 716 719 -1 720 721 722 -1 723 724 725 -1 726 724 723 -1 722 724 726 -1 721 724 722 -1 721 720 727 -1 727 720 728 -1 728 729 727 -1 730 731 732 -1 732 731 733 -1 733 731 734 -1 735 736 737 -1 737 736 738 -1 734 739 733 -1 733 739 740 -1 738 740 739 -1 736 740 738 -1 730 718 719 -1 732 718 730 -1 725 735 723 -1 723 735 737 -1 692 691 741 -1 741 742 692 -1 695 692 742 -1 742 743 695 -1 696 695 743 -1 743 744 696 -1 744 698 696 -1 701 698 745 -1 745 746 701 -1 702 701 746 -1 704 747 705 -1 748 722 749 -1 720 722 748 -1 750 723 751 -1 726 723 750 -1 749 726 750 -1 752 716 715 -1 722 726 749 -1 719 716 752 -1 752 753 719 -1 728 720 754 -1 755 719 753 -1 730 719 755 -1 755 756 730 -1 731 730 756 -1 734 731 756 -1 757 728 754 -1 737 738 758 -1 759 739 734 -1 751 737 758 -1 723 737 751 -1 749 760 748 -1 748 760 761 -1 761 762 748 -1 763 749 750 -1 760 749 763 -1 763 750 751 -1 742 741 764 -1 748 754 720 -1 762 754 748 -1 764 743 742 -1 765 758 738 -1 759 734 756 -1 759 766 739 -1 744 745 698 -1 739 766 738 -1 704 702 746 -1 746 747 704 -1 751 758 763 -1 705 747 767 -1 708 705 767 -1 710 708 768 -1 769 710 768 -1 711 710 769 -1 769 770 711 -1 713 711 770 -1 715 713 770 -1 752 715 770 -1 771 754 762 -1 757 754 772 -1 771 772 754 -1 772 773 757 -1 761 774 762 -1 766 765 738 -1 758 765 763 -1 760 775 761 -1 760 763 776 -1 763 765 776 -1 777 755 778 -1 743 764 779 -1 779 780 743 -1 744 743 780 -1 780 781 744 -1 781 782 744 -1 782 745 744 -1 746 745 782 -1 782 747 746 -1 747 783 767 -1 784 767 783 -1 767 768 708 -1 785 770 786 -1 752 770 785 -1 753 752 785 -1 755 753 778 -1 778 753 785 -1 775 774 761 -1 774 771 762 -1 775 760 787 -1 782 783 747 -1 756 755 777 -1 777 759 756 -1 768 767 784 -1 770 769 786 -1 787 760 776 -1 774 775 788 -1 772 771 789 -1 775 787 788 -1 776 765 790 -1 791 792 785 -1 778 785 792 -1 793 779 794 -1 795 779 793 -1 792 777 778 -1 780 779 795 -1 766 790 765 -1 795 781 780 -1 781 796 782 -1 783 782 796 -1 784 783 796 -1 786 769 768 -1 785 786 791 -1 771 774 797 -1 788 798 774 -1 797 789 771 -1 774 798 797 -1 776 790 787 -1 799 792 800 -1 799 777 792 -1 799 801 777 -1 777 801 759 -1 759 801 766 -1 766 801 790 -1 795 793 802 -1 802 793 803 -1 795 802 804 -1 795 804 781 -1 781 804 805 -1 796 781 805 -1 806 796 805 -1 784 796 806 -1 784 806 768 -1 807 768 806 -1 786 768 807 -1 791 786 807 -1 792 808 800 -1 808 792 791 -1 809 810 811 -1 812 813 805 -1 805 813 807 -1 814 802 803 -1 807 813 791 -1 815 803 816 -1 803 815 814 -1 808 791 813 -1 808 813 809 -1 809 811 808 -1 800 808 811 -1 817 818 819 -1 798 818 820 -1 818 798 819 -1 797 798 820 -1 819 810 817 -1 810 819 799 -1 788 819 798 -1 788 787 819 -1 787 801 819 -1 815 816 821 -1 811 810 799 -1 799 800 811 -1 816 822 823 -1 816 823 821 -1 801 799 819 -1 790 801 787 -1 823 824 821 -1 804 802 814 -1 812 804 814 -1 804 812 805 -1 825 814 815 -1 825 815 821 -1 809 812 814 -1 814 825 809 -1 826 821 824 -1 825 826 810 -1 817 810 826 -1 812 809 813 -1 809 825 810 -1 806 805 807 -1 818 817 827 -1 820 818 827 -1 822 828 823 -1 821 826 825 -1 827 817 829 -1 830 828 822 -1 824 823 828 -1 817 826 831 -1 820 832 797 -1 789 797 832 -1 832 820 827 -1 832 833 789 -1 834 828 830 -1 826 824 831 -1 835 789 833 -1 824 828 834 -1 827 836 832 -1 833 832 837 -1 834 831 824 -1 829 817 831 -1 836 837 832 -1 827 829 838 -1 836 827 838 -1 835 833 837 -1 834 839 831 -1 838 829 840 -1 836 838 841 -1 842 836 841 -1 836 842 837 -1 842 843 837 -1 844 831 839 -1 831 840 829 -1 840 831 844 -1 840 841 838 -1 841 840 845 -1 840 844 846 -1 843 842 847 -1 845 840 846 -1 841 845 848 -1 849 841 848 -1 849 842 841 -1 847 842 849 -1 850 843 847 -1 851 852 839 -1 844 839 852 -1 849 848 853 -1 846 844 852 -1 845 846 854 -1 853 855 849 -1 847 849 856 -1 856 850 847 -1 852 851 857 -1 846 852 858 -1 856 849 855 -1 854 859 845 -1 848 845 859 -1 860 850 856 -1 853 848 859 -1 861 856 855 -1 854 846 862 -1 855 853 859 -1 852 857 863 -1 852 863 858 -1 846 858 862 -1 858 864 862 -1 856 861 860 -1 863 864 858 -1 854 865 859 -1 864 863 866 -1 867 855 859 -1 861 855 867 -1 854 862 868 -1 864 866 862 -1 866 868 862 -1 868 865 854 -1 865 867 859 -1 868 866 869 -1 866 863 869 -1 868 870 865 -1 861 867 871 -1 867 865 870 -1 868 869 872 -1 870 868 873 -1 873 868 872 -1 874 870 873 -1 875 873 872 -1 876 873 875 -1 874 873 876 -1 877 878 879 -1 880 878 877 -1 880 881 878 -1 878 881 882 -1 882 881 883 -1 727 729 879 -1 879 729 877 -1 877 729 728 -1 877 728 757 -1 884 877 757 -1 880 877 884 -1 884 885 880 -1 881 880 885 -1 883 881 885 -1 773 885 884 -1 884 757 773 -1 773 886 885 -1 772 887 773 -1 886 773 887 -1 789 887 772 -1 887 888 886 -1 889 887 835 -1 888 887 889 -1 890 888 889 -1 890 891 888 -1 887 789 835 -1 892 890 889 -1 889 835 892 -1 892 835 893 -1 837 893 835 -1 890 892 894 -1 893 837 843 -1 893 895 892 -1 893 843 895 -1 895 894 892 -1 894 895 896 -1 895 843 897 -1 897 896 895 -1 897 843 850 -1 897 850 860 -1 860 898 897 -1 899 897 898 -1 899 896 897 -1 898 860 900 -1 861 900 860 -1 900 899 898 -1 900 861 871 -1 901 902 903 -1 904 905 901 -1 901 905 902 -1 906 905 904 -1 907 906 904 -1 907 908 906 -1 909 907 910 -1 908 907 909 -1 911 912 913 -1 913 912 914 -1 915 916 917 -1 917 916 911 -1 911 916 912 -1 918 909 910 -1 913 914 910 -1 910 914 918 -1 882 883 919 -1 883 920 919 -1 919 920 921 -1 922 921 920 -1 923 924 925 -1 925 924 926 -1 921 922 925 -1 925 922 923 -1 924 927 926 -1 926 927 917 -1 917 927 915 -1 928 902 905 -1 905 906 929 -1 929 928 905 -1 929 906 930 -1 930 906 931 -1 906 908 931 -1 908 909 932 -1 914 912 933 -1 912 916 934 -1 933 912 934 -1 916 915 935 -1 934 916 935 -1 936 918 914 -1 936 914 933 -1 937 883 885 -1 937 920 883 -1 924 923 938 -1 923 922 939 -1 938 923 939 -1 915 927 940 -1 940 924 938 -1 927 924 940 -1 928 941 902 -1 931 908 932 -1 933 934 942 -1 918 936 943 -1 943 909 918 -1 885 886 937 -1 937 944 920 -1 945 920 944 -1 920 945 922 -1 922 945 939 -1 938 946 940 -1 915 940 935 -1 940 946 935 -1 938 947 946 -1 942 934 948 -1 934 935 948 -1 929 930 949 -1 931 949 930 -1 944 950 945 -1 928 951 941 -1 932 909 943 -1 936 933 942 -1 943 936 952 -1 953 937 886 -1 953 954 937 -1 954 944 937 -1 950 955 945 -1 945 955 939 -1 955 956 939 -1 939 956 938 -1 935 957 948 -1 957 946 947 -1 935 946 957 -1 958 942 948 -1 957 959 948 -1 932 949 931 -1 888 953 886 -1 947 938 956 -1 958 948 959 -1 955 950 960 -1 956 955 961 -1 962 963 947 -1 957 947 963 -1 964 957 963 -1 959 957 964 -1 951 928 965 -1 929 965 928 -1 949 965 929 -1 958 952 936 -1 936 942 958 -1 932 943 966 -1 952 966 943 -1 967 954 953 -1 947 956 962 -1 958 959 968 -1 949 932 969 -1 967 953 970 -1 971 944 954 -1 944 971 950 -1 959 964 968 -1 969 965 949 -1 970 953 888 -1 950 971 960 -1 964 963 972 -1 969 932 973 -1 974 975 951 -1 965 974 951 -1 967 970 891 -1 960 976 955 -1 961 955 976 -1 977 963 962 -1 972 978 964 -1 958 968 979 -1 974 980 975 -1 974 965 969 -1 966 973 932 -1 970 888 891 -1 971 967 981 -1 954 967 971 -1 960 971 981 -1 961 982 956 -1 956 982 962 -1 963 977 972 -1 968 964 978 -1 983 975 980 -1 973 984 969 -1 952 958 979 -1 891 981 967 -1 981 976 960 -1 982 961 976 -1 985 977 962 -1 974 969 986 -1 981 987 976 -1 972 977 985 -1 988 989 990 -1 991 989 988 -1 989 991 992 -1 980 991 988 -1 974 991 980 -1 993 992 986 -1 993 986 994 -1 994 986 984 -1 986 992 991 -1 986 991 974 -1 984 986 969 -1 966 952 979 -1 981 995 987 -1 982 976 987 -1 978 996 968 -1 989 992 990 -1 992 993 997 -1 994 998 999 -1 984 998 994 -1 973 998 984 -1 998 966 979 -1 979 1000 998 -1 979 996 1000 -1 998 973 966 -1 890 1001 891 -1 981 891 1001 -1 1001 995 981 -1 1002 996 978 -1 1003 982 987 -1 962 982 1003 -1 985 962 1003 -1 978 985 1002 -1 985 978 972 -1 996 979 968 -1 997 993 1004 -1 1004 993 994 -1 994 999 1005 -1 987 1006 1003 -1 1002 985 1003 -1 1004 994 1005 -1 1001 890 894 -1 995 1001 1007 -1 1008 987 995 -1 996 1002 1009 -1 992 997 990 -1 990 997 1010 -1 1000 999 998 -1 1007 1001 894 -1 1008 995 1007 -1 1002 1011 1009 -1 1002 1003 1011 -1 997 1004 1012 -1 1013 1004 1005 -1 1005 999 1013 -1 999 1000 1014 -1 1000 996 1009 -1 1006 987 1008 -1 1006 1011 1003 -1 1013 999 1014 -1 1000 1009 1014 -1 894 1015 1007 -1 1008 1007 1016 -1 1017 1008 1016 -1 1006 1008 1017 -1 1006 1018 1019 -1 1019 1011 1006 -1 1010 997 1020 -1 997 1012 1020 -1 1021 1004 1013 -1 1021 1013 1022 -1 1013 1014 1022 -1 1014 1009 1023 -1 1015 894 896 -1 1007 1015 1016 -1 1017 1018 1006 -1 1011 1019 1024 -1 1009 1011 1024 -1 1020 1012 1025 -1 1021 1012 1004 -1 1024 1023 1009 -1 896 1026 1015 -1 1016 1015 1027 -1 1017 1016 1028 -1 1019 1018 1029 -1 1029 1030 1019 -1 1031 1032 1020 -1 1021 1033 1012 -1 1033 1025 1012 -1 1014 1034 1022 -1 1027 1015 1026 -1 1027 1028 1016 -1 1028 1018 1017 -1 1030 1024 1019 -1 1031 1020 1025 -1 1014 1023 1034 -1 1028 1027 1035 -1 1022 1036 1021 -1 1026 1037 1027 -1 1038 1028 1035 -1 1038 1018 1028 -1 1039 1018 1038 -1 1018 1039 1029 -1 1030 1040 1024 -1 1033 1021 1036 -1 1026 896 1041 -1 1037 1035 1027 -1 1024 1040 1023 -1 1041 896 899 -1 1022 1034 1042 -1 1039 1038 1043 -1 1023 1044 1034 -1 1023 1040 1044 -1 1025 1033 1045 -1 1036 1045 1033 -1 1041 1046 1026 -1 1035 1037 1047 -1 1029 1039 1043 -1 1048 1030 1029 -1 1049 1040 1048 -1 1045 1050 1025 -1 1042 1036 1022 -1 1051 1042 1034 -1 1034 1044 1051 -1 1046 1037 1026 -1 1040 1049 1044 -1 1040 1030 1048 -1 1048 1052 1049 -1 1031 1025 1050 -1 1036 1042 1045 -1 1047 1037 1046 -1 1047 1038 1035 -1 1043 1038 1053 -1 1044 1054 1051 -1 1054 1044 1049 -1 1043 1055 1029 -1 1048 1029 1055 -1 1046 1056 1047 -1 1054 1049 1052 -1 1047 1053 1038 -1 1053 1055 1043 -1 1045 1042 1057 -1 1042 1051 1057 -1 1051 1054 1057 -1 1050 1045 1058 -1 1053 1059 1055 -1 1048 1055 1060 -1 1052 1061 1054 -1 1057 1058 1045 -1 1053 1047 1056 -1 1059 1053 1062 -1 1057 1054 1063 -1 1054 1061 1063 -1 1052 1048 1060 -1 1063 1064 1057 -1 1056 1062 1053 -1 1056 1046 1065 -1 1064 1058 1057 -1 1055 1059 1066 -1 1060 1055 1066 -1 1062 1056 1065 -1 1052 1060 1067 -1 1066 1067 1060 -1 1061 1052 1067 -1 1063 1061 1067 -1 1068 1058 1069 -1 1058 1064 1069 -1 1070 1069 1064 -1 1064 1063 1070 -1 1059 1062 1066 -1 1071 1062 1065 -1 1071 1066 1062 -1 1063 1072 1070 -1 1072 1063 1067 -1 1071 1073 1066 -1 1074 1067 1066 -1 1075 1076 1069 -1 1069 1070 1075 -1 1066 1073 1074 -1 1074 1072 1067 -1 1072 1074 1077 -1 1072 1075 1070 -1 1078 1076 1075 -1 1079 1075 1072 -1 1074 1073 1080 -1 1077 1079 1072 -1 1077 1074 1080 -1 1081 1076 1078 -1 1082 1071 1083 -1 1073 1071 1082 -1 1073 1082 1080 -1 1079 1077 1084 -1 1081 1078 1085 -1 1086 1085 1078 -1 1086 1078 1079 -1 1079 1078 1075 -1 1082 1083 1087 -1 1087 1088 1082 -1 1088 1089 1082 -1 1082 1089 1080 -1 1084 1086 1079 -1 1077 1089 1084 -1 1089 1077 1080 -1 1085 1086 1090 -1 1091 1088 1087 -1 1084 1089 1092 -1 1084 1090 1086 -1 1089 1088 1093 -1 1091 1087 1094 -1 1093 1088 1091 -1 1092 1090 1084 -1 1090 1095 1085 -1 1093 1091 1096 -1 1093 1092 1089 -1 1090 1092 1097 -1 1092 1093 1098 -1 1099 1096 1091 -1 1097 1092 1098 -1 1100 1101 1090 -1 1096 1102 1093 -1 1098 1093 1102 -1 1095 1090 1101 -1 1099 1091 1103 -1 1091 1094 1103 -1 1104 1100 1090 -1 1097 1104 1090 -1 1099 1105 1096 -1 1102 1096 1105 -1 1095 1101 1106 -1 1107 1108 1109 -1 1110 1107 1109 -1 1111 1107 1110 -1 1112 1110 1113 -1 1111 1108 1107 -1 1111 1110 1112 -1 1111 1112 1114 -1 1114 1112 1104 -1 1113 1101 1100 -1 1112 1113 1100 -1 1104 1112 1100 -1 1115 1116 1117 -1 1117 1116 1118 -1 1103 1119 1099 -1 1103 1117 1119 -1 1117 1118 1119 -1 1118 1120 1119 -1 1105 1099 1119 -1 1119 1120 1105 -1 1121 1120 1118 -1 1114 1104 1122 -1 1122 1104 1097 -1 1121 1122 1120 -1 1098 1102 1120 -1 1105 1120 1102 -1 1115 1123 1116 -1 1108 1124 1109 -1 1118 1116 1123 -1 1118 1125 1121 -1 1122 1098 1120 -1 1122 1097 1098 -1 1108 1111 1126 -1 1114 1122 1127 -1 1121 1125 1122 -1 1128 1108 1126 -1 1125 1118 1129 -1 1130 1123 1131 -1 1123 1129 1118 -1 1124 1108 1128 -1 1125 1127 1122 -1 1114 1127 1111 -1 1129 1123 1130 -1 1124 1128 1132 -1 1125 1129 1133 -1 1125 1134 1127 -1 1126 1111 1135 -1 1127 1135 1111 -1 1125 1133 1134 -1 1130 1131 1136 -1 1126 1135 1137 -1 1136 1138 1130 -1 1139 1130 1138 -1 1128 1140 1132 -1 1140 1128 1141 -1 1141 1126 1142 -1 1126 1141 1128 -1 1137 1135 1143 -1 1144 1127 1145 -1 1127 1143 1135 -1 1139 1146 1129 -1 1129 1130 1139 -1 1133 1129 1147 -1 1134 1133 1148 -1 1148 1145 1134 -1 1145 1127 1134 -1 1149 1142 1126 -1 1126 1137 1149 -1 1149 1137 1143 -1 1145 1149 1144 -1 1143 1144 1149 -1 1144 1143 1127 -1 1150 1147 1129 -1 1148 1147 1150 -1 1147 1148 1133 -1 1146 1139 1150 -1 1145 1148 1151 -1 1151 1149 1145 -1 1150 1129 1146 -1 1140 1141 1152 -1 1153 1151 1148 -1 1153 1148 1150 -1 1141 1142 1154 -1 1155 1150 1139 -1 1154 1142 1149 -1 1139 1138 1155 -1 1156 1140 1152 -1 1152 1141 1154 -1 1149 1151 1157 -1 1151 1153 1157 -1 1157 1153 1158 -1 1154 1149 1159 -1 1150 1155 1160 -1 1153 1150 1160 -1 1161 1149 1157 -1 1158 1153 1160 -1 1149 1161 1159 -1 1162 1156 1152 -1 1159 1161 1163 -1 1164 1152 1154 -1 1154 1159 1164 -1 1162 1152 1164 -1 1159 1163 1165 -1 1166 1161 1157 -1 1163 1161 1166 -1 1164 1159 1167 -1 1168 1162 1164 -1 1167 1159 1165 -1 1157 1158 1166 -1 1168 1164 1169 -1 1158 1160 1170 -1 1171 1164 1167 -1 1163 1166 1172 -1 1170 1166 1158 -1 1165 1163 1172 -1 1171 1169 1164 -1 1172 1166 1170 -1 1171 1167 1173 -1 1167 1165 1174 -1 1174 1173 1167 -1 1172 1175 1165 -1 1174 1165 1175 -1 1176 1177 1178 -1 903 1176 1178 -1 902 1176 903 -1 1178 1177 204 -1 204 1177 205 -1 1177 1176 1179 -1 1179 1176 1180 -1 1176 902 941 -1 941 1180 1176 -1 1177 212 205 -1 1177 1179 212 -1 220 212 1181 -1 1182 212 1179 -1 1182 1179 1180 -1 1182 1180 1183 -1 1180 941 951 -1 220 1181 230 -1 1182 1181 212 -1 1183 1184 1182 -1 1183 1180 1185 -1 951 1185 1180 -1 975 1185 951 -1 1181 1186 230 -1 1181 1182 1187 -1 1184 1187 1182 -1 1183 1185 1184 -1 232 230 1186 -1 1185 975 983 -1 1186 1181 1187 -1 232 1186 1188 -1 983 1184 1185 -1 1188 231 232 -1 1189 1190 988 -1 1191 1192 1193 -1 1186 1187 1193 -1 1193 1187 1191 -1 1192 1191 1194 -1 1192 263 1193 -1 1189 1194 1190 -1 1188 263 231 -1 1188 1186 1193 -1 1192 1195 263 -1 1196 1192 1194 -1 263 1188 1193 -1 1184 983 1190 -1 980 1190 983 -1 980 988 1190 -1 1189 1196 1194 -1 1194 1191 1190 -1 1191 1187 1184 -1 1191 1184 1190 -1 988 990 1197 -1 1198 262 263 -1 1195 1198 263 -1 1196 1195 1192 -1 1189 988 1197 -1 1196 1189 1199 -1 266 262 1198 -1 1197 1199 1189 -1 1197 990 1010 -1 266 1198 1200 -1 1195 1196 1201 -1 1198 1195 1201 -1 1201 1196 1202 -1 1197 1203 1199 -1 1203 1197 1010 -1 277 266 1200 -1 1198 1201 1200 -1 1204 1200 1201 -1 1201 1202 1205 -1 1206 1202 1196 -1 1199 1206 1196 -1 1203 1010 1207 -1 1204 1201 1205 -1 1205 1202 1206 -1 1203 1206 1199 -1 1020 1207 1010 -1 277 1200 1208 -1 1208 1209 277 -1 1204 1208 1200 -1 1207 1020 1032 -1 1203 1210 1206 -1 1204 1205 1211 -1 1204 1212 1208 -1 1211 1212 1204 -1 1213 1211 1205 -1 1205 1206 1213 -1 1206 1210 1213 -1 1209 287 277 -1 1209 1208 1214 -1 1208 1212 1214 -1 1207 1032 1215 -1 1211 1213 1216 -1 1213 1210 1217 -1 1203 1207 1210 -1 287 1209 1218 -1 1218 1209 1214 -1 1212 1211 1216 -1 1216 1213 1217 -1 1210 1207 1215 -1 1215 1032 1219 -1 287 1218 295 -1 1220 1218 1214 -1 1214 1212 1221 -1 1222 1212 1216 -1 1219 1223 1215 -1 1031 1219 1032 -1 1216 1217 1222 -1 1224 1217 1210 -1 1210 1215 1223 -1 295 1218 1220 -1 1225 1220 1214 -1 1222 1221 1212 -1 1226 1220 1225 -1 295 1220 300 -1 1225 1214 1221 -1 1217 1224 1222 -1 1223 1224 1210 -1 1031 1050 1219 -1 1226 300 1220 -1 1223 1219 1050 -1 1221 1222 1227 -1 1224 1227 1222 -1 1224 1223 1228 -1 1229 1221 1227 -1 1228 1227 1224 -1 1223 1050 1230 -1 1226 1225 1231 -1 1221 1229 1232 -1 1228 1223 1230 -1 1058 1230 1050 -1 308 300 1226 -1 1221 1231 1225 -1 1221 1232 1231 -1 1226 1231 1233 -1 308 1226 1233 -1 1234 1227 1228 -1 1228 1230 1234 -1 1234 1230 1068 -1 1230 1058 1068 -1 1235 1233 1231 -1 1229 1227 1236 -1 1234 1236 1227 -1 1231 1232 1235 -1 1233 312 308 -1 1232 1229 1237 -1 312 1233 1238 -1 1233 1235 1238 -1 1234 1068 1239 -1 1236 1237 1229 -1 1239 1236 1234 -1 1069 1239 1068 -1 1232 1237 1235 -1 1240 1235 1237 -1 1237 1236 1241 -1 1239 1069 1076 -1 1241 1240 1237 -1 1236 1242 1241 -1 1242 1236 1239 -1 1239 1076 1242 -1 1243 317 312 -1 1238 1235 1240 -1 1244 312 1238 -1 1245 1241 1246 -1 1247 1241 1242 -1 1242 1248 1247 -1 1248 1242 1249 -1 1249 1242 1076 -1 317 1243 334 -1 1243 312 1244 -1 1076 1081 1249 -1 1244 1238 1240 -1 1245 1244 1240 -1 1245 1240 1241 -1 335 337 1250 -1 337 334 1250 -1 1246 1241 1247 -1 1248 1249 1251 -1 335 1250 1252 -1 1253 1252 1250 -1 1249 1081 1251 -1 1251 1081 1085 -1 337 332 334 -1 1250 334 1243 -1 1254 1253 1250 -1 1250 1243 1254 -1 1254 1243 1244 -1 1095 1251 1085 -1 1247 1248 1255 -1 1251 1255 1248 -1 1245 1246 1256 -1 1252 1253 1257 -1 1256 1246 1255 -1 1254 1244 1258 -1 1247 1255 1246 -1 1253 1254 1258 -1 1258 1244 1245 -1 1255 1251 1259 -1 1259 1251 1095 -1 1258 1257 1253 -1 1258 1245 1256 -1 1258 1256 1260 -1 1255 1261 1256 -1 1262 1258 1260 -1 1259 1095 1263 -1 1264 1255 1259 -1 1257 1258 1262 -1 1262 1265 1257 -1 1106 1263 1095 -1 1256 1266 1260 -1 1267 1268 1257 -1 1265 1267 1257 -1 1264 1261 1255 -1 1261 1266 1256 -1 1264 1259 1263 -1 1106 1269 1263 -1 1261 1264 1270 -1 1271 1270 1264 -1 1264 1263 1271 -1 1272 1265 1273 -1 1262 1273 1265 -1 1260 1266 1274 -1 1265 1272 1267 -1 1274 1266 1275 -1 1266 1261 1275 -1 1276 1273 1262 -1 1262 1260 1276 -1 1273 1276 1274 -1 1273 1277 1278 -1 1273 1274 1277 -1 1277 1279 1280 -1 1277 1274 1279 -1 1279 1281 1282 -1 1279 1274 1275 -1 1280 1279 1282 -1 1283 1284 1285 -1 1279 1275 1281 -1 1286 1285 1284 -1 1274 1276 1260 -1 1287 1288 1289 -1 1282 1281 1289 -1 1289 1281 1290 -1 1289 1290 1287 -1 1281 1275 1290 -1 1291 1292 1287 -1 1293 1294 1295 -1 1294 1296 1295 -1 1287 1290 1291 -1 1297 1291 1290 -1 1270 1275 1261 -1 1290 1275 1270 -1 1270 1297 1290 -1 1297 1270 1271 -1 1292 1291 1298 -1 1296 1294 1299 -1 1299 1124 1296 -1 1299 1109 1124 -1 1269 1110 1294 -1 1110 1299 1294 -1 1298 1293 1300 -1 1110 1269 1113 -1 1298 1291 1293 -1 1293 1291 1294 -1 1300 1293 1301 -1 1295 1301 1293 -1 1113 1269 1101 -1 1101 1269 1106 -1 1109 1299 1110 -1 1269 1291 1297 -1 1269 1294 1291 -1 1271 1269 1297 -1 1269 1271 1263 -1 1268 1267 1302 -1 1302 1284 1268 -1 1302 1267 1272 -1 1303 1302 1272 -1 1284 1302 1286 -1 1302 1304 1286 -1 1302 1303 1305 -1 1305 1304 1302 -1 1306 1272 1273 -1 1306 1303 1272 -1 1273 1278 1306 -1 1289 1288 1282 -1 1287 1292 1307 -1 1306 1278 1308 -1 1306 1309 1303 -1 1287 1310 1288 -1 1308 1278 1277 -1 1280 1282 1311 -1 1280 1311 1312 -1 1311 1282 1288 -1 1277 1280 1312 -1 1286 1313 1285 -1 1314 1306 1308 -1 1312 1308 1277 -1 1315 1313 1286 -1 1311 1288 1310 -1 1292 1298 1316 -1 1315 1286 1304 -1 1309 1306 1314 -1 1307 1310 1287 -1 1298 1300 1317 -1 1301 1295 1318 -1 1316 1298 1317 -1 1305 1303 1309 -1 1312 1311 1319 -1 1124 1320 1296 -1 1295 1296 1320 -1 1321 1311 1310 -1 1300 1301 1317 -1 1319 1311 1321 -1 1313 1315 1322 -1 1323 1310 1307 -1 1314 1308 1324 -1 1309 1314 1325 -1 1320 1124 1132 -1 1315 1304 1326 -1 1304 1305 1326 -1 1305 1309 1327 -1 1309 1325 1328 -1 1316 1307 1292 -1 1317 1301 1318 -1 1326 1305 1327 -1 1324 1308 1329 -1 1308 1330 1329 -1 1308 1312 1319 -1 1295 1320 1318 -1 1327 1309 1328 -1 1310 1323 1331 -1 1330 1308 1319 -1 1322 1315 1326 -1 1310 1331 1321 -1 1332 1313 1333 -1 1313 1322 1333 -1 1334 1321 1331 -1 1314 1324 1335 -1 1330 1324 1329 -1 1330 1336 1324 -1 1336 1330 1337 -1 1319 1337 1330 -1 1325 1338 1328 -1 1339 1328 1338 -1 1337 1319 1340 -1 1319 1321 1340 -1 1321 1334 1341 -1 1333 1322 1342 -1 1333 1342 1343 -1 1322 1326 1342 -1 1344 1326 1327 -1 1344 1342 1326 -1 1328 1345 1327 -1 1344 1327 1345 -1 1328 1339 1345 -1 1331 1323 1346 -1 1325 1314 1335 -1 1346 1334 1331 -1 1335 1324 1336 -1 1347 1323 1307 -1 1346 1323 1347 -1 1347 1307 1348 -1 1348 1307 1316 -1 1348 1316 1317 -1 1348 1317 1349 -1 1338 1325 1350 -1 1351 1338 1350 -1 1317 1352 1349 -1 1352 1317 1318 -1 1318 1353 1352 -1 1325 1335 1350 -1 1354 1337 1340 -1 1354 1340 1355 -1 1355 1340 1321 -1 1353 1318 1320 -1 1356 1353 1320 -1 1356 1320 1140 -1 1132 1140 1320 -1 1357 1342 1358 -1 1343 1342 1357 -1 1342 1344 1358 -1 1359 1338 1351 -1 1336 1360 1335 -1 1336 1337 1360 -1 1341 1334 1361 -1 1341 1355 1321 -1 1344 1345 1358 -1 1362 1339 1359 -1 1339 1338 1359 -1 1361 1334 1346 -1 1337 1354 1360 -1 1354 1355 1363 -1 1355 1341 1363 -1 1364 1348 1349 -1 1356 1140 1156 -1 1345 1339 1362 -1 1364 1349 1365 -1 1349 1352 1365 -1 1351 1335 1366 -1 1350 1335 1351 -1 1346 1367 1368 -1 1360 1354 1369 -1 1347 1367 1346 -1 1364 1347 1348 -1 1351 1366 1370 -1 1335 1360 1366 -1 1361 1346 1368 -1 1369 1366 1360 -1 1363 1341 1371 -1 1341 1361 1371 -1 1361 1372 1371 -1 1356 1373 1353 -1 1353 1373 1374 -1 1156 1373 1356 -1 1358 1345 1375 -1 1345 1362 1375 -1 1370 1359 1351 -1 1354 1363 1369 -1 1357 1358 1376 -1 1365 1352 1377 -1 1368 1372 1361 -1 1367 1347 1364 -1 1376 1358 1375 -1 1352 1374 1377 -1 1367 1364 1378 -1 1352 1353 1374 -1 1379 1373 1380 -1 1373 1156 1380 -1 1357 1376 1381 -1 1376 1375 1382 -1 1375 1362 1382 -1 1365 1377 1383 -1 1384 1370 1366 -1 1363 1366 1369 -1 1374 1373 1379 -1 1382 1362 1385 -1 1366 1363 1386 -1 1386 1363 1371 -1 1387 1357 1381 -1 1376 1388 1381 -1 1388 1376 1382 -1 1364 1365 1389 -1 1377 1374 1379 -1 1378 1364 1389 -1 1359 1370 1390 -1 1368 1367 1391 -1 1367 1392 1391 -1 1372 1368 1391 -1 1393 1381 1388 -1 1388 1382 1394 -1 1395 1389 1396 -1 1389 1365 1396 -1 1396 1365 1383 -1 1390 1397 1359 -1 1366 1386 1398 -1 1367 1399 1392 -1 1367 1378 1399 -1 1386 1371 1400 -1 1395 1378 1389 -1 1379 1380 1401 -1 1402 1401 1380 -1 1162 1402 1380 -1 1362 1397 1385 -1 1380 1156 1162 -1 1362 1359 1397 -1 1390 1370 1384 -1 1383 1377 1403 -1 1384 1366 1398 -1 1377 1379 1403 -1 1400 1371 1372 -1 1399 1378 1395 -1 1404 1379 1401 -1 1387 1381 1405 -1 1394 1382 1385 -1 1393 1388 1406 -1 1388 1394 1406 -1 1403 1379 1407 -1 1404 1407 1379 -1 1401 1402 1408 -1 1393 1405 1381 -1 1396 1383 1409 -1 1410 1399 1411 -1 1392 1399 1410 -1 1372 1391 1412 -1 1407 1404 1413 -1 1414 1413 1404 -1 1408 1414 1404 -1 1408 1404 1401 -1 1415 1387 1416 -1 1394 1385 1417 -1 1418 1405 1393 -1 1393 1406 1419 -1 1384 1398 1420 -1 1406 1421 1419 -1 1406 1394 1421 -1 1395 1411 1399 -1 1422 1411 1395 -1 1396 1422 1395 -1 1422 1396 1423 -1 1396 1409 1423 -1 1424 1383 1403 -1 1424 1403 1425 -1 1407 1426 1403 -1 1427 1414 1408 -1 1416 1387 1428 -1 1387 1405 1428 -1 1417 1385 1429 -1 1430 1411 1422 -1 1431 1422 1423 -1 1402 1162 1168 -1 1409 1383 1424 -1 1425 1403 1426 -1 1410 1432 1392 -1 1433 1434 1411 -1 1435 1427 1408 -1 1436 1418 1393 -1 1436 1393 1419 -1 1421 1394 1437 -1 1411 1430 1433 -1 1434 1410 1411 -1 1420 1390 1384 -1 1413 1438 1407 -1 1408 1402 1435 -1 1402 1168 1435 -1 1435 1439 1427 -1 1428 1405 1440 -1 1405 1418 1441 -1 1418 1436 1442 -1 1437 1394 1443 -1 1417 1443 1394 -1 1423 1409 1444 -1 1409 1424 1445 -1 1426 1407 1438 -1 1392 1432 1391 -1 1438 1413 1446 -1 1397 1429 1385 -1 1400 1372 1412 -1 1413 1414 1447 -1 1442 1441 1418 -1 1448 1437 1443 -1 1431 1423 1444 -1 1409 1445 1444 -1 1445 1424 1425 -1 1412 1391 1449 -1 1391 1432 1449 -1 1410 1434 1432 -1 1420 1450 1390 -1 1386 1400 1451 -1 1414 1427 1439 -1 1415 1416 1452 -1 1405 1441 1440 -1 1419 1453 1436 -1 1453 1421 1437 -1 1433 1430 1454 -1 1400 1412 1455 -1 1430 1422 1454 -1 1438 1425 1426 -1 1438 1446 1456 -1 1439 1435 1457 -1 1442 1436 1458 -1 1436 1453 1458 -1 1421 1453 1419 -1 1459 1448 1443 -1 1460 1422 1431 -1 1443 1417 1461 -1 1461 1417 1429 -1 1434 1462 1432 -1 1168 1169 1435 -1 1386 1451 1398 -1 1439 1447 1414 -1 1453 1437 1463 -1 1437 1448 1463 -1 1433 1454 1464 -1 1460 1454 1422 -1 1444 1460 1431 -1 1465 1435 1466 -1 1457 1435 1465 -1 1398 1451 1420 -1 1455 1451 1400 -1 1446 1413 1467 -1 1457 1465 1468 -1 1441 1442 1469 -1 1469 1442 1458 -1 1458 1453 1470 -1 1445 1460 1444 -1 1461 1429 1397 -1 1434 1433 1471 -1 1467 1413 1447 -1 1447 1439 1472 -1 1416 1428 1440 -1 1397 1473 1461 -1 1453 1474 1470 -1 1463 1474 1453 -1 1443 1475 1459 -1 1456 1425 1438 -1 1462 1449 1432 -1 1476 1412 1449 -1 1434 1477 1462 -1 1477 1434 1471 -1 1441 1469 1440 -1 1475 1443 1461 -1 1397 1390 1473 -1 1463 1448 1478 -1 1420 1451 1479 -1 1461 1473 1480 -1 1454 1460 1481 -1 1471 1433 1464 -1 1446 1482 1456 -1 1447 1472 1483 -1 1420 1479 1450 -1 1435 1169 1466 -1 1169 1171 1466 -1 1455 1412 1484 -1 1485 1416 1440 -1 1454 1481 1486 -1 1481 1460 1487 -1 1488 1460 1445 -1 1462 1477 1489 -1 1467 1482 1446 -1 1439 1457 1490 -1 1491 1461 1492 -1 1475 1461 1491 -1 1473 1390 1450 -1 1493 1448 1459 -1 1493 1459 1475 -1 1460 1488 1487 -1 1494 1488 1445 -1 1484 1412 1476 -1 1495 1482 1467 -1 1490 1472 1439 -1 1457 1468 1490 -1 1452 1416 1496 -1 1469 1458 1497 -1 1448 1493 1478 -1 1479 1451 1498 -1 1464 1454 1486 -1 1489 1477 1471 -1 1464 1499 1471 -1 1500 1468 1465 -1 1467 1447 1483 -1 1490 1468 1501 -1 1501 1468 1500 -1 1480 1492 1461 -1 1497 1458 1470 -1 1474 1463 1502 -1 1463 1478 1502 -1 1487 1488 1494 -1 1425 1494 1445 -1 1451 1455 1498 -1 1462 1503 1449 -1 1485 1496 1416 -1 1504 1469 1497 -1 1505 1474 1502 -1 1470 1474 1506 -1 1493 1475 1507 -1 1508 1464 1486 -1 1425 1456 1482 -1 1449 1503 1476 -1 1503 1462 1489 -1 1489 1471 1499 -1 1509 1467 1483 -1 1510 1472 1490 -1 1510 1490 1501 -1 1440 1469 1485 -1 1504 1485 1469 -1 1505 1502 1511 -1 1478 1493 1507 -1 1475 1491 1507 -1 1494 1425 1512 -1 1450 1513 1473 -1 1482 1495 1514 -1 1495 1467 1509 -1 1484 1498 1455 -1 1502 1478 1515 -1 1506 1474 1505 -1 1491 1492 1507 -1 1494 1516 1487 -1 1498 1517 1479 -1 1482 1514 1518 -1 1495 1509 1514 -1 1510 1519 1472 -1 1510 1501 1520 -1 1506 1504 1497 -1 1497 1470 1506 -1 1502 1515 1511 -1 1507 1515 1478 -1 1498 1484 1521 -1 1508 1486 1522 -1 1522 1486 1523 -1 1481 1524 1486 -1 1525 1481 1487 -1 1487 1516 1525 -1 1516 1494 1526 -1 1512 1526 1494 -1 1527 1483 1472 -1 1464 1508 1499 -1 1482 1512 1425 -1 1512 1482 1518 -1 1480 1473 1528 -1 1521 1484 1529 -1 1484 1476 1529 -1 1509 1483 1527 -1 1501 1500 1520 -1 1485 1504 1530 -1 1506 1531 1504 -1 1503 1489 1532 -1 1476 1503 1533 -1 1534 1518 1514 -1 1534 1514 1509 -1 1472 1519 1527 -1 1508 1522 1499 -1 1523 1486 1524 -1 1524 1481 1525 -1 1512 1535 1526 -1 1507 1492 1536 -1 1513 1528 1473 -1 1533 1529 1476 -1 1489 1499 1532 -1 1513 1450 1479 -1 1509 1527 1537 -1 1538 1515 1507 -1 1480 1536 1492 -1 1525 1516 1526 -1 1513 1479 1517 -1 1480 1528 1539 -1 1540 1534 1509 -1 1527 1519 1537 -1 1541 1518 1534 -1 1540 1509 1537 -1 1506 1505 1542 -1 1530 1504 1531 -1 1531 1506 1542 -1 1542 1505 1511 -1 1511 1515 1543 -1 1515 1538 1543 -1 1538 1507 1536 -1 1524 1525 1544 -1 1525 1526 1545 -1 1480 1539 1536 -1 1541 1534 1540 -1 1546 1539 1528 -1 1498 1521 1547 -1 1496 1485 1548 -1 1526 1535 1545 -1 1512 1518 1540 -1 1541 1540 1518 -1 1503 1549 1533 -1 1550 1513 1517 -1 1521 1529 1551 -1 1519 1510 1552 -1 1510 1520 1553 -1 1554 1485 1530 -1 1555 1522 1523 -1 1523 1524 1555 -1 1499 1522 1532 -1 1528 1513 1550 -1 1517 1498 1556 -1 1557 1521 1551 -1 1533 1551 1529 -1 1531 1542 1558 -1 1542 1511 1559 -1 1550 1517 1560 -1 1559 1511 1543 -1 1556 1498 1547 -1 1547 1521 1557 -1 1551 1533 1561 -1 1525 1545 1544 -1 1503 1532 1549 -1 1552 1510 1553 -1 1548 1485 1554 -1 1560 1517 1556 -1 1546 1562 1539 -1 1524 1544 1555 -1 1545 1535 1563 -1 1549 1561 1533 -1 1537 1519 1552 -1 1554 1530 1564 -1 1531 1564 1530 -1 1558 1542 1559 -1 1538 1536 1565 -1 1562 1546 1566 -1 1543 1567 1559 -1 1567 1543 1538 -1 1551 1561 1557 -1 1512 1540 1563 -1 1549 1532 1568 -1 1522 1569 1532 -1 1555 1569 1522 -1 1570 1536 1539 -1 1564 1531 1558 -1 1539 1562 1570 -1 1546 1528 1571 -1 1538 1565 1567 -1 1535 1512 1563 -1 1568 1532 1569 -1 1536 1570 1565 -1 1528 1550 1571 -1 1546 1571 1566 -1 1556 1547 1572 -1 1558 1559 1573 -1 1559 1567 1573 -1 1560 1556 1574 -1 1566 1575 1576 -1 1565 1570 1577 -1 1577 1570 1562 -1 1578 1565 1577 -1 1579 1571 1550 -1 1579 1550 1560 -1 1576 1562 1566 -1 1545 1563 1544 -1 1580 1557 1581 -1 1547 1557 1580 -1 1549 1582 1561 -1 1581 1557 1582 -1 1582 1557 1561 -1 1569 1583 1568 -1 1584 1569 1555 -1 1578 1585 1565 -1 1576 1577 1562 -1 1576 1575 1586 -1 1567 1565 1585 -1 1544 1587 1555 -1 1584 1583 1569 -1 1584 1555 1587 -1 1558 1573 1588 -1 1564 1558 1588 -1 1588 1573 1567 -1 1544 1563 1589 -1 1582 1590 1581 -1 1591 1582 1549 -1 1591 1549 1583 -1 1549 1568 1583 -1 1574 1556 1592 -1 1586 1577 1576 -1 1566 1593 1575 -1 1587 1544 1589 -1 1594 1581 1590 -1 1572 1592 1556 -1 1580 1572 1547 -1 1577 1586 1595 -1 1578 1577 1595 -1 1588 1567 1585 -1 1580 1581 1594 -1 1593 1594 1590 -1 1590 1582 1591 -1 1596 1587 1589 -1 1585 1578 1597 -1 1597 1578 1595 -1 1579 1560 1598 -1 1560 1574 1598 -1 1571 1599 1566 -1 1580 1594 1600 -1 1584 1587 1596 -1 1599 1571 1579 -1 1588 1585 1601 -1 1593 1566 1599 -1 1585 1597 1601 -1 1586 1593 1602 -1 1575 1593 1586 -1 1600 1594 1593 -1 1602 1593 1590 -1 1590 1591 1602 -1 1591 1583 1603 -1 1597 1595 1604 -1 1604 1595 1586 -1 1600 1593 1599 -1 1602 1604 1586 -1 1584 1605 1606 -1 1605 1584 1596 -1 1603 1602 1591 -1 1607 1603 1583 -1 1607 1584 1606 -1 1584 1607 1583 -1 1605 1596 1608 -1 1598 1574 1592 -1 1572 1580 1600 -1 1604 1609 1597 -1 1598 1599 1579 -1 1604 1602 1609 -1 1592 1572 1600 -1 1601 1597 1610 -1 1609 1610 1597 -1 1592 1599 1598 -1 1606 1605 1611 -1 1599 1592 1600 -1 1612 1607 1606 -1 1609 1602 1613 -1 1603 1613 1602 -1 1603 1607 1612 -1 1614 1601 1610 -1 1615 1609 1613 -1 1612 1606 1616 -1 1606 1611 1616 -1 1610 1609 1615 -1 1603 1612 1613 -1 1613 1612 1617 -1 1138 1618 1155 -1 1619 1155 1620 -1 1160 1155 1619 -1 1155 1618 1620 -1 1618 1621 1620 -1 1622 1620 1621 -1 1623 1619 1620 -1 1466 1624 1465 -1 1160 1619 1170 -1 1465 1624 1625 -1 1625 1500 1465 -1 1624 1466 1626 -1 1171 1627 1466 -1 1628 1629 1619 -1 1170 1619 1629 -1 1172 1170 1630 -1 1173 1627 1171 -1 1172 1630 1175 -1 1625 1624 1626 -1 1170 1629 1631 -1 1626 1466 1627 -1 1632 1173 1174 -1 1619 1623 1628 -1 1170 1631 1630 -1 1633 1500 1625 -1 1627 1173 1634 -1 1633 1520 1500 -1 1625 1626 1633 -1 1632 1634 1173 -1 1629 1628 1635 -1 1630 1631 1636 -1 1635 1631 1629 -1 1633 1626 1637 -1 1637 1626 1627 -1 1175 1630 1638 -1 1637 1627 1634 -1 1635 1628 1639 -1 1174 1175 1638 -1 1638 1630 1636 -1 1636 1631 1635 -1 1634 1632 1640 -1 1641 1640 1632 -1 1174 1641 1632 -1 1635 1642 1636 -1 1520 1633 1553 -1 1633 1637 1553 -1 1641 1174 1643 -1 1644 1636 1642 -1 1637 1634 1645 -1 1634 1640 1645 -1 1638 1643 1174 -1 1638 1636 1644 -1 1646 1553 1637 -1 1641 1647 1640 -1 1640 1647 1645 -1 1647 1641 1648 -1 1635 1639 1649 -1 1646 1637 1650 -1 1651 1649 1639 -1 1642 1635 1649 -1 1645 1650 1637 -1 1645 1647 1652 -1 1652 1647 1648 -1 1648 1641 1643 -1 1643 1638 1653 -1 1638 1644 1653 -1 1644 1642 1654 -1 1650 1645 1655 -1 1655 1645 1652 -1 1653 1644 1656 -1 1644 1654 1656 -1 1646 1650 1657 -1 1657 1650 1655 -1 1648 1643 1658 -1 1642 1649 1659 -1 1659 1654 1642 -1 1649 1660 1659 -1 1648 1658 1661 -1 1658 1643 1653 -1 1649 1651 1660 -1 1654 1659 1662 -1 1662 1659 1660 -1 1654 1662 1656 -1 1653 1656 1658 -1 1663 1588 1601 -1 1601 1664 1663 -1 1664 1601 1614 -1 1665 1537 1552 -1 1540 1537 1665 -1 1540 1665 1563 -1 1553 1666 1552 -1 1563 1665 1589 -1 1553 1646 1666 -1 1666 1665 1552 -1 1589 1665 1667 -1 1667 1665 1668 -1 1665 1666 1668 -1 1589 1667 1596 -1 1667 1608 1596 -1 1669 1670 1671 -1 1671 1670 1672 -1 1672 1670 1673 -1 1672 1673 1674 -1 1673 691 1674 -1 1674 691 693 -1 1675 1676 1677 -1 1675 1677 1678 -1 1675 1678 1679 -1 1678 1669 1679 -1 1679 1669 1671 -1 691 1673 1680 -1 741 691 1680 -1 1678 1677 1681 -1 1682 1678 1681 -1 1669 1678 1682 -1 1683 1669 1682 -1 1670 1669 1683 -1 1683 1680 1670 -1 1673 1670 1680 -1 741 1680 1684 -1 1684 764 741 -1 1683 1682 1685 -1 1680 1683 1685 -1 1685 1686 1680 -1 1686 1684 1680 -1 1687 1684 1688 -1 764 1684 1687 -1 1687 779 764 -1 1689 1682 1690 -1 1685 1682 1689 -1 1689 1688 1685 -1 1686 1685 1688 -1 1684 1686 1688 -1 1691 1689 1690 -1 1692 1693 1694 -1 1694 1693 794 -1 1690 1695 1691 -1 1687 1688 1694 -1 1694 1688 1692 -1 1694 794 1687 -1 1687 794 779 -1 1691 1688 1689 -1 1688 1691 1692 -1 1696 1695 1697 -1 1698 1696 1697 -1 1695 1699 1697 -1 1697 1699 1700 -1 1700 1701 1697 -1 1702 1701 1700 -1 1693 1698 1703 -1 1695 1696 1691 -1 1691 1696 1692 -1 1698 1692 1696 -1 1692 1698 1693 -1 793 794 1703 -1 1703 794 1693 -1 1703 803 793 -1 1704 1705 1706 -1 1707 1708 1705 -1 1708 1706 1705 -1 1709 803 1703 -1 803 1709 816 -1 1709 1704 816 -1 1704 1706 1710 -1 1710 816 1704 -1 1697 1711 1698 -1 1701 1711 1697 -1 1702 1712 1701 -1 1701 1712 1713 -1 1698 1704 1703 -1 816 1710 822 -1 1703 1704 1709 -1 1701 1713 1711 -1 1711 1713 1714 -1 1705 1704 1698 -1 1698 1711 1705 -1 1708 1707 1715 -1 1710 1706 1716 -1 1702 1700 1717 -1 1702 1718 1712 -1 1719 1713 1712 -1 1720 1711 1714 -1 1711 1720 1721 -1 1711 1721 1705 -1 1719 1712 1722 -1 1719 1714 1713 -1 1705 1721 1723 -1 1706 1708 1716 -1 1708 1715 1724 -1 1710 1716 1725 -1 822 1710 1725 -1 1702 1717 1726 -1 1718 1722 1712 -1 1727 1721 1720 -1 1727 1728 1721 -1 1707 1705 1723 -1 1723 1728 1715 -1 1721 1728 1723 -1 1715 1707 1723 -1 1724 1716 1708 -1 1716 1724 1729 -1 830 822 1725 -1 1726 1718 1702 -1 1714 1727 1720 -1 1724 1715 1730 -1 1731 1724 1730 -1 1722 1718 1732 -1 1719 1722 1733 -1 1714 1719 1734 -1 1729 1725 1716 -1 1735 830 1725 -1 1729 1724 1731 -1 1733 1736 1734 -1 1719 1733 1734 -1 1727 1714 1734 -1 1715 1728 1730 -1 834 830 1735 -1 1737 1726 1717 -1 1732 1733 1722 -1 1734 1738 1727 -1 1728 1727 1738 -1 1735 1739 834 -1 1730 1728 1738 -1 1732 1718 1726 -1 1738 1734 1740 -1 1730 1738 1740 -1 1741 1730 1740 -1 1726 1737 1742 -1 1743 1733 1732 -1 1743 1736 1733 -1 1736 1743 1734 -1 1735 1725 1744 -1 839 834 1739 -1 1732 1726 1742 -1 1730 1741 1731 -1 1725 1729 1744 -1 1740 1734 1743 -1 1735 1744 1739 -1 1745 1742 1737 -1 1743 1732 1742 -1 1746 1741 1740 -1 1739 1744 1747 -1 1745 1748 1742 -1 1743 1742 1749 -1 1740 1743 1749 -1 1740 1750 1746 -1 1747 1744 1751 -1 839 1739 1747 -1 851 839 1747 -1 1749 1742 1748 -1 1740 1749 1750 -1 1741 1746 1752 -1 1731 1741 1752 -1 1731 1752 1729 -1 1746 1750 1753 -1 1744 1729 1752 -1 857 851 1747 -1 1754 1749 1748 -1 1754 1750 1749 -1 1752 1746 1753 -1 1752 1755 1744 -1 1751 1755 1756 -1 1744 1755 1751 -1 1747 1751 1757 -1 1753 1758 1752 -1 1759 1753 1750 -1 1758 1755 1752 -1 1760 1751 1756 -1 1757 1761 857 -1 857 1747 1757 -1 1759 1750 1754 -1 1762 1755 1758 -1 1751 1760 1757 -1 1754 1763 1759 -1 1759 1763 1753 -1 1753 1762 1758 -1 1755 1762 1756 -1 1756 1764 1760 -1 857 1761 863 -1 1764 1756 1762 -1 1760 1765 1757 -1 863 1761 1766 -1 1765 1760 1767 -1 1762 1753 1768 -1 1757 1765 1769 -1 1761 1757 1769 -1 1761 1769 1766 -1 1763 1768 1753 -1 1762 1770 1771 -1 1762 1771 1764 -1 1760 1764 1772 -1 1771 1772 1764 -1 1767 1760 1772 -1 1765 1767 1772 -1 1766 869 863 -1 1770 1762 1768 -1 1773 1772 1771 -1 1774 1772 1773 -1 1765 1772 1774 -1 1774 1769 1765 -1 1775 869 1766 -1 1774 1773 1776 -1 1766 1769 1774 -1 1763 1777 1768 -1 1776 1773 1771 -1 1775 872 869 -1 1770 1778 1771 -1 1775 1766 1779 -1 1770 1768 1778 -1 1776 1771 1778 -1 1776 1780 1774 -1 1774 1781 1766 -1 1779 1766 1781 -1 1768 1777 1782 -1 1781 1774 1780 -1 1778 1768 1782 -1 1776 1778 1783 -1 872 1775 875 -1 1778 1782 1784 -1 1783 1778 1784 -1 1781 1780 1785 -1 1779 875 1775 -1 1780 1776 1783 -1 1786 1779 1781 -1 1786 875 1779 -1 1784 1782 1787 -1 1783 1788 1780 -1 1780 1788 1785 -1 1781 1785 1789 -1 1785 1783 1789 -1 1786 1781 1789 -1 1786 1790 875 -1 1785 1788 1783 -1 1791 1784 1787 -1 1783 1784 1792 -1 1789 1783 1793 -1 1784 1791 1794 -1 1784 1794 1793 -1 1793 1794 1789 -1 1794 1795 1789 -1 1795 1786 1789 -1 1796 1791 1797 -1 1794 1791 1796 -1 1796 1798 1794 -1 1784 1793 1792 -1 1783 1792 1793 -1 1795 1794 1798 -1 1799 1798 1796 -1 1799 1800 1798 -1 1798 1800 1795 -1 1795 1800 1801 -1 1800 1802 1801 -1 1802 1803 1801 -1 1800 1799 1804 -1 1802 1800 1803 -1 1804 1803 1800 -1 1803 1804 1801 -1 1676 1805 1677 -1 1806 1807 1808 -1 512 511 1808 -1 1808 511 1806 -1 1808 1807 1809 -1 1809 1807 1810 -1 1809 1810 1811 -1 1811 1810 1812 -1 1812 1805 1811 -1 1811 1805 1676 -1 511 510 1813 -1 1681 1805 1814 -1 1677 1805 1681 -1 1813 510 524 -1 1806 1815 1807 -1 1806 511 1813 -1 1810 1807 1815 -1 1814 1805 1812 -1 1815 1812 1810 -1 1681 1814 1816 -1 1682 1681 1816 -1 1806 1817 1815 -1 1814 1812 1818 -1 1812 1815 1819 -1 1813 524 1820 -1 1816 1814 1818 -1 1820 524 532 -1 1817 1813 1821 -1 1806 1813 1817 -1 1821 1813 1820 -1 1815 1817 1819 -1 1818 1812 1819 -1 1816 1818 1822 -1 1822 1690 1816 -1 1819 1817 1823 -1 1682 1816 1690 -1 1822 1824 1825 -1 1690 1822 1825 -1 532 547 1820 -1 1821 1823 1817 -1 1819 1826 1818 -1 1824 1818 1826 -1 1822 1818 1824 -1 1821 1820 1827 -1 1828 1827 1820 -1 1823 1826 1819 -1 1829 1825 1824 -1 1820 547 1828 -1 1830 1828 547 -1 1828 1831 1827 -1 1829 1827 1831 -1 1829 1831 1832 -1 547 548 1833 -1 1834 1833 548 -1 548 561 1834 -1 1821 1827 1823 -1 1823 1827 1826 -1 1826 1827 1829 -1 1824 1826 1829 -1 1825 1695 1690 -1 1695 1825 1835 -1 1833 1830 547 -1 1836 1830 1833 -1 1837 1831 1828 -1 1833 1834 1838 -1 1839 1831 1837 -1 1831 1839 1832 -1 1840 1832 1841 -1 1832 1840 1829 -1 1842 1835 1829 -1 1840 1842 1829 -1 1825 1829 1835 -1 1699 1695 1835 -1 1843 1699 1835 -1 1844 1842 1840 -1 1842 1844 1845 -1 1834 561 1846 -1 1835 1842 1843 -1 1847 1848 1837 -1 1839 1849 1832 -1 1839 1837 1848 -1 1850 1843 1851 -1 1841 1832 1849 -1 1699 1843 1850 -1 1838 1834 1852 -1 1836 1833 1853 -1 1838 1853 1833 -1 1848 1847 1854 -1 1855 1848 1854 -1 1848 1855 1839 -1 1849 1839 1856 -1 1857 1841 1849 -1 1842 1845 1843 -1 1699 1850 1858 -1 1844 1840 1859 -1 1845 1844 1860 -1 1843 1861 1851 -1 1851 1861 1862 -1 561 590 1846 -1 1863 1699 1864 -1 1851 1865 1850 -1 1858 1850 1865 -1 1830 1836 1866 -1 1828 1830 1866 -1 1837 1828 1867 -1 1847 1837 1867 -1 1839 1855 1868 -1 1856 1839 1868 -1 1840 1841 1869 -1 1859 1840 1869 -1 1859 1860 1844 -1 1845 1861 1843 -1 1700 1699 1863 -1 1863 1717 1700 -1 1699 1858 1870 -1 1858 1865 1870 -1 1846 590 1871 -1 1852 1834 1846 -1 1866 1872 1847 -1 1866 1836 1872 -1 1828 1866 1867 -1 1866 1847 1867 -1 1855 1854 1873 -1 1838 1874 1853 -1 1838 1852 1874 -1 1854 1847 1875 -1 1853 1876 1836 -1 1873 1854 1875 -1 1841 1857 1869 -1 1860 1861 1845 -1 1851 1862 1865 -1 1717 1863 1877 -1 1870 1864 1699 -1 1859 1869 1860 -1 1860 1869 1878 -1 1879 1865 1862 -1 1870 1865 1880 -1 1871 590 597 -1 1872 1836 1876 -1 1875 1847 1872 -1 1876 1853 1874 -1 1873 1881 1855 -1 1855 1881 1882 -1 1868 1855 1883 -1 1884 1868 1885 -1 1849 1856 1857 -1 1861 1879 1862 -1 1865 1879 1886 -1 1864 1870 1887 -1 1880 1865 1886 -1 1888 1889 1874 -1 1871 1852 1846 -1 1890 1876 1874 -1 1885 1868 1883 -1 1891 1856 1868 -1 1884 1891 1868 -1 1857 1856 1884 -1 1888 1874 1852 -1 1872 1876 1892 -1 1893 1872 1892 -1 1875 1872 1893 -1 1875 1890 1889 -1 1861 1860 1878 -1 1883 1855 1894 -1 1857 1884 1895 -1 1864 1887 1863 -1 1887 1870 1880 -1 1876 1890 1892 -1 1890 1875 1893 -1 1889 1890 1874 -1 1875 1889 1873 -1 1879 1861 1878 -1 1882 1881 1873 -1 1884 1856 1891 -1 1885 1896 1884 -1 1895 1884 1896 -1 1857 1895 1869 -1 1871 597 1897 -1 1852 1871 1898 -1 1893 1892 1890 -1 1889 1888 1899 -1 1873 1889 1899 -1 1899 1900 1873 -1 1894 1855 1882 -1 1882 1873 1900 -1 1878 1869 1901 -1 1877 1863 1887 -1 1717 1877 1737 -1 1898 1871 1897 -1 1852 1898 1888 -1 1899 1888 1902 -1 1869 1895 1896 -1 1896 1901 1869 -1 1901 1903 1878 -1 1879 1878 1903 -1 1902 1888 1898 -1 1886 1879 1903 -1 1885 1883 1904 -1 1905 1880 1886 -1 597 605 1897 -1 1877 1887 1906 -1 1894 1882 1900 -1 1904 1883 1894 -1 1885 1904 1896 -1 1898 1897 1907 -1 1907 1902 1898 -1 1896 1904 1901 -1 1886 1903 1908 -1 1905 1886 1908 -1 1906 1909 1877 -1 1887 1880 1906 -1 1737 1877 1745 -1 605 1910 1897 -1 1907 1897 1910 -1 1900 1911 1894 -1 1880 1905 1906 -1 1900 1899 1902 -1 1903 1901 1912 -1 1908 1903 1912 -1 1910 605 621 -1 1902 1913 1900 -1 1911 1900 1913 -1 1904 1894 1911 -1 1909 1906 1914 -1 1745 1877 1915 -1 1902 1907 1916 -1 1913 1902 1917 -1 1912 1901 1918 -1 1919 1905 1908 -1 1906 1905 1920 -1 1877 1909 1915 -1 1907 1910 1921 -1 1916 1907 1921 -1 1901 1904 1918 -1 1911 1918 1904 -1 1908 1912 1922 -1 1922 1919 1908 -1 1914 1906 1920 -1 1920 1905 1919 -1 1923 1910 621 -1 1923 1921 1910 -1 1917 1902 1916 -1 1745 1915 1924 -1 1918 1922 1912 -1 1914 1925 1909 -1 1913 1926 1911 -1 1918 1911 1926 -1 1915 1927 1924 -1 621 635 1923 -1 1928 1745 1924 -1 1748 1745 1928 -1 1916 1929 1917 -1 1914 1920 1930 -1 1915 1909 1925 -1 1754 1748 1928 -1 1931 1929 1916 -1 1913 1917 1932 -1 1922 1918 1933 -1 1926 1934 1933 -1 1919 1922 1935 -1 1936 1925 1914 -1 1921 1923 635 -1 1932 1917 1929 -1 1932 1926 1913 -1 1933 1918 1926 -1 1933 1935 1922 -1 1920 1919 1937 -1 1937 1930 1920 -1 1936 1914 1938 -1 1927 1915 1925 -1 1935 1937 1919 -1 1914 1930 1938 -1 1924 1927 1928 -1 1931 1916 1939 -1 1939 1916 1940 -1 1921 1940 1916 -1 1925 1936 1927 -1 1928 1927 1941 -1 1940 1921 635 -1 1929 1942 1932 -1 1932 1934 1926 -1 1754 1928 1941 -1 1929 1931 1942 -1 1943 1935 1933 -1 1933 1934 1943 -1 1763 1754 1941 -1 1939 1944 1931 -1 1937 1935 1945 -1 1938 1930 1937 -1 1927 1936 1946 -1 1944 1942 1931 -1 1944 1939 1940 -1 1938 1947 1936 -1 1947 1946 1936 -1 1938 1937 1945 -1 1941 1927 1946 -1 1935 1943 1948 -1 1940 635 641 -1 1932 1942 1949 -1 1949 1934 1932 -1 1947 1938 1945 -1 1763 1941 1777 -1 1946 1947 1950 -1 1935 1948 1945 -1 1951 1942 1944 -1 1944 1940 1952 -1 1949 1943 1934 -1 1952 1951 1944 -1 1940 641 1952 -1 1953 1950 1947 -1 1946 1954 1941 -1 1954 1777 1941 -1 1942 1955 1949 -1 1943 1956 1948 -1 1949 1956 1943 -1 1957 1947 1945 -1 1955 1942 1951 -1 1958 1945 1948 -1 1947 1957 1953 -1 1958 1957 1945 -1 1957 1958 1959 -1 1954 1946 1950 -1 1954 1950 1960 -1 1961 1782 1954 -1 1777 1954 1782 -1 1962 1956 1949 -1 1959 1953 1957 -1 1959 1958 1963 -1 1953 1959 1964 -1 1950 1953 1964 -1 1961 1954 1960 -1 1955 1962 1949 -1 1956 1965 1948 -1 1963 1958 1966 -1 1951 1967 1955 -1 1952 641 658 -1 1965 1958 1948 -1 1950 1964 1960 -1 1961 1787 1782 -1 1967 1962 1955 -1 1965 1956 1962 -1 1965 1966 1958 -1 1964 1959 1968 -1 1963 1968 1959 -1 1961 1960 1969 -1 1951 1952 658 -1 1970 1951 658 -1 1962 1971 1965 -1 1966 1965 1972 -1 1973 1960 1964 -1 1969 1963 1974 -1 1961 1969 1975 -1 1975 1787 1961 -1 1967 1971 1962 -1 1971 1967 1976 -1 671 1977 658 -1 658 1977 1970 -1 1970 1976 1967 -1 1967 1951 1970 -1 1972 1965 1971 -1 1966 1972 1974 -1 1966 1974 1963 -1 1963 1969 1978 -1 1969 1973 1978 -1 1960 1973 1969 -1 1969 1974 1975 -1 1979 676 678 -1 1980 676 1981 -1 1981 676 1982 -1 1982 676 1979 -1 1983 1971 1976 -1 1976 1984 1983 -1 1970 1984 1976 -1 1980 1984 1970 -1 1984 1980 1981 -1 1971 1983 1985 -1 1986 1971 1985 -1 677 1977 671 -1 1977 1980 1970 -1 1972 1971 1986 -1 1986 1974 1972 -1 676 1980 1977 -1 1974 1986 1987 -1 1977 677 676 -1 1968 1978 1964 -1 1973 1964 1978 -1 1963 1978 1968 -1 1974 1987 1988 -1 1974 1988 1975 -1 1988 1791 1975 -1 1975 1791 1787 -1 1984 1989 1983 -1 1985 1983 1989 -1 1989 1990 1985 -1 1986 1985 1990 -1 1991 1986 1990 -1 1987 1986 1991 -1 1991 1797 1987 -1 1988 1987 1797 -1 1791 1988 1797 -1 1992 1796 1797 -1 1993 1989 1994 -1 1991 1995 1797 -1 1996 1984 1981 -1 1997 1996 1981 -1 1998 1997 1979 -1 1984 1994 1989 -1 1982 1979 1997 -1 1991 1990 1993 -1 1991 1999 1995 -1 1992 1799 1796 -1 1990 1989 1993 -1 1992 1797 1995 -1 1996 1994 1984 -1 1982 1997 1981 -1 1999 1991 1993 -1 1992 1995 2000 -1 1996 1997 2001 -1 1999 1993 2002 -1 2001 1997 2003 -1 1995 1999 2004 -1 1994 1996 2005 -1 1993 1994 2006 -1 1799 1992 2007 -1 1997 1998 2008 -1 1992 2000 2009 -1 2009 2007 1992 -1 2005 2006 1994 -1 2006 2002 1993 -1 2008 1998 2010 -1 2011 1995 2004 -1 1996 2001 2005 -1 2008 2003 1997 -1 2000 1995 2011 -1 2005 2012 2006 -1 1999 2002 2013 -1 2013 2004 1999 -1 2014 2000 2011 -1 2009 2000 2014 -1 1799 2007 1804 -1 2001 2012 2005 -1 2012 2001 2015 -1 2016 2012 2015 -1 2017 2016 2018 -1 2016 2019 2012 -1 2006 2012 2019 -1 2019 2016 2020 -1 2006 2019 2002 -1 2019 2020 2021 -1 2001 2022 2015 -1 2001 2003 2023 -1 2001 2023 2022 -1 2016 2015 2018 -1 2024 2022 2023 -1 2022 2024 2025 -1 2023 2026 2024 -1 2024 2026 2027 -1 2025 2024 2028 -1 2027 2028 2024 -1 2028 2027 2029 -1 2003 2008 2023 -1 2030 2023 2008 -1 2023 2030 2026 -1 2002 2019 2013 -1 2021 2013 2019 -1 2031 2021 2020 -1 2008 2010 2030 -1 2032 2026 2030 -1 2030 2010 2032 -1 2004 2013 2033 -1 2021 2033 2013 -1 2027 2026 2034 -1 2021 2035 2033 -1 2034 2026 2032 -1 2029 2027 2036 -1 2027 2034 2036 -1 2033 2011 2004 -1 2011 2033 2014 -1 2031 2037 2021 -1 2038 2021 2037 -1 2038 2037 2039 -1 2038 2039 2040 -1 2038 2035 2021 -1 2041 2038 2040 -1 2035 2038 2041 -1 2041 2042 2035 -1 2035 2042 2043 -1 2044 2009 2014 -1 2007 2009 2044 -1 2017 2045 2016 -1 2020 2016 2045 -1 2046 2020 2045 -1 2022 2018 2015 -1 2020 2046 2031 -1 2036 2034 2047 -1 2033 2035 2043 -1 2042 2048 2043 -1 2042 2049 2050 -1 2050 2048 2042 -1 2043 2014 2033 -1 2014 2043 2051 -1 2014 2051 2044 -1 2051 2043 2048 -1 2042 2041 2049 -1 2045 2052 2046 -1 2022 2025 2053 -1 2031 2046 2052 -1 2040 2039 2054 -1 2040 2055 2041 -1 2017 2018 2056 -1 2045 2017 2056 -1 2029 2036 2057 -1 2039 2037 2058 -1 2029 2059 2028 -1 2054 2055 2040 -1 2057 2036 2047 -1 2049 2041 2060 -1 2052 2037 2031 -1 2028 2061 2025 -1 2045 2056 2062 -1 2045 2062 2063 -1 2029 2057 2059 -1 2054 2039 2058 -1 2055 2060 2041 -1 2045 2063 2052 -1 2056 2018 2053 -1 2025 2061 2053 -1 2052 2058 2037 -1 2061 2028 2064 -1 2047 2065 2057 -1 2022 2053 2018 -1 2065 2047 2066 -1 2053 2067 2056 -1 2062 2056 2067 -1 2064 2028 2059 -1 2054 2068 2069 -1 2055 2054 2069 -1 2068 2054 2058 -1 2062 2067 2070 -1 2062 2070 2063 -1 2071 2063 2070 -1 2052 2063 2071 -1 2057 2072 2059 -1 2067 2073 2070 -1 2073 2074 2070 -1 2067 2075 2073 -1 2067 2053 2075 -1 2075 2053 2076 -1 2053 2061 2076 -1 2061 2064 2077 -1 2073 2078 2074 -1 2052 2071 2079 -1 2058 2052 2079 -1 2058 2079 2080 -1 2058 2080 2081 -1 2081 2068 2058 -1 2077 2064 2082 -1 2081 2069 2068 -1 2083 2069 2081 -1 2074 2071 2070 -1 2082 2064 2084 -1 2085 2065 2086 -1 2059 2084 2064 -1 2065 2066 2086 -1 2087 2086 2066 -1 2084 2059 2072 -1 2085 2072 2057 -1 2083 2055 2069 -1 2065 2085 2057 -1 2055 2083 2088 -1 2055 2088 2060 -1 2077 2076 2061 -1 2073 2076 2078 -1 2075 2076 2073 -1 2086 2087 2089 -1 2088 2083 2090 -1 2091 2071 2074 -1 2092 2071 2091 -1 2071 2092 2079 -1 2080 2079 2093 -1 2081 2080 2094 -1 2082 2095 2077 -1 2093 2079 2092 -1 2084 2072 2096 -1 2072 2085 2096 -1 2097 2086 2089 -1 2085 2086 2097 -1 2083 2081 2094 -1 2083 2094 2090 -1 2077 2078 2076 -1 2098 2078 2077 -1 2077 2095 2098 -1 2074 2078 2091 -1 2096 2085 2097 -1 2080 2093 2099 -1 2099 2100 2080 -1 2094 2080 2100 -1 2098 2101 2078 -1 2078 2101 2091 -1 2082 2084 2095 -1 2084 2096 2102 -1 2092 2091 2103 -1 2093 2092 2103 -1 2093 2104 2099 -1 2090 2094 2105 -1 2106 2107 2089 -1 2108 2101 2098 -1 2095 2084 2109 -1 2110 2097 2107 -1 2097 2089 2107 -1 2094 2100 2105 -1 2111 2108 2098 -1 2091 2101 2108 -1 2109 2084 2102 -1 2097 2110 2096 -1 2105 2112 2090 -1 2098 2095 2113 -1 2114 2091 2108 -1 2102 2096 2110 -1 2110 2107 2115 -1 2100 2099 2116 -1 2095 2109 2113 -1 2107 2106 2117 -1 2103 2091 2114 -1 2111 2098 2113 -1 2105 2100 2116 -1 2103 2114 2118 -1 2093 2103 2104 -1 2102 2110 2119 -1 2099 2104 2120 -1 2107 2117 2115 -1 2117 2121 2122 -1 2123 2121 2117 -1 2124 2108 2111 -1 2115 2125 2110 -1 2116 2099 2120 -1 2126 2116 2127 -1 2105 2116 2126 -1 2112 2105 2126 -1 2117 2122 2115 -1 2118 2114 2128 -1 2129 2121 2123 -1 2127 2116 2120 -1 2130 2122 2121 -1 2124 2114 2108 -1 2128 2114 2124 -1 2122 2131 2115 -1 2111 2113 2124 -1 2130 2121 2132 -1 2115 2133 2125 -1 2124 2113 2134 -1 2131 2122 2130 -1 2132 2121 2129 -1 2103 2118 2135 -1 2104 2103 2135 -1 2125 2119 2110 -1 2133 2115 2136 -1 2137 2104 2135 -1 2120 2104 2137 -1 2138 2126 2127 -1 2136 2115 2131 -1 2128 2124 2139 -1 2109 2140 2113 -1 2118 2128 2135 -1 2140 2109 2102 -1 2127 2120 2138 -1 2130 2141 2131 -1 2130 2132 2142 -1 2135 2128 2143 -1 2102 2119 2144 -1 2119 2125 2133 -1 2138 2145 2126 -1 2140 2102 2144 -1 2138 2120 2137 -1 2134 2113 2146 -1 2147 2113 2140 -1 2130 2148 2141 -1 2148 2130 2142 -1 2135 2143 2137 -1 2119 2133 2144 -1 2149 2145 2150 -1 2136 2131 2151 -1 2147 2146 2113 -1 2133 2136 2152 -1 2138 2137 2153 -1 2139 2124 2154 -1 2145 2138 2153 -1 2153 2150 2145 -1 2128 2139 2155 -1 2124 2134 2154 -1 2131 2141 2151 -1 2142 2132 2156 -1 2137 2143 2157 -1 2153 2137 2157 -1 2136 2158 2152 -1 2155 2143 2128 -1 2154 2134 2146 -1 2147 2140 2159 -1 2140 2144 2160 -1 2136 2151 2158 -1 2141 2148 2161 -1 2152 2162 2133 -1 2154 2163 2139 -1 2151 2141 2161 -1 2155 2139 2163 -1 2148 2142 2156 -1 2144 2133 2164 -1 2158 2162 2152 -1 2151 2161 2165 -1 2144 2164 2160 -1 2164 2133 2162 -1 2151 2165 2158 -1 2161 2148 2166 -1 2167 2143 2155 -1 2161 2168 2165 -1 2161 2166 2168 -1 2169 2154 2146 -1 2159 2140 2160 -1 2165 2162 2158 -1 2148 2156 2170 -1 2143 2167 2171 -1 2157 2143 2171 -1 2156 2172 2173 -1 2169 2146 2174 -1 2163 2154 2169 -1 2146 2147 2174 -1 2160 2164 2175 -1 2164 2162 2165 -1 2170 2166 2148 -1 2156 2173 2170 -1 2169 2174 2176 -1 2159 2160 2175 -1 2177 2165 2168 -1 2174 2147 2159 -1 2168 2166 2178 -1 2164 2165 2179 -1 2174 2159 2180 -1 2159 2175 2180 -1 2181 2180 2175 -1 2165 2177 2179 -1 2163 2169 2182 -1 2155 2163 2183 -1 2183 2184 2155 -1 2167 2155 2184 -1 2168 2178 2177 -1 2182 2169 2176 -1 2175 2164 2185 -1 2163 2182 2183 -1 2177 2178 2186 -1 2178 2166 2170 -1 2170 2173 2187 -1 2170 2187 2178 -1 2185 2164 2179 -1 2176 2174 2188 -1 2180 2188 2174 -1 2181 2175 2189 -1 2175 2190 2189 -1 2185 2190 2175 -1 2180 2181 2191 -1 2179 2177 2192 -1 2192 2177 2186 -1 2184 2183 2193 -1 2189 2191 2181 -1 2185 2179 2192 -1 2186 2178 2187 -1 2182 2194 2183 -1 2176 2188 2195 -1 2180 2191 2188 -1 2196 2189 2190 -1 2185 2196 2190 -1 2193 2183 2197 -1 2182 2176 2195 -1 2192 2196 2185 -1 2194 2197 2183 -1 2182 2195 2198 -1 2194 2182 2198 -1 2197 2194 2198 -1 2198 2199 2197 -1 678 688 1979 -1 688 2200 2201 -1 1252 2201 2200 -1 2200 335 1252 -1 688 689 2200 -1 335 2200 689 -1 1252 2202 2201 -1 2201 1998 688 -1 1979 688 1998 -1 2202 1998 2201 -1 2202 1252 1257 -1 2202 1257 1268 -1 2203 2202 1268 -1 2203 2010 1998 -1 1998 2202 2203 -1 2034 2032 2204 -1 2010 2203 2032 -1 2034 2204 2047 -1 2203 1268 1284 -1 1283 2204 2032 -1 1283 2032 2203 -1 1284 1283 2203 -1 1283 1285 2204 -1 2047 2204 2205 -1 2204 1285 2205 -1 2047 2205 2066 -1 1313 2205 1285 -1 1313 1332 2205 -1 2066 2205 1332 -1 1332 2206 2066 -1 1333 2206 1332 -1 1343 2087 2206 -1 2206 2087 2066 -1 2206 1333 1343 -1 2207 2087 1343 -1 2087 2207 2089 -1 1357 2207 1343 -1 2089 2207 2106 -1 2207 1357 1387 -1 2106 2207 2208 -1 1387 2208 2207 -1 2117 2106 2208 -1 2208 2123 2117 -1 1387 1415 2208 -1 2208 1415 2123 -1 2129 2123 1452 -1 2123 1415 1452 -1 2209 2129 1452 -1 2132 2129 2209 -1 2156 2132 2209 -1 1496 2209 1452 -1 2156 2209 2210 -1 2172 2156 2210 -1 2210 2209 1496 -1 1496 2211 2210 -1 2211 1496 1548 -1 2210 2211 2172 -1 2173 2172 2211 -1 867 2212 871 -1 870 2212 867 -1 871 2212 2213 -1 2212 870 874 -1 2213 2212 2214 -1 2212 874 2214 -1 2215 874 876 -1 2214 874 2215 -1 2215 2216 2214 -1 876 875 1790 -1 876 1790 2217 -1 876 2217 2215 -1 1786 2218 1790 -1 1790 2219 2217 -1 2219 2220 2217 -1 2220 2215 2217 -1 2216 2215 2220 -1 2220 2221 2216 -1 2221 2222 2216 -1 1786 1795 2218 -1 2218 2223 1790 -1 2223 2219 1790 -1 2223 2224 2219 -1 2220 2219 2224 -1 2225 2220 2224 -1 2221 2220 2225 -1 2225 2226 2221 -1 2222 2221 2226 -1 2218 1795 2227 -1 2228 2226 2225 -1 2218 2229 2223 -1 2224 2223 2229 -1 2224 2229 2225 -1 2229 2230 2225 -1 2228 2225 2230 -1 2226 2228 2231 -1 2222 2226 2231 -1 2229 2218 2227 -1 2227 1795 1801 -1 2227 2232 2229 -1 2230 2229 2233 -1 1801 2234 2227 -1 2230 2235 2228 -1 1804 2234 1801 -1 2233 2229 2232 -1 2231 2228 2236 -1 2227 2234 2237 -1 2233 2235 2230 -1 2228 2235 2236 -1 2236 2238 2231 -1 2237 2232 2227 -1 2232 2239 2233 -1 2235 2233 2239 -1 2239 2240 2235 -1 2236 2235 2240 -1 2241 2234 1804 -1 2242 2243 2244 -1 2237 2245 2246 -1 2241 2245 2237 -1 2247 2237 2246 -1 2237 2247 2239 -1 2232 2237 2239 -1 2248 2239 2247 -1 2239 2248 2240 -1 2249 2248 2250 -1 2248 2249 2240 -1 2241 2242 2244 -1 2245 2241 2244 -1 2237 2234 2241 -1 2248 2247 2250 -1 2251 2246 2245 -1 2247 2246 2251 -1 2250 2247 2251 -1 2244 2243 2252 -1 2244 2252 2251 -1 2245 2244 2251 -1 2250 2251 2253 -1 899 900 2254 -1 899 2254 1041 -1 2254 1046 1041 -1 2254 900 2255 -1 2256 2254 2255 -1 2255 900 871 -1 1065 1046 2254 -1 2256 2213 2254 -1 2256 2255 871 -1 2213 1065 2254 -1 2213 2256 871 -1 2213 2257 1065 -1 2257 2213 2214 -1 1065 2257 1071 -1 2257 2214 2216 -1 2216 2258 2257 -1 1071 2257 1083 -1 1083 2257 2258 -1 2216 2222 2258 -1 2258 2222 2259 -1 2259 1083 2258 -1 2259 1087 1083 -1 2260 2261 2259 -1 1087 2259 1094 -1 2259 2222 2260 -1 2261 1094 2259 -1 2260 2222 2231 -1 2231 2238 2260 -1 1094 2261 2262 -1 2262 1103 1094 -1 2260 2238 2261 -1 2263 2264 2265 -1 2263 2266 2264 -1 2264 2266 1117 -1 2266 1115 1117 -1 2267 2264 2262 -1 2264 1117 2262 -1 1103 2262 1117 -1 2266 2263 2268 -1 2266 2268 1115 -1 1123 1115 2268 -1 2238 2267 2261 -1 2267 2262 2261 -1 2268 1131 1123 -1 2263 2269 2268 -1 2263 2265 2269 -1 1131 2268 2269 -1 1804 2007 2241 -1 2044 2051 2242 -1 2044 2241 2007 -1 2044 2242 2241 -1 2048 2050 2270 -1 2051 2048 2271 -1 2051 2272 2242 -1 2051 2271 2272 -1 2271 2048 2270 -1 2273 2242 2272 -1 2242 2273 2243 -1 2270 2050 2274 -1 2271 2270 2275 -1 2274 2050 2049 -1 2270 2276 2275 -1 2243 2273 2277 -1 2274 2276 2270 -1 2271 2275 2272 -1 2272 2277 2273 -1 2274 2049 2060 -1 2275 2277 2272 -1 2276 2274 2060 -1 2060 2088 2278 -1 2060 2278 2276 -1 2276 2278 2279 -1 2276 2279 2275 -1 2278 2088 2280 -1 2279 2278 2280 -1 2090 2281 2088 -1 2281 2282 2088 -1 2280 2088 2282 -1 2281 2090 2283 -1 2112 2283 2090 -1 2283 2284 2281 -1 2282 2281 2285 -1 2286 2285 2284 -1 2284 2285 2281 -1 2287 2288 2112 -1 2288 2289 2112 -1 2283 2112 2289 -1 2126 2287 2112 -1 2290 2288 2287 -1 2287 2126 2291 -1 2292 2289 2288 -1 2283 2289 2293 -1 2294 2285 2286 -1 2287 2291 2290 -1 2288 2290 2292 -1 2293 2289 2292 -1 2283 2293 2284 -1 2126 2145 2291 -1 2293 2295 2284 -1 2292 2295 2293 -1 2296 2294 2286 -1 2297 2291 2145 -1 2292 2290 2298 -1 2295 2292 2298 -1 2297 2145 2149 -1 2290 2291 2297 -1 2284 2295 2286 -1 2299 2149 2150 -1 2298 2290 2300 -1 2297 2300 2290 -1 2301 2295 2298 -1 2301 2302 2295 -1 2298 2300 2303 -1 2303 2301 2298 -1 2302 2304 2295 -1 2286 2295 2304 -1 2149 2299 2305 -1 2297 2149 2306 -1 2300 2297 2307 -1 2150 2153 2299 -1 2297 2306 2307 -1 2302 2301 2308 -1 2306 2149 2305 -1 2307 2306 2309 -1 2308 2301 2303 -1 2303 2300 2310 -1 2299 2153 2157 -1 2305 2299 2157 -1 2309 2306 2305 -1 2300 2307 2311 -1 2310 2300 2311 -1 2303 2310 2312 -1 2311 2307 2309 -1 2308 2303 2312 -1 2157 2313 2305 -1 2309 2305 2314 -1 2311 2309 2314 -1 2171 2167 2315 -1 2305 2313 2314 -1 2157 2171 2313 -1 2315 2167 2184 -1 2315 2316 2171 -1 2171 2316 2313 -1 2317 2313 2316 -1 2318 2315 2184 -1 2313 2317 2319 -1 2319 2314 2313 -1 2311 2314 2320 -1 2320 2314 2319 -1 2315 2321 2316 -1 2316 2322 2317 -1 2321 2315 2318 -1 2323 2316 2321 -1 2324 2191 2189 -1 2196 2324 2189 -1 2322 2316 2323 -1 2322 2325 2317 -1 2319 2317 2325 -1 2191 2324 2326 -1 2319 2325 2327 -1 2328 2188 2191 -1 2318 2329 2321 -1 2323 2321 2330 -1 2330 2331 2323 -1 2323 2331 2332 -1 2322 2323 2332 -1 2332 2333 2322 -1 2325 2322 2333 -1 2193 2318 2184 -1 2327 2325 2333 -1 2330 2321 2329 -1 2331 2330 2332 -1 2326 2324 2334 -1 2324 2196 2334 -1 2335 2334 2196 -1 2196 2192 2335 -1 2197 2318 2193 -1 2336 2191 2326 -1 2336 2326 2330 -1 2330 2326 2337 -1 2337 2326 2334 -1 2333 2338 2327 -1 2188 2328 2195 -1 2328 2191 2336 -1 2332 2330 2337 -1 2328 2198 2195 -1 2327 2338 2339 -1 2330 2329 2336 -1 2198 2328 2340 -1 2328 2336 2340 -1 2329 2318 2199 -1 2197 2199 2318 -1 2336 2329 2340 -1 2199 2198 2340 -1 2199 2340 2329 -1 2267 2341 2342 -1 2264 2267 2342 -1 2343 2344 2345 -1 2345 2344 2346 -1 2343 2347 2344 -1 2348 2346 2344 -1 2344 2347 2348 -1 2342 2265 2264 -1 2349 2341 2348 -1 2341 2267 2348 -1 2348 2347 2349 -1 2346 2249 2345 -1 2346 2240 2249 -1 2236 2240 2346 -1 2236 2346 2348 -1 2348 2267 2238 -1 2238 2236 2348 -1 2350 2345 2249 -1 2341 2351 2342 -1 2347 2343 2352 -1 2349 2347 2352 -1 2249 2250 2350 -1 1131 2269 2353 -1 2345 2350 2354 -1 2345 2354 2343 -1 2349 2351 2341 -1 2350 2250 2355 -1 2277 2252 2243 -1 2269 2265 2356 -1 2354 2352 2343 -1 2251 2252 2357 -1 2352 2358 2349 -1 2351 2349 2358 -1 2355 2250 2359 -1 2265 2342 2356 -1 2358 2352 2360 -1 2250 2361 2359 -1 2362 2363 2351 -1 2250 2253 2361 -1 2350 2355 2354 -1 2358 2362 2351 -1 2342 2351 2363 -1 1136 1131 2353 -1 2363 2356 2342 -1 2277 2357 2252 -1 2352 2354 2360 -1 2357 2253 2251 -1 2364 2363 2362 -1 2364 2365 2363 -1 2365 2366 2363 -1 2356 2363 2366 -1 2360 2367 2368 -1 2354 2369 2367 -1 2360 2354 2367 -1 2364 2358 2368 -1 2366 2370 2356 -1 2368 2358 2360 -1 2356 2370 2269 -1 2370 2371 2353 -1 2353 2269 2370 -1 2358 2364 2362 -1 2372 2373 2253 -1 2353 2371 1136 -1 2371 2374 1136 -1 2361 2253 2373 -1 2361 2373 2375 -1 2359 2361 2376 -1 2377 2355 2376 -1 2376 2355 2359 -1 2372 2253 2357 -1 2275 2279 2378 -1 2275 2378 2277 -1 2277 2378 2379 -1 2357 2277 2379 -1 2357 2379 2380 -1 2381 2369 2355 -1 1136 2374 1138 -1 2355 2369 2354 -1 2368 2367 2382 -1 2383 2364 2368 -1 2375 2384 2361 -1 2361 2384 2376 -1 2381 2355 2377 -1 2379 2378 2385 -1 2357 2380 2386 -1 2386 2372 2357 -1 2375 2372 2386 -1 2373 2372 2375 -1 2377 2376 2384 -1 2374 2371 2387 -1 2378 2279 2388 -1 2389 2385 2378 -1 2366 2365 2390 -1 2391 2366 2390 -1 2391 2370 2366 -1 2387 2371 2370 -1 1618 1138 2374 -1 2379 2392 2380 -1 2365 2364 2393 -1 2381 2377 2394 -1 2393 2364 2383 -1 2365 2393 2390 -1 2392 2379 2385 -1 2380 2392 2386 -1 2384 2394 2377 -1 2383 2368 2382 -1 2387 2370 2391 -1 1618 2374 2395 -1 2389 2378 2388 -1 2384 2375 2396 -1 2394 2384 2396 -1 2369 2381 2397 -1 2367 2369 2397 -1 2374 2387 2395 -1 2279 2398 2388 -1 2375 2386 2396 -1 2280 2398 2279 -1 2392 2385 2399 -1 2396 2386 2392 -1 2397 2382 2367 -1 2400 2397 2381 -1 2381 2394 2400 -1 2391 2390 2401 -1 2387 2391 2401 -1 2387 2402 2395 -1 2403 2385 2389 -1 2382 2397 2404 -1 2405 2390 2393 -1 2406 2390 2405 -1 2401 2390 2406 -1 2398 2280 2282 -1 2383 2407 2393 -1 2383 2382 2407 -1 2404 2397 2408 -1 2407 2382 2404 -1 2387 2401 2402 -1 2389 2409 2403 -1 2392 2399 2410 -1 2394 2396 2411 -1 2405 2393 2412 -1 2398 2282 2413 -1 2399 2385 2403 -1 2392 2410 2396 -1 2414 2397 2400 -1 2406 2405 2415 -1 2400 2394 2416 -1 2401 2417 2402 -1 1621 1618 2395 -1 2413 2282 2418 -1 2389 2388 2409 -1 2411 2396 2419 -1 2411 2416 2394 -1 2408 2397 2414 -1 2420 2421 2407 -1 2393 2407 2421 -1 2401 2406 2422 -1 2422 2417 2401 -1 2418 2282 2285 -1 2423 2399 2403 -1 2396 2410 2419 -1 2421 2412 2393 -1 2424 2398 2413 -1 2388 2398 2424 -1 2409 2388 2424 -1 2425 2421 2426 -1 2427 2421 2425 -1 2412 2421 2427 -1 2428 2404 2429 -1 2420 2404 2428 -1 2407 2404 2420 -1 2412 2415 2405 -1 2422 2406 2430 -1 2431 2417 2422 -1 2432 2402 2417 -1 2418 2285 2294 -1 2402 1621 2395 -1 2418 2433 2413 -1 2434 2413 2433 -1 2413 2435 2424 -1 2423 2403 2436 -1 2399 2423 2410 -1 2429 2404 2408 -1 2437 2420 2428 -1 2437 2426 2420 -1 2420 2426 2421 -1 2430 2438 2422 -1 2439 2433 2418 -1 2432 1621 2402 -1 2413 2434 2435 -1 2440 2424 2435 -1 2411 2419 2416 -1 2441 2414 2400 -1 2400 2416 2441 -1 2415 2412 2442 -1 2430 2406 2415 -1 2418 2294 2439 -1 2443 2422 2438 -1 2419 2410 2444 -1 2417 2431 2445 -1 2446 2417 2445 -1 2432 2417 2446 -1 2437 2428 2447 -1 2425 2448 2427 -1 2416 2449 2441 -1 2431 2422 2443 -1 2410 2423 2450 -1 2444 2410 2450 -1 2433 2439 2451 -1 2433 2452 2434 -1 2435 2453 2454 -1 2454 2440 2435 -1 2409 2436 2403 -1 2428 2429 2455 -1 2429 2408 2456 -1 2414 2457 2408 -1 2458 2426 2437 -1 2425 2426 2448 -1 2416 2419 2459 -1 2412 2460 2442 -1 2445 2431 2443 -1 2432 2461 1621 -1 2435 2434 2453 -1 2409 2424 2440 -1 2457 2456 2408 -1 2456 2455 2429 -1 2458 2437 2447 -1 2412 2427 2460 -1 2442 2462 2415 -1 2452 2433 2451 -1 2463 2446 2445 -1 2453 2434 2452 -1 2446 1622 2432 -1 2426 2458 2464 -1 2448 2426 2464 -1 2447 2428 2455 -1 2427 2448 2465 -1 2415 2462 2430 -1 2462 2438 2430 -1 2444 2450 2466 -1 2419 2444 2459 -1 2296 2451 2439 -1 2461 2432 1622 -1 2449 2416 2459 -1 2460 2427 2465 -1 2439 2294 2296 -1 2452 2467 2453 -1 2468 2440 2454 -1 2409 2440 2468 -1 2453 2469 2454 -1 2465 2448 2464 -1 2438 2462 2470 -1 2471 2472 2441 -1 2445 2443 2473 -1 2473 2463 2445 -1 1621 2461 1622 -1 2474 2446 2463 -1 2475 2465 2464 -1 2455 2476 2447 -1 2414 2441 2472 -1 2471 2441 2449 -1 2296 2477 2451 -1 2454 2469 2468 -1 2455 2456 2478 -1 2457 2478 2456 -1 2476 2455 2479 -1 2473 2480 2463 -1 2472 2457 2414 -1 2450 2423 2481 -1 2446 2474 1622 -1 2452 2451 2482 -1 2469 2453 2467 -1 2468 2469 2483 -1 2484 2409 2468 -1 2479 2455 2478 -1 2447 2485 2486 -1 1620 1622 2487 -1 2447 2486 2458 -1 2450 2481 2466 -1 2469 2467 2488 -1 2469 2488 2483 -1 2423 2436 2481 -1 2470 2462 2442 -1 2443 2438 2489 -1 2490 2474 2463 -1 1622 2474 2490 -1 2444 2466 2491 -1 2296 2492 2477 -1 2481 2436 2484 -1 2484 2436 2409 -1 2479 2493 2476 -1 2447 2476 2485 -1 2458 2486 2494 -1 2475 2464 2495 -1 2460 2465 2475 -1 2496 2443 2489 -1 2296 2286 2304 -1 2492 2296 2304 -1 2492 2482 2477 -1 2451 2477 2482 -1 2488 2484 2468 -1 2497 2478 2457 -1 2485 2476 2493 -1 2458 2494 2464 -1 1623 1620 2487 -1 2498 2442 2460 -1 2479 2499 2493 -1 2459 2444 2491 -1 2468 2483 2488 -1 2484 2488 2500 -1 2438 2470 2489 -1 2452 2501 2467 -1 2473 2443 2496 -1 2480 2473 2502 -1 2452 2482 2501 -1 2490 2463 2480 -1 2481 2484 2503 -1 2495 2464 2494 -1 2504 2449 2459 -1 2472 2471 2505 -1 2471 2449 2504 -1 2498 2470 2442 -1 2506 2473 2496 -1 2502 2473 2506 -1 2507 2467 2501 -1 2508 2485 2493 -1 2509 2486 2510 -1 2486 2485 2508 -1 2511 2475 2495 -1 2504 2512 2471 -1 2460 2475 2513 -1 2514 2460 2513 -1 2466 2481 2515 -1 2516 2467 2507 -1 2467 2516 2488 -1 2479 2478 2499 -1 2508 2510 2486 -1 2494 2517 2495 -1 2511 2495 2517 -1 2512 2505 2471 -1 2466 2515 2491 -1 2518 2482 2492 -1 2516 2507 2519 -1 2520 2481 2503 -1 2478 2497 2499 -1 2457 2472 2497 -1 2302 2521 2304 -1 2497 2472 2522 -1 2498 2460 2514 -1 2518 2501 2482 -1 2498 2523 2470 -1 2489 2470 2523 -1 2500 2503 2484 -1 1622 2490 2524 -1 2487 1622 2524 -1 2494 2486 2509 -1 1623 2487 2524 -1 2504 2459 2491 -1 2505 2522 2472 -1 2513 2475 2511 -1 2521 2302 2308 -1 2304 2525 2492 -1 2490 2480 2502 -1 2501 2518 2526 -1 2481 2520 2515 -1 2497 2527 2499 -1 2508 2493 2499 -1 2504 2528 2512 -1 2492 2525 2518 -1 2507 2501 2529 -1 2499 2527 2530 -1 2531 2497 2522 -1 2509 2532 2494 -1 2533 2494 2532 -1 2517 2494 2533 -1 2512 2534 2505 -1 2521 2308 2312 -1 2491 2515 2535 -1 2518 2525 2536 -1 2536 2526 2518 -1 2529 2501 2526 -1 2502 2537 2490 -1 2508 2499 2530 -1 2504 2491 2538 -1 2522 2505 2534 -1 2489 2523 2496 -1 2539 2304 2521 -1 2539 2540 2304 -1 2502 2506 2537 -1 2540 2525 2304 -1 2519 2507 2529 -1 2527 2497 2531 -1 2509 2510 2532 -1 2504 2538 2528 -1 2528 2534 2512 -1 2541 2542 2498 -1 2503 2500 2543 -1 2524 2490 2544 -1 1623 2524 2545 -1 2517 2513 2511 -1 2538 2491 2535 -1 2528 2538 2546 -1 2498 2514 2541 -1 2523 2498 2542 -1 2496 2523 2542 -1 2521 2312 2539 -1 2515 2520 2547 -1 2500 2488 2516 -1 1623 2545 1628 -1 2508 2532 2510 -1 2539 2312 2548 -1 2535 2515 2547 -1 1639 2545 2549 -1 2545 1639 1628 -1 2517 2533 2550 -1 2513 2517 2550 -1 2550 2551 2513 -1 2538 2535 2552 -1 2553 2534 2528 -1 2522 2534 2554 -1 2496 2542 2555 -1 2506 2496 2555 -1 2490 2537 2544 -1 2556 2547 2520 -1 2557 2527 2531 -1 2522 2554 2531 -1 2532 2508 2558 -1 2533 2532 2558 -1 2534 2553 2554 -1 2310 2548 2312 -1 2537 2559 2544 -1 2536 2525 2560 -1 2545 2524 2544 -1 2529 2561 2519 -1 2516 2519 2561 -1 2500 2516 2561 -1 2503 2543 2520 -1 2558 2508 2530 -1 2533 2558 2550 -1 2551 2514 2513 -1 2541 2514 2562 -1 2542 2541 2562 -1 2546 2538 2552 -1 2529 2526 2563 -1 2561 2543 2500 -1 2543 2564 2520 -1 2530 2527 2557 -1 2549 2545 2565 -1 2566 2531 2554 -1 2531 2566 2557 -1 2550 2558 2567 -1 2551 2562 2514 -1 2537 2506 2555 -1 2559 2537 2555 -1 2310 2311 2548 -1 2544 2559 2568 -1 2540 2539 2569 -1 2525 2540 2560 -1 2536 2560 2526 -1 2526 2560 2563 -1 2570 2558 2530 -1 2542 2562 2555 -1 2571 2528 2546 -1 2568 2565 2544 -1 2545 2544 2565 -1 2548 2311 2320 -1 2529 2572 2561 -1 2573 2561 2572 -1 2543 2561 2573 -1 2556 2520 2564 -1 2574 2556 2564 -1 2570 2530 2557 -1 2567 2558 2570 -1 2546 2552 2575 -1 2572 2529 2563 -1 2559 2555 2576 -1 2556 2574 2547 -1 2566 2554 2577 -1 2549 2565 2578 -1 2549 1651 1639 -1 2319 2579 2320 -1 2551 2550 2580 -1 2548 2569 2539 -1 2565 2568 2581 -1 2554 2553 2577 -1 2528 2571 2553 -1 2564 2543 2573 -1 2582 2574 2583 -1 2574 2582 2584 -1 2581 2578 2565 -1 2578 1651 2549 -1 2580 2585 2551 -1 2562 2576 2555 -1 2559 2586 2568 -1 2568 2586 2581 -1 2579 2587 2320 -1 2548 2320 2587 -1 2578 2581 2588 -1 2547 2589 2535 -1 2552 2535 2589 -1 2560 2540 2590 -1 2591 2572 2592 -1 2572 2563 2592 -1 2573 2583 2564 -1 2583 2573 2593 -1 2564 2583 2574 -1 2584 2582 2583 -1 2584 2594 2574 -1 2577 2594 2595 -1 2566 2577 2595 -1 2566 2595 2596 -1 2566 2596 2557 -1 2570 2557 2596 -1 2562 2551 2585 -1 2550 2567 2580 -1 2319 2327 2579 -1 2581 2586 2597 -1 2587 2569 2548 -1 2598 2588 2599 -1 2588 2581 2599 -1 2578 2588 2598 -1 2573 2572 2593 -1 2593 2572 2591 -1 2562 2585 2600 -1 2594 2584 2595 -1 2601 2559 2576 -1 2586 2559 2601 -1 2567 2570 2602 -1 2597 2599 2581 -1 2580 2567 2602 -1 2603 2602 2570 -1 2540 2569 2590 -1 2546 2575 2604 -1 1651 2578 2598 -1 2563 2560 2590 -1 2592 2563 2590 -1 2583 2593 2605 -1 2547 2574 2606 -1 2603 2570 2607 -1 2576 2562 2600 -1 2608 2576 2600 -1 2601 2576 2608 -1 2587 2579 2327 -1 2586 2601 2597 -1 2584 2583 2605 -1 2570 2596 2607 -1 2596 2595 2607 -1 2609 2575 2552 -1 2610 2601 2608 -1 2605 2593 2591 -1 2589 2547 2606 -1 2595 2584 2607 -1 2600 2585 2611 -1 2612 2600 2611 -1 2600 2612 2608 -1 2602 2613 2580 -1 2587 2327 2339 -1 2613 2611 2580 -1 2585 2580 2611 -1 2608 2612 2610 -1 2587 2614 2569 -1 2604 2575 2609 -1 2571 2546 2604 -1 2552 2589 2609 -1 2610 2615 2601 -1 2569 2616 2590 -1 2601 2615 2597 -1 2617 2590 2616 -1 2615 2618 2597 -1 2599 2597 2618 -1 2592 2590 2617 -1 2619 2591 2620 -1 2591 2619 2605 -1 2574 2594 2606 -1 2584 2605 2619 -1 2594 2621 2606 -1 2594 2577 2621 -1 2598 2599 2618 -1 2621 2577 2622 -1 2577 2553 2622 -1 2603 2607 2623 -1 2603 2623 2613 -1 2602 2603 2613 -1 2614 2587 2339 -1 2571 2622 2553 -1 2614 2616 2569 -1 2592 2617 2591 -1 2591 2617 2620 -1 2584 2619 2607 -1 2607 2619 2623 -1 2624 2611 2625 -1 2612 2611 2624 -1 2622 2604 2609 -1 2571 2604 2622 -1 2626 2616 2614 -1 2589 2627 2609 -1 2589 2606 2627 -1 2606 2621 2627 -1 2628 2629 2623 -1 2613 2623 2629 -1 2630 2612 2624 -1 2612 2630 2610 -1 2615 2610 2631 -1 2631 2618 2615 -1 2622 2627 2621 -1 2614 2339 2626 -1 2619 2620 2632 -1 2628 2623 2619 -1 2611 2613 2625 -1 2609 2627 2622 -1 2626 2633 2616 -1 2617 2616 2633 -1 2634 2613 2629 -1 2617 2635 2620 -1 2636 2624 2625 -1 2634 2625 2613 -1 2626 2339 2637 -1 2635 2617 2633 -1 2619 2632 2628 -1 2636 2630 2624 -1 2610 2630 2638 -1 2631 2610 2638 -1 2631 2638 2639 -1 2618 2631 2639 -1 2632 2620 2635 -1 2635 2633 2640 -1 2632 2635 2641 -1 2628 2632 2642 -1 2633 2626 2643 -1 2630 2644 2638 -1 2645 2634 2629 -1 2646 2638 2644 -1 2639 2638 2646 -1 2645 2647 2634 -1 2625 2634 2647 -1 2640 2633 2643 -1 2640 2641 2635 -1 2648 2632 2641 -1 2642 2632 2648 -1 2629 2628 2642 -1 2645 2629 2642 -1 2637 2643 2626 -1 2645 2642 2649 -1 2650 2645 2649 -1 2651 2645 2650 -1 2645 2651 2647 -1 2648 2641 2652 -1 2630 2653 2644 -1 2637 2654 2643 -1 2655 2625 2647 -1 2641 2640 2656 -1 2657 2630 2636 -1 2630 2657 2653 -1 2642 2648 2658 -1 2652 2659 2648 -1 2649 2642 2658 -1 2643 2654 2660 -1 2655 2636 2625 -1 2643 2661 2640 -1 2652 2641 2656 -1 2660 2654 2662 -1 2658 2648 2659 -1 2650 2649 2663 -1 2647 2651 2655 -1 2640 2661 2664 -1 2656 2640 2664 -1 2665 2652 2656 -1 2659 2652 2666 -1 2644 2653 2667 -1 2655 2668 2636 -1 2657 2636 2668 -1 2665 2666 2652 -1 2643 2660 2661 -1 2649 2658 2669 -1 2655 2651 2670 -1 2664 2661 2671 -1 2660 2662 2672 -1 2668 2673 2657 -1 2663 2649 2669 -1 2651 2650 2674 -1 2675 2661 2660 -1 2668 2655 2676 -1 2675 2677 2661 -1 2668 2678 2673 -1 2663 2679 2650 -1 2658 2659 2680 -1 2658 2680 2669 -1 2674 2650 2679 -1 2672 2662 2681 -1 2682 2683 2656 -1 2684 2678 2668 -1 2685 2651 2674 -1 2670 2651 2685 -1 2675 2660 2672 -1 2656 2664 2671 -1 2682 2656 2671 -1 2671 2661 2677 -1 2683 2665 2656 -1 2686 2666 2665 -1 2657 2673 2687 -1 2666 2688 2659 -1 2680 2659 2688 -1 2684 2668 2676 -1 2672 2689 2675 -1 2689 2677 2675 -1 2655 2670 2690 -1 2670 2685 2691 -1 2692 2672 2681 -1 2676 2655 2693 -1 2687 2673 2694 -1 2673 2678 2694 -1 2689 2672 2692 -1 2679 2663 2695 -1 2676 2693 2684 -1 2685 2696 2691 -1 2670 2691 2690 -1 2690 2693 2655 -1 2677 2697 2671 -1 2686 2665 2683 -1 2669 2695 2663 -1 2696 2685 2674 -1 2678 2684 2694 -1 2682 2698 2683 -1 2684 2693 2699 -1 2687 2694 2700 -1 2682 2671 2697 -1 2682 2697 2698 -1 2699 2693 2701 -1 2694 2684 2699 -1 2695 2669 2702 -1 2669 2680 2702 -1 2703 2674 2679 -1 2700 2694 2704 -1 2705 2677 2689 -1 2702 2680 2688 -1 2703 2696 2674 -1 2706 2698 2707 -1 2705 2689 2708 -1 2683 2698 2709 -1 2705 2708 2710 -1 2686 2683 2709 -1 2709 2698 2706 -1 2697 2677 2705 -1 2697 2707 2698 -1 2689 2692 2708 -1 2696 2703 2711 -1 2711 2712 2696 -1 2691 2696 2712 -1 2690 2691 2712 -1 2694 2699 2704 -1 2693 2713 2701 -1 2697 2705 2714 -1 2701 2713 2715 -1 2688 2666 2716 -1 2679 2717 2703 -1 2712 2711 2718 -1 2693 2690 2719 -1 2713 2693 2719 -1 2709 2706 2720 -1 2710 2714 2705 -1 2709 2721 2686 -1 2701 2722 2699 -1 2723 2679 2695 -1 2695 2702 2723 -1 2710 2708 2724 -1 2686 2716 2666 -1 2722 2701 2715 -1 2706 2707 2725 -1 2720 2706 2725 -1 2714 2707 2697 -1 2724 2708 2692 -1 2709 2720 2726 -1 2721 2709 2726 -1 2727 2688 2716 -1 2717 2679 2723 -1 2715 2719 2728 -1 2713 2719 2715 -1 2725 2726 2720 -1 2716 2686 2721 -1 2702 2688 2727 -1 2723 2702 2727 -1 2711 2703 2717 -1 2714 2710 2729 -1 2690 2712 2730 -1 2712 2718 2730 -1 2719 2690 2730 -1 2722 2715 2731 -1 2718 2711 2732 -1 2725 2707 2733 -1 2726 2725 2733 -1 2707 2714 2734 -1 2731 2715 2728 -1 2710 2724 2735 -1 2711 2717 2732 -1 2733 2736 2726 -1 2714 2729 2737 -1 2738 2732 2717 -1 2730 2718 2739 -1 2718 2732 2739 -1 2728 2719 2740 -1 2734 2714 2737 -1 2723 2738 2717 -1 2739 2741 2730 -1 2735 2729 2710 -1 2733 2707 2734 -1 2740 2719 2730 -1 2728 2740 2742 -1 2721 2726 2736 -1 2743 2723 2727 -1 2721 2744 2716 -1 2723 2743 2738 -1 2736 2733 2734 -1 2729 2745 2737 -1 2744 2721 2736 -1 2729 2735 2745 -1 2732 2738 2739 -1 2716 2744 2746 -1 2716 2746 2727 -1 2730 2747 2740 -1 2742 2740 2747 -1 2743 2727 2746 -1 2736 2734 2748 -1 2739 2738 2749 -1 2749 2738 2750 -1 2738 2743 2750 -1 2741 2747 2730 -1 2746 2751 2743 -1 2739 2749 2741 -1 2750 2743 2751 -1 2741 2749 2752 -1 2746 2744 2753 -1 2754 2751 2746 -1 2744 2736 2748 -1 2750 2752 2749 -1 2748 2753 2744 -1 2755 2756 2757 -1 2756 2754 2757 -1 2753 2754 2746 -1 2754 2756 2751 -1 2756 2758 2751 -1 2755 2757 2759 -1 2758 2750 2751 -1 2756 2760 2758 -1 2760 2761 2758 -1 2762 2755 2759 -1 2759 2757 2754 -1 2756 2755 2763 -1 2756 2763 2760 -1 2763 2764 2760 -1 2765 2760 2764 -1 2760 2765 2761 -1 2750 2758 2766 -1 2766 2758 2761 -1 2759 2767 2762 -1 2753 2759 2754 -1 2755 2768 2763 -1 2761 2765 2769 -1 2761 2769 2766 -1 2768 2755 2762 -1 2753 2748 2770 -1 2771 2752 2750 -1 2772 2768 2762 -1 2773 2759 2753 -1 2769 2765 2774 -1 2753 2770 2773 -1 2767 2759 2773 -1 2762 2767 2775 -1 2776 2750 2766 -1 2777 2768 2772 -1 2763 2778 2764 -1 2771 2750 2776 -1 2762 2775 2779 -1 2772 2762 2779 -1 2773 2780 2767 -1 2775 2767 2780 -1 2768 2777 2763 -1 2778 2765 2764 -1 2781 2769 2782 -1 2766 2769 2781 -1 2769 2774 2782 -1 2776 2766 2783 -1 2784 2785 2773 -1 2779 2775 2786 -1 2778 2763 2777 -1 2782 2787 2781 -1 2774 2765 2788 -1 2773 2785 2780 -1 2765 2778 2788 -1 2786 2775 2789 -1 2790 2787 2782 -1 2789 2775 2780 -1 2791 2777 2772 -1 2779 2786 2789 -1 2778 2777 2792 -1 2793 2774 2788 -1 2781 2783 2766 -1 2781 2787 2790 -1 2794 2785 2784 -1 2778 2792 2793 -1 2788 2778 2793 -1 2795 2774 2796 -1 2782 2774 2795 -1 2797 2779 2789 -1 2772 2779 2797 -1 2790 2782 2795 -1 2798 2789 2780 -1 2783 2790 2799 -1 2781 2790 2783 -1 2796 2774 2793 -1 2780 2785 2794 -1 2777 2791 2792 -1 2797 2800 2772 -1 2798 2780 2794 -1 2797 2789 2798 -1 2799 2790 2795 -1 2798 2794 2801 -1 2795 2796 2799 -1 2793 2802 2796 -1 2772 2800 2791 -1 2799 2796 2803 -1 2792 2791 2804 -1 2791 2800 2804 -1 2793 2792 2802 -1 2796 2802 2805 -1 2803 2796 2805 -1 2187 2173 2806 -1 2806 2173 2211 -1 2211 1548 2806 -1 2806 1548 1554 -1 2806 2807 2187 -1 2807 2186 2187 -1 2192 2186 2335 -1 2807 2806 2808 -1 2806 1554 2808 -1 2808 1554 1564 -1 2809 2335 2186 -1 2186 2807 2809 -1 1564 1588 2808 -1 2809 2807 2808 -1 2809 2810 2335 -1 2809 2808 2811 -1 2337 2812 2332 -1 2810 2809 2811 -1 2334 2813 2337 -1 2335 2813 2334 -1 2810 2813 2335 -1 1663 2811 2808 -1 2808 1588 1663 -1 2332 2812 2333 -1 2338 2333 2812 -1 1663 2814 2811 -1 2339 2338 2815 -1 2810 2811 2816 -1 2816 2811 2817 -1 2817 2811 2814 -1 2813 2818 2337 -1 2813 2810 2818 -1 2812 2337 2819 -1 2338 2812 2819 -1 2820 2819 2337 -1 2815 2338 2821 -1 2818 2822 2337 -1 2338 2819 2821 -1 2818 2810 2816 -1 2339 2815 2637 -1 2820 2337 2822 -1 2821 2819 2820 -1 2820 2822 2823 -1 2824 2820 2823 -1 2820 2824 2821 -1 2821 2825 2815 -1 2822 2818 2826 -1 2818 2816 2826 -1 2827 2826 2816 -1 2816 2817 2827 -1 2637 2815 2825 -1 2823 2822 2826 -1 2823 2828 2824 -1 2828 2823 2829 -1 2823 2826 2829 -1 2829 2826 2830 -1 2821 2831 2825 -1 2824 2828 2832 -1 2821 2824 2832 -1 2830 2826 2833 -1 2821 2832 2834 -1 2834 2831 2821 -1 2826 2827 2833 -1 2835 2836 2827 -1 2830 2833 2837 -1 2637 2825 2654 -1 2662 2825 2831 -1 2827 2836 2833 -1 2654 2825 2662 -1 2837 2833 2838 -1 2836 2838 2833 -1 2828 2839 2832 -1 2828 2829 2839 -1 2839 2840 2832 -1 2834 2832 2841 -1 2842 2839 2829 -1 2829 2830 2842 -1 2840 2841 2832 -1 2831 2834 2843 -1 2662 2831 2844 -1 2845 2846 2838 -1 2838 2836 2845 -1 2844 2831 2843 -1 2844 2847 2662 -1 2843 2834 2848 -1 2847 2844 2849 -1 2839 2842 2850 -1 2844 2843 2851 -1 2837 2838 2852 -1 2851 2843 2848 -1 2852 2838 2853 -1 2838 2846 2853 -1 2854 2846 2845 -1 2845 2836 2855 -1 2839 2850 2840 -1 2834 2841 2856 -1 2848 2834 2856 -1 2662 2847 2681 -1 2850 2842 2857 -1 2856 2841 2858 -1 2844 2851 2849 -1 2858 2841 2840 -1 2842 2830 2857 -1 2859 2853 2846 -1 2855 2854 2845 -1 2860 2681 2847 -1 2846 2854 2859 -1 2692 2681 2860 -1 2861 2851 2848 -1 2850 2862 2840 -1 2849 2863 2847 -1 2857 2830 2864 -1 2854 2865 2859 -1 2854 2855 2865 -1 2849 2851 2866 -1 2860 2847 2863 -1 2867 2850 2857 -1 2862 2850 2867 -1 2862 2858 2840 -1 2864 2868 2857 -1 2830 2837 2864 -1 2861 2848 2869 -1 2851 2861 2866 -1 2852 2864 2837 -1 2860 2863 2870 -1 2867 2857 2868 -1 2848 2856 2869 -1 2853 2859 2871 -1 2866 2861 2869 -1 2872 2860 2870 -1 2852 2853 2871 -1 2862 2873 2858 -1 2692 2860 2872 -1 2692 2872 2724 -1 2866 2863 2849 -1 2874 2869 2856 -1 2866 2869 2874 -1 2874 2856 2875 -1 2863 2866 2876 -1 2877 2867 2868 -1 2862 2867 2878 -1 2878 2867 2877 -1 2872 2870 2879 -1 2870 2863 2876 -1 2878 2873 2862 -1 2874 2880 2866 -1 2874 2875 2880 -1 2735 2872 2879 -1 2724 2872 2735 -1 2876 2866 2880 -1 2868 2864 2881 -1 2870 2876 2879 -1 2877 2868 2881 -1 2876 2882 2879 -1 2882 2883 2879 -1 2856 2858 2884 -1 2875 2856 2884 -1 2885 2880 2875 -1 2879 2886 2735 -1 2882 2876 2887 -1 2882 2887 2883 -1 2735 2886 2888 -1 2737 2745 2889 -1 2880 2887 2876 -1 2745 2735 2888 -1 2887 2880 2885 -1 2883 2886 2879 -1 2737 2889 2890 -1 2890 2734 2737 -1 2883 2891 2886 -1 2887 2891 2883 -1 2892 2888 2886 -1 2888 2889 2745 -1 2889 2888 2892 -1 2892 2890 2889 -1 2886 2891 2892 -1 2885 2875 2884 -1 2748 2734 2890 -1 2748 2890 2770 -1 2770 2890 2893 -1 2770 2893 2894 -1 2770 2894 2773 -1 2773 2894 2784 -1 2895 2784 2894 -1 2794 2784 2895 -1 2896 2897 1616 -1 1616 1611 2896 -1 1612 2897 1617 -1 1612 1616 2897 -1 1613 1617 2898 -1 2899 1617 2897 -1 2899 2897 2896 -1 1613 2898 1615 -1 2898 1617 2900 -1 2901 1614 1610 -1 2902 1614 2901 -1 2901 1610 2903 -1 1610 1615 2903 -1 2902 2901 2904 -1 2903 1615 2905 -1 2903 2906 2901 -1 1615 2898 2907 -1 2905 1615 2907 -1 2908 2898 2900 -1 2901 2906 2904 -1 2909 2903 2905 -1 2907 2898 2908 -1 2905 2907 2910 -1 2910 2907 2908 -1 2906 2903 2909 -1 1655 1652 2911 -1 2911 1652 1648 -1 1646 1657 2912 -1 2911 2913 1655 -1 2912 1657 2913 -1 1657 1655 2913 -1 1648 2598 2911 -1 2598 1648 1661 -1 1651 2598 2914 -1 2912 2913 2915 -1 2913 2911 2598 -1 2598 2915 2913 -1 2916 2598 2618 -1 2914 2598 1661 -1 2915 2916 2917 -1 2598 2916 2915 -1 1660 1651 2914 -1 1661 1658 2918 -1 1658 1656 2918 -1 2918 1660 2914 -1 2918 1656 1662 -1 1660 2918 1662 -1 2917 2916 2919 -1 2918 2914 1661 -1 2920 2919 2921 -1 2919 2916 2921 -1 2916 2618 2921 -1 2618 2639 2921 -1 2639 2922 2921 -1 2639 2646 2923 -1 2920 2921 2922 -1 2923 2922 2639 -1 2924 2920 2922 -1 2646 2925 2923 -1 2646 2644 2926 -1 2922 2923 2927 -1 2925 2646 2926 -1 2926 2644 2667 -1 2925 2927 2923 -1 2928 2929 2653 -1 2653 2929 2667 -1 2928 2653 2657 -1 2930 2926 2667 -1 2667 2929 2931 -1 2928 2657 2687 -1 2925 2926 2932 -1 2928 2931 2929 -1 2687 2933 2928 -1 2667 2931 2934 -1 2930 2667 2934 -1 2935 2928 2933 -1 2931 2928 2935 -1 2926 2930 2932 -1 2931 2935 2936 -1 2934 2931 2936 -1 2933 2687 2700 -1 2934 2936 2937 -1 2937 2930 2934 -1 2935 2938 2936 -1 2937 2936 2938 -1 2933 2700 2939 -1 2939 2700 2704 -1 2938 2935 2933 -1 2937 2940 2930 -1 2941 2704 2699 -1 2939 2942 2933 -1 2943 2938 2933 -1 2937 2938 2944 -1 2939 2704 2941 -1 2941 2699 2722 -1 2939 2941 2945 -1 2942 2939 2945 -1 2933 2942 2943 -1 2940 2937 2944 -1 2941 2722 2731 -1 2941 2731 2946 -1 2944 2938 2943 -1 2945 2941 2946 -1 2942 2947 2943 -1 2942 2945 2947 -1 2731 2728 2948 -1 2946 2949 2945 -1 2950 2947 2949 -1 2945 2949 2947 -1 2946 2731 2948 -1 2943 2951 2944 -1 2948 2728 2742 -1 2948 2742 2952 -1 2953 2943 2947 -1 2951 2943 2953 -1 2949 2946 2952 -1 2949 2954 2950 -1 2947 2950 2955 -1 2946 2948 2952 -1 2955 2953 2947 -1 2949 2952 2954 -1 2954 2955 2950 -1 2956 2952 2742 -1 2747 2956 2742 -1 2954 2952 2956 -1 2955 2954 2957 -1 2957 2954 2956 -1 2955 2957 2953 -1 2958 2959 2747 -1 2956 2747 2959 -1 2957 2956 2959 -1 2741 2958 2747 -1 2752 2958 2741 -1 2752 2771 2958 -1 2958 2771 2960 -1 2959 2958 2960 -1 2961 2959 2960 -1 2962 2771 2776 -1 2962 2960 2771 -1 2960 2962 2963 -1 2961 2960 2964 -1 2960 2963 2964 -1 2965 2776 2966 -1 2962 2776 2965 -1 2967 2962 2965 -1 2963 2962 2967 -1 2964 2963 2968 -1 2966 2776 2783 -1 2963 2967 2969 -1 2966 2783 2970 -1 2968 2963 2969 -1 2966 2967 2965 -1 2967 2966 2970 -1 2970 2971 2967 -1 2969 2967 2971 -1 2799 2970 2783 -1 2968 2969 2972 -1 2970 2799 2803 -1 2969 2971 2973 -1 2970 2803 2971 -1 2803 2974 2971 -1 2973 2971 2974 -1 2975 2803 2805 -1 2974 2803 2975 -1 2974 2975 2976 -1 2973 2974 2976 -1 2977 2976 2975 -1 2814 1663 1664 -1 2817 2814 2978 -1 2978 2814 1664 -1 2902 1664 1614 -1 2978 1664 2902 -1 2902 2835 2978 -1 2817 2978 2827 -1 2827 2978 2835 -1 2979 2835 2902 -1 2980 2835 2979 -1 2980 2836 2835 -1 2981 2979 2902 -1 2981 2902 2904 -1 2980 2979 2982 -1 2983 2904 2906 -1 2982 2979 2984 -1 2904 2985 2981 -1 2836 2980 2986 -1 2980 2982 2987 -1 2981 2984 2979 -1 2985 2904 2983 -1 2987 2982 2988 -1 2982 2984 2988 -1 2984 2981 2989 -1 2986 2980 2987 -1 2981 2985 2989 -1 2988 2990 2987 -1 2991 2988 2984 -1 2985 2983 2992 -1 2990 2988 2991 -1 2985 2992 2993 -1 2983 2906 2994 -1 2995 2989 2996 -1 2989 2985 2997 -1 2992 2983 2994 -1 2989 2995 2984 -1 2991 2998 2990 -1 2995 2991 2984 -1 2997 2996 2989 -1 2985 2993 2997 -1 2991 2995 2998 -1 2992 2994 2999 -1 2998 3000 2990 -1 2998 2995 3001 -1 2996 3001 2995 -1 2993 2992 2999 -1 2997 2993 3002 -1 2999 2994 3003 -1 3000 2998 3001 -1 2999 3002 2993 -1 3000 3001 3004 -1 3001 2996 3005 -1 2999 3003 3002 -1 3001 3005 3006 -1 3004 3001 3006 -1 2996 2997 3005 -1 3007 3005 2997 -1 3006 3005 3007 -1 2997 3002 3008 -1 3003 3009 3002 -1 3008 3002 3009 -1 3008 3007 2997 -1 3009 3010 3008 -1 3011 3007 3008 -1 3010 3012 3008 -1 3011 3008 3012 -1 3013 3011 3012 -1 1666 1646 2912 -1 1668 1666 2912 -1 1668 2912 3014 -1 3014 2912 2915 -1 1608 1667 1668 -1 3014 1608 1668 -1 2915 2917 3014 -1 3015 1605 1608 -1 3015 1608 3016 -1 1608 3014 3016 -1 3014 2917 3016 -1 3016 2917 2919 -1 3015 1611 1605 -1 3015 3016 3017 -1 3015 3017 3018 -1 3016 2919 3017 -1 2920 3017 2919 -1 3019 2896 1611 -1 1611 3015 3019 -1 3018 3019 3015 -1 2899 2896 3020 -1 2896 3019 3020 -1 3018 3017 3021 -1 3017 2920 2924 -1 3022 3018 3021 -1 3021 3017 2924 -1 3023 3019 3022 -1 3019 3018 3022 -1 3020 3019 3023 -1 2924 2922 3024 -1 3022 3021 3025 -1 3026 1617 2899 -1 2899 3020 3027 -1 1617 3026 2900 -1 3024 2922 2927 -1 3026 2899 3028 -1 2899 3027 3028 -1 3020 3023 3029 -1 3025 3021 3030 -1 3030 3021 2924 -1 3030 2924 3031 -1 3023 3022 3032 -1 3032 3022 3025 -1 3027 3020 3029 -1 3028 3027 3033 -1 3023 3032 3034 -1 2900 3026 3035 -1 3026 3028 3036 -1 3030 3037 3025 -1 3031 2924 3024 -1 3028 3038 3036 -1 3028 3033 3038 -1 3027 3029 3033 -1 3033 3029 3039 -1 3023 3040 3029 -1 3023 3034 3040 -1 3034 3032 3041 -1 2909 2905 3042 -1 3037 3030 3043 -1 3039 3029 3040 -1 3034 3044 3040 -1 3041 3032 3045 -1 3045 3032 3025 -1 3046 3025 3037 -1 3038 3033 3047 -1 3044 3034 3041 -1 3045 3048 3041 -1 3042 2905 2910 -1 3036 3038 3049 -1 3024 2927 3050 -1 2927 2925 3050 -1 2910 2908 3051 -1 3037 3052 3046 -1 3037 3043 3052 -1 3031 3053 3030 -1 3040 3054 3039 -1 3054 3040 3044 -1 3044 3041 3055 -1 3026 3036 3056 -1 3056 3036 3049 -1 3047 3057 3038 -1 3047 3033 3039 -1 3058 3044 3055 -1 3059 3042 2910 -1 3051 3059 2910 -1 3046 3045 3025 -1 3043 3030 3060 -1 2908 2900 3035 -1 3026 3056 3035 -1 3054 3044 3061 -1 3039 3054 3062 -1 3053 3031 3063 -1 3031 3024 3063 -1 3035 3051 2908 -1 3055 3041 3048 -1 3052 3060 3064 -1 3060 3052 3043 -1 3030 3053 3060 -1 3061 3044 3058 -1 3024 3050 3065 -1 3049 3038 3057 -1 3039 3057 3047 -1 3054 3061 3062 -1 3066 3048 3045 -1 3052 3064 3067 -1 3049 3057 3068 -1 3058 3055 3069 -1 3055 3048 3066 -1 2925 3065 3050 -1 3046 3052 3067 -1 3064 3060 3070 -1 3071 3035 3072 -1 3056 3072 3035 -1 3049 3068 3073 -1 3074 3057 3039 -1 3039 3062 3075 -1 3062 3061 3076 -1 3061 3058 3076 -1 3069 3055 3066 -1 3046 3067 3077 -1 3060 3053 3070 -1 2909 3078 2906 -1 3056 3049 3073 -1 3073 3068 3079 -1 3068 3057 3074 -1 3059 3080 3042 -1 3059 3051 3080 -1 3081 3077 3067 -1 3064 3081 3067 -1 3078 2994 2906 -1 3071 3051 3035 -1 3068 3074 3082 -1 3065 2925 2932 -1 3082 3079 3068 -1 3076 3058 3069 -1 3066 3045 3077 -1 3045 3046 3077 -1 3081 3064 3070 -1 3074 3039 3075 -1 3075 3062 3083 -1 3062 3076 3083 -1 3084 3024 3065 -1 3077 3081 3085 -1 3078 2909 3042 -1 3051 3071 3086 -1 3083 3076 3069 -1 3065 3087 3084 -1 3003 2994 3078 -1 3070 3088 3081 -1 3074 3075 3089 -1 3069 3066 3090 -1 3070 3053 3091 -1 2932 2930 3092 -1 3084 3063 3024 -1 3066 3077 3093 -1 3003 3078 3094 -1 2930 2940 3092 -1 3095 3077 3085 -1 3056 3073 3072 -1 3079 3072 3073 -1 3080 3051 3086 -1 3053 3063 3096 -1 3087 3065 2932 -1 3093 3077 3095 -1 3088 3070 3091 -1 3090 3066 3093 -1 3087 2932 3092 -1 3097 3072 3079 -1 3089 3075 3098 -1 3075 3083 3098 -1 3099 3098 3083 -1 3042 3080 3100 -1 3081 3088 3085 -1 3094 3078 3101 -1 3088 3091 3102 -1 3097 3079 3082 -1 3083 3069 3103 -1 3100 3080 3086 -1 3104 3042 3100 -1 3105 3074 3089 -1 3099 3083 3103 -1 3091 3053 3096 -1 3103 3069 3106 -1 3090 3106 3069 -1 3106 3090 3107 -1 3090 3093 3107 -1 3085 3088 3108 -1 3078 3042 3104 -1 3003 3094 3009 -1 3105 3082 3074 -1 3109 3087 3092 -1 3072 3097 3110 -1 3088 3102 3108 -1 2940 2944 3111 -1 3071 3072 3110 -1 3097 3082 3105 -1 3084 3087 3109 -1 3097 3105 3112 -1 3096 3063 3113 -1 3010 3009 3094 -1 3089 3098 3114 -1 3099 3103 3115 -1 3107 3093 3116 -1 3093 3095 3116 -1 3099 3114 3098 -1 3063 3084 3113 -1 3110 3097 3112 -1 3115 3103 3117 -1 3103 3106 3117 -1 3108 3118 3085 -1 3119 3116 3095 -1 3095 3085 3119 -1 3094 3101 3120 -1 3112 3105 3121 -1 3122 3114 3099 -1 3099 3123 3122 -1 3116 3124 3107 -1 3010 3094 3120 -1 3108 3102 3125 -1 3089 3114 3105 -1 2944 2951 3111 -1 3106 3107 3124 -1 3109 3113 3084 -1 3119 3085 3118 -1 3110 3121 3071 -1 3110 3112 3121 -1 3125 3118 3108 -1 3104 3101 3078 -1 3099 3115 3123 -1 3106 3124 3117 -1 3124 3116 3119 -1 3071 3121 3126 -1 3092 2940 3127 -1 3117 3123 3115 -1 3128 3102 3091 -1 3096 3113 3128 -1 3092 3127 3109 -1 3121 3105 3129 -1 3117 3124 3130 -1 3130 3124 3119 -1 3012 3010 3120 -1 3118 3125 3131 -1 3122 3123 3132 -1 3132 3123 3117 -1 3132 3117 3130 -1 3111 3133 2940 -1 3091 3096 3128 -1 3104 3100 3134 -1 3129 3105 3114 -1 3114 3122 3135 -1 3086 3134 3100 -1 3132 3119 3131 -1 3131 3119 3118 -1 3126 3121 3129 -1 3125 3102 3128 -1 3133 3127 2940 -1 3130 3119 3132 -1 3128 3131 3125 -1 3133 2951 2953 -1 3111 2951 3133 -1 3128 3113 3136 -1 3127 3133 3137 -1 3109 3127 3138 -1 3113 3109 3138 -1 3104 3134 3139 -1 3086 3071 3126 -1 3129 3114 3135 -1 3122 3132 3135 -1 3137 3140 3127 -1 3141 3133 2953 -1 3138 3127 3140 -1 3113 3138 3136 -1 3012 3120 3142 -1 3101 3142 3120 -1 3126 3129 3143 -1 3144 3143 3129 -1 3129 3135 3144 -1 3132 3131 3145 -1 3135 3132 3146 -1 3131 3128 3147 -1 3147 3128 3148 -1 3137 3133 3141 -1 3139 3101 3104 -1 3086 3126 3149 -1 3146 3132 3145 -1 3136 3148 3128 -1 3142 3013 3012 -1 3146 3144 3135 -1 3134 3086 3149 -1 3142 3101 3150 -1 3150 3101 3139 -1 2953 2957 3151 -1 2953 3151 3141 -1 3149 3126 3152 -1 3152 3126 3143 -1 3134 3153 3154 -1 3153 3134 3155 -1 3156 3138 3157 -1 3155 3134 3149 -1 3155 3149 3158 -1 3131 3147 3145 -1 3154 3159 3139 -1 3139 3134 3154 -1 3140 3160 3157 -1 3157 3160 3161 -1 3162 3136 3163 -1 3163 3136 3138 -1 3140 3157 3138 -1 3153 3155 3164 -1 3165 3153 3164 -1 3138 3156 3163 -1 3158 3149 3152 -1 3157 3161 3166 -1 3159 3154 3167 -1 3147 3148 3168 -1 3013 3142 3169 -1 3142 3150 3170 -1 3150 3139 3159 -1 3137 3141 3160 -1 3140 3137 3160 -1 3171 3161 3160 -1 3162 3172 3148 -1 3162 3148 3136 -1 3173 3172 3162 -1 3162 3163 3174 -1 3158 3164 3155 -1 3156 3157 3166 -1 3175 3151 2957 -1 3142 3170 3169 -1 3154 3153 3176 -1 3150 3159 3177 -1 3177 3159 3178 -1 3173 3162 3174 -1 3146 3145 3179 -1 3163 3180 3174 -1 3163 3156 3180 -1 3181 3161 3171 -1 3158 3152 3182 -1 3179 3145 3147 -1 2957 2959 3175 -1 3159 3183 3178 -1 3159 3167 3183 -1 3154 3176 3167 -1 3165 3176 3153 -1 3166 3180 3156 -1 3184 3174 3180 -1 3144 3146 3179 -1 3166 3161 3181 -1 3165 3164 3185 -1 3164 3158 3186 -1 3169 3170 3187 -1 3150 3177 3170 -1 3178 3188 3177 -1 3152 3143 3189 -1 3141 3190 3160 -1 3171 3160 3191 -1 3192 3185 3193 -1 3185 3164 3193 -1 3168 3148 3172 -1 3158 3182 3186 -1 3152 3189 3182 -1 3184 3180 3194 -1 3180 3166 3195 -1 3181 3171 3196 -1 3147 3197 3179 -1 3197 3147 3168 -1 3175 2959 2961 -1 3190 3141 3151 -1 3198 3143 3144 -1 3198 3199 3143 -1 3171 3191 3200 -1 3179 3198 3144 -1 3164 3186 3193 -1 3174 3201 3173 -1 3201 3174 3202 -1 3174 3184 3203 -1 3143 3199 3189 -1 3175 2961 3204 -1 3183 3167 3205 -1 3176 3165 3206 -1 3198 3179 3207 -1 3192 3208 3185 -1 3175 3204 3151 -1 3193 3186 3209 -1 3179 3197 3207 -1 3168 3172 3210 -1 3172 3173 3211 -1 3196 3171 3200 -1 3178 3183 3212 -1 3213 3170 3177 -1 3187 3170 3213 -1 3151 3204 3214 -1 3190 3151 3214 -1 3190 3215 3216 -1 3190 3216 3160 -1 3211 3210 3172 -1 3173 3201 3211 -1 3181 3196 3217 -1 3212 3183 3205 -1 3199 3218 3189 -1 3193 3209 3219 -1 3186 3182 3209 -1 3191 3160 3216 -1 3220 3182 3189 -1 3202 3174 3203 -1 3203 3184 3194 -1 3194 3180 3195 -1 3195 3166 3181 -1 3168 3221 3197 -1 3213 3177 3188 -1 3218 3199 3222 -1 2961 3223 3204 -1 3188 3178 3224 -1 3224 3178 3212 -1 3192 3193 3225 -1 3220 3189 3218 -1 3165 3185 3206 -1 3200 3191 3226 -1 3203 3227 3202 -1 3213 3228 3229 -1 3199 3198 3230 -1 3198 3207 3231 -1 3197 3231 3207 -1 3219 3209 3232 -1 3214 3204 3233 -1 3221 3234 3197 -1 3216 3235 3191 -1 3211 3201 3236 -1 3201 3202 3237 -1 3203 3194 3238 -1 3239 3195 3181 -1 3221 3168 3240 -1 3168 3241 3240 -1 3241 3168 3210 -1 3224 3242 3188 -1 2961 2964 3223 -1 3205 3167 3243 -1 3213 3188 3242 -1 3204 3223 3233 -1 3222 3199 3244 -1 3244 3199 3230 -1 3245 3190 3214 -1 3215 3190 3245 -1 3231 3197 3234 -1 3193 3219 3225 -1 3208 3192 3246 -1 3192 3225 3246 -1 3191 3235 3226 -1 3209 3182 3220 -1 3236 3201 3237 -1 3238 3194 3247 -1 3167 3176 3243 -1 3198 3231 3230 -1 3231 3234 3248 -1 3220 3218 3249 -1 3206 3185 3208 -1 3200 3226 3250 -1 3202 3227 3237 -1 3247 3194 3251 -1 3194 3195 3251 -1 3196 3200 3252 -1 3221 3253 3254 -1 3253 3221 3240 -1 3255 3212 3205 -1 3213 3242 3256 -1 3243 3176 3257 -1 3176 3206 3257 -1 3222 3258 3218 -1 3222 3244 3259 -1 3233 3260 3214 -1 3244 3230 3261 -1 2968 3262 2964 -1 3230 3263 3261 -1 3245 3214 3260 -1 3263 3230 3264 -1 3246 3265 3208 -1 3225 3219 3232 -1 3234 3221 3254 -1 3196 3252 3217 -1 3239 3251 3195 -1 3253 3240 3266 -1 3224 3212 3242 -1 3233 3223 3267 -1 3268 3233 3267 -1 3249 3218 3258 -1 3259 3258 3222 -1 3260 3233 3268 -1 3269 3245 3260 -1 3215 3245 3269 -1 3230 3231 3248 -1 3248 3234 3270 -1 3270 3271 3248 -1 3216 3215 3269 -1 3254 3270 3234 -1 3250 3226 3235 -1 3252 3200 3250 -1 3241 3266 3240 -1 3228 3213 3256 -1 3206 3208 3272 -1 3259 3244 3261 -1 3273 3274 3261 -1 3261 3263 3273 -1 3275 3260 3268 -1 3264 3230 3248 -1 3232 3209 3220 -1 3216 3269 3235 -1 3241 3210 3276 -1 3210 3211 3276 -1 3276 3236 3277 -1 3211 3236 3276 -1 3236 3237 3277 -1 3217 3239 3181 -1 3262 2968 3278 -1 3223 2964 3262 -1 3242 3212 3255 -1 3267 3223 3279 -1 3259 3249 3258 -1 3259 3261 3274 -1 3280 3264 3281 -1 3257 3206 3272 -1 3271 3270 3282 -1 3269 3260 3235 -1 3283 3250 3235 -1 3232 3220 3284 -1 3237 3227 3277 -1 3252 3285 3217 -1 3265 3272 3208 -1 3280 3263 3264 -1 3281 3264 3248 -1 3220 3249 3284 -1 3284 3249 3259 -1 3254 3253 3286 -1 3253 3266 3286 -1 3287 3262 3278 -1 3268 3267 3288 -1 3283 3235 3260 -1 3266 3241 3276 -1 3203 3238 3227 -1 3286 3289 3254 -1 3223 3262 3287 -1 3290 3260 3275 -1 3283 3291 3250 -1 3252 3250 3291 -1 3286 3266 3276 -1 3238 3247 3292 -1 3225 3232 3284 -1 3287 3279 3223 -1 3256 3242 3255 -1 3288 3267 3293 -1 3255 3205 3294 -1 3268 3288 3295 -1 3274 3273 3296 -1 3281 3248 3271 -1 3260 3290 3283 -1 3246 3225 3284 -1 3274 3297 3259 -1 3285 3252 3291 -1 3277 3227 3298 -1 3227 3238 3298 -1 3239 3217 3299 -1 3287 3278 3300 -1 3267 3279 3293 -1 3301 3283 3290 -1 3259 3297 3284 -1 2968 2972 3278 -1 3282 3270 3302 -1 3270 3254 3302 -1 3289 3302 3254 -1 3276 3303 3286 -1 3291 3283 3301 -1 3282 3281 3271 -1 3304 3247 3251 -1 3272 3265 3305 -1 3217 3285 3299 -1 3265 3246 3284 -1 3287 3300 3279 -1 3294 3205 3243 -1 3306 3243 3257 -1 3256 3255 3294 -1 3290 3275 3307 -1 3296 3273 3308 -1 3285 3291 3301 -1 3308 3273 3263 -1 3276 3277 3303 -1 3298 3303 3277 -1 3265 3284 3297 -1 3251 3239 3299 -1 3306 3257 3309 -1 3272 3305 3257 -1 3268 3295 3275 -1 3310 3274 3296 -1 3298 3238 3292 -1 3247 3304 3292 -1 3282 3302 3311 -1 3294 3243 3306 -1 3297 3274 3310 -1 3312 3308 3263 -1 3312 3263 3280 -1 3280 3281 3313 -1 3281 3282 3314 -1 3315 3265 3297 -1 3278 2972 3316 -1 3300 3278 3316 -1 3251 3299 3304 -1 3257 3305 3309 -1 3310 3296 3308 -1 3280 3313 3312 -1 3281 3314 3313 -1 3289 3286 3303 -1 3314 3282 3311 -1 3293 3279 3317 -1 2969 2973 3316 -1 2969 3316 2972 -1 3318 3292 3304 -1 3311 3302 3289 -1 3319 3295 3288 -1 3275 3295 3319 -1 3307 3320 3290 -1 3298 3321 3303 -1 3289 3303 3322 -1 3288 3293 3323 -1 3301 3290 3320 -1 3285 3324 3299 -1 3325 3298 3292 -1 3299 3324 3304 -1 3292 3318 3325 -1 3313 3314 3326 -1 3265 3315 3327 -1 3305 3265 3327 -1 3294 3306 3328 -1 3306 3309 3329 -1 3297 3310 3315 -1 3279 3300 3330 -1 3323 3319 3288 -1 3307 3275 3319 -1 3285 3301 3324 -1 3298 3325 3321 -1 3318 3304 3324 -1 3330 3300 3331 -1 3293 3317 3323 -1 3320 3307 3319 -1 3324 3301 3332 -1 3333 3316 2973 -1 3311 3289 3322 -1 3328 3306 3334 -1 3306 3329 3335 -1 3315 3310 3336 -1 3320 3332 3301 -1 3318 3324 3337 -1 3337 3324 3338 -1 3327 3315 3336 -1 3316 3331 3300 -1 3334 3306 3335 -1 3303 3321 3339 -1 3322 3303 3339 -1 3319 3323 3340 -1 3310 3341 3336 -1 3310 3308 3341 -1 3340 3320 3319 -1 3332 3320 3340 -1 3342 3324 3332 -1 3338 3324 3342 -1 3309 3305 3329 -1 2976 3333 2973 -1 3316 3333 3331 -1 3314 3311 3343 -1 3322 3343 3311 -1 3317 3279 3330 -1 3323 3317 3344 -1 3339 3321 3345 -1 3321 3325 3345 -1 3345 3325 3346 -1 3325 3318 3346 -1 3341 3308 3312 -1 3313 3326 3347 -1 3329 3305 3348 -1 3305 3327 3348 -1 3349 3348 3327 -1 3349 3327 3336 -1 3349 3336 3350 -1 3314 3343 3326 -1 3340 3351 3332 -1 3312 3313 3352 -1 3342 3332 3351 -1 3337 3346 3318 -1 3343 3322 3353 -1 3331 3354 3330 -1 3355 3334 3335 -1 3336 3341 3356 -1 3312 3352 3341 -1 3322 3339 3353 -1 3352 3313 3357 -1 3353 3339 3346 -1 3357 3313 3347 -1 3345 3346 3339 -1 3347 3326 3358 -1 3335 3329 3348 -1 3359 3337 3338 -1 3350 3348 3349 -1 3354 3331 3333 -1 3360 3317 3330 -1 3361 3340 3323 -1 3342 3351 3362 -1 3362 3338 3342 -1 3337 3359 3346 -1 2976 3363 3333 -1 3335 3348 3364 -1 3350 3336 3356 -1 3348 3350 3364 -1 3365 3343 3353 -1 3365 3326 3343 -1 3360 3330 3366 -1 3344 3317 3360 -1 3344 3361 3323 -1 3362 3351 3367 -1 3338 3362 3359 -1 3363 3354 3333 -1 3330 3354 3366 -1 3340 3367 3351 -1 3355 3335 3368 -1 3369 3368 3335 -1 3353 3346 3370 -1 3370 3346 3371 -1 3371 3359 3362 -1 3346 3359 3371 -1 3341 3352 3372 -1 3350 3356 3373 -1 3356 3341 3372 -1 3374 3326 3365 -1 3354 3363 3375 -1 3360 3366 3375 -1 3344 3360 3376 -1 3367 3340 3361 -1 3362 3367 3377 -1 3378 3362 3377 -1 3371 3362 3378 -1 3369 3335 3364 -1 3372 3352 3357 -1 3358 3379 3347 -1 3358 3326 3374 -1 3350 3373 3364 -1 3363 3380 3375 -1 3369 3364 3381 -1 3373 3356 3382 -1 3356 3372 3382 -1 3366 3354 3375 -1 3344 3376 3383 -1 3361 3344 3383 -1 3367 3361 3384 -1 3377 3367 3384 -1 3385 3353 3370 -1 3384 3361 3383 -1 3385 3365 3353 -1 3382 3372 3386 -1 3372 3357 3386 -1 3381 3364 3373 -1 3373 3382 3387 -1 3375 3376 3360 -1 3369 3381 3368 -1 3388 3389 3390 -1 3357 3347 3379 -1 3379 3358 3374 -1 3374 3365 3391 -1 3392 3368 3393 -1 3365 3394 3391 -1 3381 3393 3368 -1 3385 3394 3365 -1 3388 3390 3395 -1 3396 3397 3398 -1 3383 3397 3384 -1 3396 3384 3397 -1 3399 3389 3387 -1 3384 3396 3377 -1 3377 3396 3400 -1 3382 3399 3387 -1 3378 3377 3400 -1 3382 3386 3399 -1 3394 3385 3401 -1 3370 3401 3385 -1 3379 3386 3357 -1 3401 3370 3371 -1 3373 3393 3381 -1 3380 3402 3375 -1 3391 3394 3403 -1 3389 3399 3390 -1 3404 3383 3376 -1 3389 3393 3387 -1 3397 3383 3405 -1 3398 3397 3405 -1 3390 3399 3395 -1 3394 3400 3403 -1 3387 3393 3373 -1 3400 3394 3401 -1 3400 3401 3378 -1 3378 3401 3371 -1 3406 3396 3398 -1 3392 3393 3389 -1 3391 3406 3407 -1 3399 3386 3408 -1 3405 3383 3404 -1 3408 3386 3409 -1 3409 3386 3379 -1 3409 3379 3374 -1 3391 3410 3374 -1 3408 3395 3399 -1 3375 3402 3411 -1 3406 3398 3407 -1 3407 3410 3391 -1 3403 3406 3391 -1 3406 3403 3396 -1 3396 3403 3400 -1 3410 3412 3374 -1 3398 3405 3407 -1 3376 3375 3411 -1 3412 3409 3374 -1 3376 3411 3404 -1 3412 3410 3413 -1 3408 3409 3414 -1 3409 3412 3415 -1 3416 3404 3411 -1 3405 3404 3417 -1 3418 3395 3408 -1 3417 3404 3416 -1 3419 3410 3407 -1 3420 3419 3407 -1 3407 3405 3420 -1 3413 3410 3419 -1 3418 3408 3414 -1 3414 3409 3415 -1 3415 3412 3421 -1 3421 3412 3413 -1 3405 3417 3420 -1 3421 3413 3422 -1 3413 3423 3422 -1 3423 3413 3424 -1 3413 3419 3424 -1 3418 3414 3425 -1 3425 3414 3426 -1 3426 3414 3415 -1 3427 3426 3415 -1 3424 3420 3428 -1 3421 3427 3415 -1 3422 3427 3421 -1 3419 3420 3424 -1 3429 3428 3417 -1 3417 3416 3429 -1 3428 3420 3417 -1 3430 3422 3423 -1 3422 3430 3431 -1 3430 3423 3424 -1 3426 3432 3425 -1 3432 3427 3431 -1 3424 3428 3433 -1 3427 3422 3431 -1 3429 3433 3428 -1 3434 3425 3432 -1 3426 3427 3432 -1 3430 3424 3435 -1 3435 3424 3433 -1 3430 3435 3436 -1 3432 3431 3437 -1 3438 3430 3439 -1 3430 3438 3431 -1 3434 3432 3440 -1 3435 3433 3436 -1 3437 3431 3438 -1 3436 3439 3430 -1 3440 3432 3441 -1 3432 3437 3441 -1 3436 3442 3439 -1 3442 3436 3443 -1 3444 3440 3441 -1 3445 3446 3438 -1 3445 3438 3439 -1 3438 3446 3437 -1 3444 3441 3446 -1 3446 3441 3437 -1 3442 3445 3439 -1 3447 3444 3446 -1 3448 2798 2801 -1 2797 2798 3448 -1 2800 2797 3448 -1 3449 2792 2804 -1 2804 2800 3450 -1 2802 2792 3449 -1 3449 2804 3451 -1 3449 3452 2802 -1 2805 2802 3452 -1 2804 3450 3451 -1 2800 3448 3453 -1 3450 2800 3453 -1 3451 3452 3449 -1 3450 3453 3454 -1 3455 3456 3450 -1 3450 3454 3455 -1 3451 3450 3456 -1 3456 3452 3451 -1 3457 3452 3456 -1 2805 3452 3457 -1 3457 3458 2805 -1 2975 2805 3458 -1 2975 3458 2977 -1 2977 3458 3459 -1 2977 3459 2976 -1 3460 3456 3455 -1 3457 3456 3460 -1 3458 3461 3459 -1 3457 3460 3461 -1 3458 3457 3461 -1 3460 3462 3463 -1 3460 3463 3461 -1 3463 3459 3461 -1 2987 3464 2986 -1 3464 2987 2990 -1 2836 2986 2855 -1 2990 3465 3464 -1 2986 3464 3466 -1 3465 3466 3464 -1 3465 2990 3000 -1 2855 2986 3467 -1 3467 2986 3466 -1 2865 2855 3468 -1 2855 3467 3468 -1 2871 2859 3469 -1 3467 3466 3470 -1 3465 3000 3004 -1 3465 3004 3471 -1 3466 3465 3471 -1 3471 3470 3466 -1 2852 2871 3472 -1 2859 2865 3469 -1 3470 3471 3473 -1 3473 3471 3474 -1 3004 3006 3475 -1 2864 2852 3472 -1 3474 3471 3004 -1 3468 3467 3470 -1 3475 3006 3476 -1 3472 3469 3477 -1 3474 3004 3475 -1 3476 3006 3007 -1 2871 3469 3472 -1 2864 3472 2881 -1 3468 3470 3478 -1 3011 3476 3007 -1 3479 2878 2877 -1 3469 2865 3468 -1 3474 3475 3480 -1 2878 3479 2873 -1 3478 3470 3473 -1 3472 3477 3481 -1 3477 3469 3468 -1 3478 3473 3474 -1 3477 3468 3482 -1 3478 3474 3483 -1 3475 3476 3480 -1 2881 3472 3481 -1 3481 3477 3484 -1 3468 3478 3482 -1 3480 3483 3474 -1 3485 3483 3480 -1 3480 3476 3485 -1 3476 3011 3485 -1 3486 2873 3479 -1 2873 3487 2858 -1 2884 2858 3487 -1 2877 2881 3488 -1 3487 2873 3486 -1 3484 3477 3482 -1 3478 3483 3482 -1 3485 3482 3483 -1 3011 3013 3485 -1 3479 2877 3488 -1 3481 3488 2881 -1 3481 3484 3489 -1 2887 2885 3490 -1 2891 2887 3490 -1 2892 2891 3490 -1 2892 3490 2890 -1 3491 3482 3492 -1 3482 3485 3492 -1 3485 3013 3492 -1 3479 3488 3493 -1 3481 3489 3488 -1 3484 3482 3491 -1 3494 3490 2885 -1 3479 3493 3486 -1 3495 2884 3487 -1 2885 2884 3495 -1 3484 3491 3489 -1 3496 3490 3494 -1 3493 3497 3498 -1 3493 3488 3497 -1 3495 3487 3499 -1 2893 2890 3490 -1 3498 3500 3493 -1 3488 3501 3497 -1 3488 3489 3502 -1 3487 3486 3503 -1 3504 3498 3505 -1 3497 3505 3498 -1 3486 3493 3500 -1 3488 3502 3501 -1 3499 3503 3506 -1 3487 3503 3499 -1 3491 3507 3508 -1 3509 3510 3500 -1 3492 3511 3491 -1 3498 3509 3500 -1 3492 3013 3511 -1 3013 3169 3511 -1 3506 3503 3512 -1 3494 2885 3495 -1 3502 3489 3508 -1 3489 3491 3508 -1 2893 3490 3496 -1 3491 3511 3507 -1 3509 3498 3504 -1 3486 3500 3513 -1 3503 3486 3513 -1 3512 3503 3513 -1 3499 3506 3514 -1 3496 3494 3515 -1 3516 3500 3510 -1 3504 3505 3517 -1 3511 3169 3518 -1 3519 3513 3500 -1 3513 3520 3512 -1 3505 3497 3521 -1 3497 3501 3521 -1 3512 3522 3506 -1 3523 3501 3502 -1 3524 3507 3511 -1 3496 3525 2893 -1 3504 3517 3526 -1 3525 2894 2893 -1 3518 3524 3511 -1 3500 3516 3519 -1 3519 3520 3513 -1 3505 3521 3527 -1 3495 3499 3514 -1 3495 3514 3515 -1 3494 3495 3515 -1 3502 3508 3523 -1 3528 3509 3504 -1 3518 3169 3187 -1 3517 3505 3527 -1 3506 3522 3514 -1 3523 3521 3501 -1 3524 3529 3507 -1 3523 3508 3530 -1 3529 3530 3508 -1 3508 3507 3529 -1 3496 3515 3531 -1 3510 3509 3528 -1 3532 3529 3524 -1 3496 3531 3525 -1 3516 3510 3519 -1 3533 3528 3504 -1 3520 3519 3534 -1 3527 3521 3535 -1 3522 3512 3536 -1 3522 3537 3514 -1 3537 3538 3514 -1 3515 3514 3538 -1 3521 3523 3539 -1 3540 3510 3528 -1 3519 3510 3540 -1 3533 3504 3526 -1 3541 3518 3542 -1 3518 3187 3543 -1 3543 3542 3518 -1 3544 3525 3545 -1 2894 3525 3544 -1 3546 3520 3534 -1 3523 3530 3539 -1 3530 3529 3547 -1 3524 3518 3541 -1 3525 3531 3548 -1 3548 3545 3525 -1 2894 3544 2895 -1 3536 3520 3546 -1 3512 3520 3536 -1 3515 3538 3549 -1 3535 3521 3539 -1 3539 3530 3550 -1 3550 3530 3547 -1 3547 3529 3551 -1 3529 3552 3551 -1 3531 3515 3549 -1 3552 3529 3532 -1 3532 3524 3541 -1 3542 3543 3553 -1 3554 3517 3555 -1 3517 3527 3555 -1 3556 3534 3519 -1 3522 3536 3557 -1 3537 3522 3557 -1 3558 3538 3537 -1 3528 3533 3559 -1 3560 3548 3531 -1 3552 3532 3561 -1 3540 3556 3519 -1 3562 3541 3542 -1 3563 3554 3555 -1 3555 3527 3535 -1 3538 3558 3564 -1 3549 3538 3564 -1 3550 3547 3565 -1 3565 3547 3551 -1 3549 3566 3531 -1 3567 3568 3552 -1 3540 3528 3559 -1 3545 3548 3560 -1 3544 3545 3569 -1 3569 3570 3544 -1 3542 3571 3562 -1 3517 3554 3563 -1 2895 3544 3570 -1 3542 3553 3571 -1 3536 3546 3572 -1 3573 3537 3557 -1 3558 3537 3573 -1 3539 3574 3535 -1 3539 3550 3574 -1 3551 3552 3568 -1 3560 3531 3566 -1 3552 3561 3567 -1 3526 3517 3563 -1 2794 2895 3570 -1 3534 3572 3546 -1 3564 3558 3557 -1 3549 3564 3575 -1 3565 3574 3550 -1 3549 3576 3566 -1 3541 3561 3532 -1 3577 3541 3562 -1 3578 3562 3571 -1 3556 3572 3534 -1 3558 3573 3557 -1 3579 3574 3565 -1 3551 3580 3565 -1 3581 3526 3563 -1 3569 3545 3582 -1 2801 3570 3583 -1 2794 3570 2801 -1 3564 3557 3575 -1 3579 3535 3574 -1 3567 3561 3584 -1 3545 3560 3585 -1 3582 3545 3585 -1 3555 3581 3563 -1 3572 3556 3586 -1 3555 3535 3587 -1 3579 3565 3588 -1 3588 3565 3580 -1 3589 3549 3575 -1 3576 3549 3589 -1 3560 3566 3590 -1 3567 3591 3568 -1 3585 3560 3590 -1 3581 3533 3526 -1 3577 3562 3578 -1 3592 3578 3571 -1 3586 3536 3572 -1 3557 3536 3586 -1 3587 3535 3579 -1 3580 3551 3593 -1 3594 3593 3551 -1 3551 3568 3594 -1 3595 3576 3589 -1 3540 3559 3596 -1 3541 3577 3561 -1 3581 3555 3587 -1 3575 3557 3597 -1 3588 3580 3598 -1 3594 3568 3591 -1 3576 3599 3566 -1 3590 3566 3599 -1 3591 3567 3584 -1 3584 3561 3600 -1 3561 3577 3600 -1 3556 3540 3601 -1 3602 3569 3582 -1 3602 3570 3569 -1 3586 3556 3603 -1 3604 3589 3575 -1 3587 3579 3588 -1 3596 3559 3605 -1 3601 3540 3596 -1 3603 3556 3601 -1 3533 3606 3559 -1 3533 3581 3606 -1 3600 3577 3607 -1 3578 3607 3577 -1 3602 3583 3570 -1 3597 3604 3575 -1 3608 3590 3599 -1 3609 3590 3608 -1 3585 3590 3609 -1 3578 3592 3607 -1 3602 3582 3610 -1 3581 3587 3606 -1 3597 3586 3603 -1 3606 3587 3588 -1 3586 3597 3557 -1 3595 3599 3576 -1 3611 2801 3583 -1 3604 3612 3589 -1 3589 3612 3595 -1 3559 3606 3605 -1 3585 3613 3582 -1 3610 3582 3613 -1 3607 3614 3600 -1 3597 3603 3615 -1 3611 3616 2801 -1 3604 3597 3617 -1 3448 2801 3616 -1 3618 3588 3598 -1 3598 3580 3619 -1 3594 3591 3584 -1 3614 3620 3600 -1 3621 3603 3601 -1 3611 3583 3622 -1 3606 3588 3618 -1 3619 3580 3593 -1 3609 3623 3585 -1 3622 3583 3602 -1 3603 3621 3615 -1 3612 3599 3595 -1 3594 3584 3624 -1 3596 3605 3621 -1 3596 3621 3601 -1 3593 3594 3625 -1 3613 3626 3610 -1 3610 3627 3602 -1 3611 3622 3628 -1 3616 3611 3628 -1 3605 3629 3621 -1 3624 3625 3594 -1 3600 3630 3584 -1 3627 3610 3626 -1 3627 3622 3602 -1 3612 3604 3617 -1 3453 3448 3616 -1 3598 3619 3618 -1 3619 3593 3625 -1 3599 3612 3631 -1 3599 3631 3608 -1 3605 3606 3632 -1 3630 3600 3620 -1 3615 3621 3633 -1 3606 3618 3632 -1 3623 3634 3585 -1 3613 3585 3634 -1 3629 3605 3632 -1 3624 3584 3630 -1 3635 3597 3615 -1 3617 3597 3635 -1 3628 3622 3627 -1 3453 3616 3454 -1 3617 3631 3612 -1 3608 3631 3636 -1 3623 3609 3636 -1 3608 3636 3609 -1 3633 3621 3637 -1 3635 3615 3633 -1 3617 3635 3638 -1 3638 3639 3617 -1 3631 3617 3639 -1 3632 3618 3640 -1 3618 3619 3640 -1 3636 3631 3639 -1 3627 3626 3641 -1 3641 3628 3627 -1 3616 3628 3642 -1 3454 3616 3642 -1 3642 3628 3641 -1 3629 3632 3643 -1 3613 3634 3644 -1 3629 3637 3621 -1 3645 3635 3633 -1 3638 3635 3645 -1 3632 3640 3646 -1 3640 3619 3647 -1 3619 3625 3648 -1 3649 3630 3620 -1 3632 3646 3643 -1 3646 3640 3650 -1 3640 3647 3650 -1 3647 3619 3648 -1 3623 3651 3634 -1 3613 3644 3626 -1 3454 3642 3652 -1 3652 3455 3454 -1 3653 3643 3654 -1 3643 3653 3629 -1 3630 3655 3624 -1 3650 3643 3646 -1 3653 3637 3629 -1 3637 3645 3633 -1 3656 3643 3650 -1 3647 3656 3650 -1 3636 3639 3657 -1 3623 3636 3657 -1 3623 3657 3651 -1 3624 3648 3625 -1 3644 3634 3658 -1 3641 3626 3644 -1 3455 3652 3659 -1 3654 3643 3656 -1 3659 3652 3642 -1 3637 3653 3660 -1 3637 3660 3645 -1 3638 3645 3660 -1 3639 3638 3660 -1 3647 3648 3661 -1 3659 3642 3641 -1 3460 3455 3659 -1 3653 3654 3662 -1 3656 3647 3663 -1 3647 3661 3663 -1 3661 3648 3664 -1 3624 3664 3648 -1 3655 3630 3665 -1 3662 3654 3656 -1 3655 3664 3624 -1 3666 3639 3660 -1 3634 3651 3667 -1 3658 3634 3667 -1 3658 3668 3644 -1 3668 3641 3644 -1 3668 3669 3641 -1 3659 3641 3669 -1 3669 3670 3659 -1 3662 3656 3671 -1 3671 3656 3663 -1 3665 3664 3655 -1 3672 3653 3662 -1 3672 3673 3653 -1 3660 3653 3673 -1 3673 3666 3660 -1 3657 3639 3666 -1 3670 3462 3659 -1 3460 3659 3462 -1 3657 3667 3651 -1 3663 3661 3674 -1 3664 3674 3661 -1 3671 3675 3662 -1 3676 3666 3677 -1 3666 3676 3657 -1 3667 3657 3676 -1 3667 3678 3658 -1 3668 3658 3678 -1 3679 3668 3678 -1 3668 3679 3669 -1 3672 3662 3675 -1 3673 3672 3675 -1 3669 3679 3680 -1 3669 3680 3681 -1 3682 3673 3675 -1 3670 3669 3681 -1 3673 3683 3666 -1 3684 3681 3680 -1 3677 3666 3683 -1 3685 3677 3683 -1 3681 3462 3670 -1 3674 3686 3663 -1 3462 3681 3463 -1 3686 3674 3687 -1 3688 3687 3674 -1 3674 3664 3688 -1 3685 3687 3689 -1 3683 3686 3687 -1 3687 3685 3683 -1 3690 3664 3665 -1 3671 3682 3675 -1 3682 3671 3691 -1 3683 3673 3682 -1 3663 3691 3671 -1 3691 3663 3686 -1 3688 3689 3687 -1 3463 3681 3684 -1 3692 3667 3676 -1 3693 3678 3667 -1 3679 3678 3693 -1 3680 3679 3694 -1 3682 3691 3683 -1 3686 3683 3691 -1 3664 3690 3688 -1 3690 3695 3688 -1 3695 3696 3689 -1 3689 3688 3695 -1 3685 3689 3696 -1 3677 3685 3696 -1 3665 3697 3690 -1 3676 3677 3696 -1 3693 3698 3679 -1 3679 3698 3694 -1 3696 3692 3676 -1 3693 3667 3692 -1 3696 3695 3699 -1 3698 3693 3700 -1 3690 3701 3695 -1 3693 3692 3702 -1 3703 3690 3697 -1 3692 3696 3702 -1 3698 3700 3704 -1 3699 3695 3701 -1 3690 3705 3701 -1 3693 3702 3700 -1 3702 3696 3699 -1 3705 3690 3703 -1 3706 3704 3700 -1 3704 3706 3707 -1 3701 3708 3699 -1 3707 3709 3704 -1 3705 3710 3701 -1 3711 3701 3710 -1 3708 3701 3711 -1 3702 3712 3700 -1 3699 3713 3702 -1 3699 3708 3713 -1 3712 3702 3713 -1 3706 3700 3712 -1 3705 3703 3710 -1 3703 3714 3710 -1 3711 3710 3715 -1 3707 3706 3716 -1 3707 3716 3717 -1 3718 3708 3715 -1 3715 3708 3711 -1 3709 3707 3717 -1 3713 3708 3718 -1 3719 3713 3718 -1 3712 3713 3719 -1 3719 3716 3712 -1 3706 3712 3716 -1 3717 3716 3720 -1 3721 3718 3715 -1 3719 3718 3722 -1 3720 3716 3723 -1 3721 3715 3724 -1 3716 3719 3725 -1 3719 3722 3725 -1 3721 3726 3718 -1 3722 3718 3726 -1 3725 3727 3716 -1 3723 3716 3727 -1 3726 3721 3728 -1 3721 3724 3729 -1 3729 3728 3721 -1 3728 3729 3730 -1 3726 3731 3722 -1 3722 3731 3725 -1 3728 3731 3726 -1 3725 3731 3732 -1 3733 3732 3731 -1 3732 3734 3725 -1 3725 3734 3727 -1 3728 3733 3731 -1 3728 3735 3733 -1 3733 3736 3737 -1 3732 3733 3737 -1 3736 3735 3738 -1 3733 3735 3736 -1 3732 3739 3734 -1 3732 3737 3739 -1 3738 3735 3740 -1 3739 3737 3741 -1 3741 3736 3742 -1 3736 3741 3737 -1 3738 3742 3736 -1 3739 3741 3743 -1 3744 3741 3742 -1 3744 3742 3745 -1 3738 3745 3742 -1 3743 3741 3744 -1 3744 3746 3743 -1 3213 3543 3187 -1 3543 3213 3229 -1 3229 3553 3543 -1 3229 3228 3553 -1 3553 3228 3747 -1 3571 3553 3747 -1 3747 3228 3256 -1 3592 3571 3748 -1 3571 3747 3748 -1 3747 3256 3294 -1 3607 3592 3749 -1 3592 3748 3749 -1 3750 3747 3294 -1 3607 3749 3614 -1 3748 3747 3751 -1 3751 3747 3750 -1 3294 3328 3750 -1 3751 3749 3748 -1 3750 3752 3751 -1 3752 3750 3328 -1 3753 3749 3751 -1 3614 3749 3753 -1 3620 3614 3753 -1 3328 3334 3752 -1 3649 3620 3753 -1 3752 3754 3751 -1 3753 3751 3754 -1 3754 3752 3355 -1 3334 3355 3752 -1 2976 3459 3363 -1 3649 3753 3755 -1 3753 3754 3756 -1 3363 3459 3757 -1 3630 3649 3755 -1 3758 3756 3754 -1 3380 3363 3757 -1 3754 3355 3758 -1 3630 3755 3665 -1 3756 3755 3753 -1 3758 3355 3368 -1 3757 3459 3463 -1 3759 3755 3756 -1 3756 3760 3759 -1 3758 3760 3756 -1 3759 3760 3388 -1 3680 3761 3684 -1 3758 3368 3392 -1 3759 3762 3755 -1 3760 3758 3392 -1 3463 3684 3757 -1 3763 3761 3764 -1 3763 3380 3757 -1 3763 3402 3380 -1 3402 3763 3764 -1 3665 3755 3762 -1 3762 3759 3765 -1 3388 3766 3759 -1 3766 3388 3395 -1 3684 3763 3757 -1 3760 3389 3388 -1 3392 3389 3760 -1 3684 3761 3763 -1 3767 3764 3761 -1 3767 3402 3764 -1 3761 3680 3694 -1 3765 3759 3766 -1 3768 3402 3767 -1 3402 3768 3411 -1 3697 3665 3762 -1 3761 3694 3767 -1 3765 3766 3769 -1 3411 3768 3770 -1 3765 3697 3762 -1 3765 3769 3771 -1 3766 3395 3418 -1 3768 3767 3772 -1 3411 3770 3773 -1 3416 3411 3773 -1 3774 3694 3698 -1 3767 3694 3774 -1 3774 3772 3767 -1 3772 3775 3768 -1 3770 3768 3775 -1 3773 3776 3416 -1 3777 3772 3774 -1 3775 3772 3777 -1 3774 3698 3704 -1 3775 3773 3770 -1 3697 3765 3771 -1 3778 3777 3774 -1 3769 3766 3779 -1 3418 3779 3766 -1 3771 3703 3697 -1 3780 3771 3781 -1 3769 3781 3771 -1 3779 3781 3769 -1 3425 3779 3418 -1 3704 3709 3774 -1 3709 3778 3774 -1 3782 3773 3775 -1 3777 3778 3783 -1 3773 3782 3776 -1 3775 3777 3783 -1 3782 3775 3783 -1 3776 3429 3416 -1 3771 3714 3703 -1 3780 3714 3771 -1 3714 3784 3710 -1 3780 3781 3785 -1 3785 3781 3786 -1 3781 3779 3787 -1 3779 3425 3434 -1 3709 3717 3778 -1 3788 3778 3717 -1 3783 3778 3788 -1 3783 3789 3782 -1 3783 3788 3789 -1 3429 3776 3790 -1 3791 3780 3785 -1 3714 3780 3791 -1 3786 3781 3787 -1 3787 3779 3434 -1 3715 3710 3784 -1 3791 3784 3714 -1 3789 3790 3782 -1 3782 3790 3776 -1 3429 3790 3433 -1 3715 3784 3724 -1 3789 3788 3792 -1 3787 3434 3793 -1 3717 3720 3788 -1 3790 3789 3794 -1 3433 3790 3795 -1 3796 3788 3720 -1 3797 3788 3796 -1 3794 3789 3792 -1 3794 3795 3790 -1 3798 3724 3784 -1 3784 3791 3798 -1 3791 3785 3786 -1 3720 3723 3796 -1 3788 3797 3792 -1 3440 3793 3434 -1 3436 3433 3795 -1 3796 3723 3727 -1 3786 3787 3799 -1 3799 3787 3793 -1 3729 3724 3798 -1 3795 3794 3800 -1 3799 3791 3786 -1 3801 3443 3795 -1 3436 3795 3443 -1 3802 3792 3797 -1 3792 3802 3794 -1 3802 3800 3794 -1 3800 3801 3795 -1 3798 3791 3803 -1 3796 3727 3804 -1 3805 3443 3806 -1 3797 3796 3804 -1 3804 3807 3797 -1 3443 3801 3806 -1 3793 3808 3799 -1 3729 3798 3730 -1 3793 3440 3808 -1 3802 3797 3807 -1 3444 3808 3440 -1 3442 3443 3805 -1 3803 3730 3798 -1 3800 3802 3809 -1 3801 3800 3806 -1 3799 3803 3791 -1 3809 3802 3810 -1 3446 3811 3812 -1 3811 3446 3445 -1 3809 3806 3800 -1 3813 3799 3814 -1 3813 3814 3815 -1 3816 3814 3808 -1 3444 3816 3808 -1 3817 3804 3727 -1 3816 3444 3818 -1 3444 3447 3818 -1 3447 3446 3812 -1 3804 3819 3807 -1 3807 3820 3802 -1 3802 3820 3810 -1 3821 3730 3803 -1 3821 3803 3822 -1 3813 3822 3803 -1 3799 3813 3803 -1 3814 3799 3808 -1 3730 3821 3823 -1 3823 3728 3730 -1 3728 3823 3735 -1 3824 3816 3818 -1 3727 3734 3817 -1 3818 3447 3824 -1 3804 3817 3819 -1 3819 3820 3807 -1 3810 3825 3809 -1 3826 3821 3827 -1 3813 3828 3822 -1 3809 3825 3806 -1 3445 3442 3829 -1 3829 3442 3805 -1 3829 3805 3830 -1 3813 3815 3831 -1 3735 3823 3826 -1 3823 3821 3826 -1 3816 3832 3814 -1 3832 3816 3833 -1 3816 3824 3833 -1 3820 3819 3834 -1 3822 3827 3821 -1 3835 3829 3830 -1 3805 3806 3830 -1 3825 3830 3806 -1 3445 3836 3811 -1 3837 3835 3830 -1 3830 3825 3837 -1 3819 3817 3838 -1 3839 3827 3822 -1 3815 3814 3832 -1 3824 3447 3840 -1 3447 3812 3840 -1 3815 3841 3831 -1 3842 3825 3810 -1 3812 3811 3843 -1 3445 3829 3844 -1 3836 3445 3844 -1 3829 3835 3844 -1 3810 3820 3845 -1 3817 3734 3846 -1 3819 3847 3834 -1 3820 3834 3845 -1 3822 3828 3839 -1 3810 3848 3842 -1 3832 3841 3815 -1 3837 3825 3842 -1 3832 3833 3849 -1 3836 3843 3811 -1 3847 3819 3838 -1 3850 3812 3843 -1 3810 3845 3848 -1 3831 3828 3813 -1 3838 3817 3846 -1 3835 3837 3851 -1 3734 3739 3846 -1 3840 3812 3850 -1 3849 3841 3832 -1 3735 3826 3740 -1 3833 3824 3852 -1 3824 3840 3852 -1 3853 3835 3851 -1 3826 3854 3740 -1 3826 3827 3854 -1 3854 3827 3855 -1 3827 3839 3855 -1 3856 3839 3828 -1 3844 3835 3853 -1 3828 3831 3841 -1 3856 3828 3841 -1 3852 3840 3850 -1 3851 3837 3842 -1 3849 3833 3852 -1 3856 3855 3839 -1 3743 3846 3739 -1 3745 3740 3857 -1 3858 3859 3856 -1 3858 3856 3841 -1 3838 3846 3860 -1 3861 3862 3848 -1 3849 3858 3841 -1 3848 3862 3842 -1 3740 3854 3857 -1 3838 3860 3847 -1 3847 3860 3863 -1 3849 3864 3858 -1 3865 3842 3862 -1 3847 3863 3834 -1 3851 3865 3853 -1 3745 3738 3740 -1 3834 3863 3845 -1 3863 3861 3845 -1 3864 3849 3852 -1 3865 3851 3842 -1 3848 3845 3861 -1 3866 3864 3852 -1 3866 3852 3850 -1 3866 3850 3867 -1 3867 3850 3843 -1 3854 3855 3857 -1 3836 3868 3843 -1 3868 3867 3843 -1 3743 3860 3846 -1 3853 3869 3844 -1 3856 3859 3855 -1 3869 3836 3844 -1 3869 3853 3865 -1 3857 3870 3745 -1 3858 3864 3871 -1 3872 3745 3870 -1 3745 3872 3744 -1 3857 3855 3873 -1 3746 3874 3743 -1 3855 3859 3873 -1 3868 3836 3875 -1 3874 3860 3743 -1 3836 3869 3875 -1 3876 3860 3874 -1 3877 3863 3860 -1 3878 3868 3875 -1 3864 3866 3879 -1 3867 3868 3878 -1 3862 3861 3880 -1 3870 3857 3881 -1 3869 3865 3882 -1 3857 3873 3881 -1 3862 3883 3865 -1 3871 3864 3884 -1 3884 3864 3879 -1 3744 3872 3746 -1 3863 3877 3861 -1 3866 3867 3879 -1 3878 3879 3867 -1 3875 3869 3882 -1 3885 3873 3859 -1 3880 3861 3886 -1 3887 3872 3870 -1 3877 3860 3876 -1 3865 3888 3882 -1 3887 3746 3872 -1 3865 3883 3888 -1 3870 3881 3889 -1 3890 3876 3874 -1 3891 3859 3892 -1 3859 3858 3892 -1 3892 3858 3871 -1 3881 3873 3885 -1 3879 3878 3893 -1 3887 3870 3889 -1 3886 3861 3877 -1 3894 3875 3895 -1 3895 3875 3882 -1 3874 3746 3890 -1 3891 3885 3859 -1 3890 3896 3876 -1 3880 3886 3897 -1 3862 3880 3883 -1 3889 3881 3898 -1 3884 3879 3893 -1 3896 3877 3876 -1 3893 3878 3894 -1 3877 3896 3886 -1 3875 3894 3878 -1 3882 3888 3895 -1 3898 3881 3885 -1 3899 3892 3900 -1 3889 3901 3887 -1 3901 3889 3902 -1 3889 3898 3902 -1 3903 3896 3904 -1 3871 3900 3892 -1 3905 3880 3897 -1 3900 3884 3906 -1 3871 3884 3900 -1 3896 3903 3886 -1 3907 3886 3903 -1 3901 3902 3908 -1 3883 3880 3905 -1 3746 3887 3901 -1 3746 3901 3890 -1 3893 3906 3884 -1 3901 3904 3890 -1 3904 3896 3890 -1 3907 3897 3886 -1 3909 3888 3883 -1 3885 3891 3910 -1 3911 3910 3891 -1 3891 3899 3911 -1 3910 3898 3885 -1 3895 3888 3909 -1 3892 3899 3891 -1 3912 3902 3898 -1 3908 3913 3901 -1 3913 3904 3901 -1 3904 3914 3903 -1 3899 3900 3915 -1 3905 3909 3883 -1 3906 3893 3916 -1 3917 3916 3893 -1 3894 3918 3917 -1 3893 3894 3917 -1 3919 3918 3894 -1 3919 3895 3909 -1 3919 3894 3895 -1 3920 3902 3912 -1 3909 3905 3921 -1 3902 3920 3908 -1 3907 3922 3897 -1 3915 3900 3923 -1 3912 3898 3924 -1 3924 3898 3910 -1 3913 3914 3904 -1 3897 3925 3905 -1 3900 3906 3923 -1 3911 3899 3926 -1 3899 3915 3926 -1 3925 3921 3905 -1 3927 3919 3928 -1 3919 3909 3928 -1 3923 3906 3916 -1 3918 3919 3927 -1 3929 3928 3909 -1 3929 3909 3921 -1 3910 3911 3930 -1 3918 3916 3917 -1 3930 3911 3926 -1 3925 3897 3922 -1 3918 3927 3931 -1 3907 3903 3932 -1 3924 3910 3930 -1 3932 3922 3907 -1 3933 3926 3915 -1 3923 3933 3915 -1 3932 3903 3914 -1 3914 3913 3934 -1 3935 3923 3916 -1 3921 3925 3922 -1 3916 3918 3935 -1 3931 3935 3918 -1 3928 3931 3927 -1 3936 3914 3934 -1 3932 3914 3936 -1 3932 3937 3922 -1 3913 3908 3938 -1 3912 3924 3939 -1 3929 3940 3928 -1 3941 3922 3937 -1 3912 3942 3920 -1 3922 3941 3921 -1 3943 3920 3942 -1 3944 3929 3921 -1 3941 3944 3921 -1 3933 3935 3945 -1 3943 3946 3920 -1 3923 3935 3933 -1 3920 3946 3908 -1 3931 3928 3947 -1 3940 3947 3928 -1 3908 3946 3938 -1 3930 3939 3924 -1 3913 3938 3948 -1 3913 3948 3934 -1 3931 3949 3935 -1 3950 3949 3931 -1 3930 3926 3951 -1 3926 3933 3952 -1 3934 3953 3936 -1 3942 3912 3954 -1 3935 3955 3945 -1 3932 3936 3956 -1 3957 3932 3956 -1 3943 3958 3946 -1 3950 3931 3947 -1 3959 3932 3957 -1 3937 3932 3959 -1 3946 3960 3938 -1 3961 3930 3951 -1 3962 3949 3950 -1 3951 3926 3952 -1 3937 3959 3963 -1 3936 3953 3964 -1 3965 3954 3912 -1 3966 3936 3964 -1 3967 3952 3933 -1 3967 3933 3945 -1 3968 3941 3937 -1 3969 3941 3968 -1 3970 3945 3955 -1 3940 3929 3971 -1 3955 3935 3972 -1 3973 3947 3940 -1 3949 3972 3935 -1 3974 3972 3949 -1 3939 3965 3912 -1 3948 3938 3975 -1 3939 3930 3961 -1 3950 3947 3976 -1 3948 3977 3934 -1 3952 3978 3951 -1 3977 3979 3934 -1 3979 3953 3934 -1 3956 3936 3966 -1 3943 3942 3980 -1 3944 3941 3981 -1 3971 3929 3944 -1 3962 3974 3949 -1 3942 3954 3982 -1 3969 3981 3941 -1 3980 3958 3943 -1 3950 3976 3983 -1 3963 3959 3984 -1 3981 3969 3985 -1 3971 3944 3986 -1 3977 3948 3987 -1 3971 3988 3940 -1 3989 3952 3967 -1 3990 3937 3984 -1 3963 3984 3937 -1 3956 3966 3991 -1 3967 3945 3992 -1 3957 3956 3993 -1 3968 3937 3990 -1 3970 3992 3945 -1 3946 3958 3994 -1 3944 3981 3986 -1 3939 3995 3965 -1 3960 3996 3938 -1 3955 3972 3997 -1 3979 3977 3998 -1 3974 3962 3999 -1 3983 3976 4000 -1 3976 3947 4001 -1 3947 3973 4001 -1 3950 3983 3962 -1 3973 3940 4002 -1 3964 3953 3991 -1 3958 3980 3994 -1 3980 3942 3982 -1 3964 3991 3966 -1 3968 3990 4003 -1 3975 3938 4004 -1 3948 3975 4004 -1 3987 3948 4004 -1 3953 3979 3998 -1 3959 3957 3993 -1 3984 3959 3993 -1 3981 3985 4005 -1 3971 3986 3988 -1 3939 3961 4006 -1 4001 3973 4002 -1 3940 3988 4002 -1 3982 3954 3995 -1 3980 3982 4007 -1 3992 3970 4008 -1 3993 3956 3991 -1 3960 3946 3996 -1 4004 3938 3996 -1 3970 3955 4008 -1 3969 3968 4003 -1 3985 3969 4003 -1 3955 3997 4008 -1 3977 3987 3998 -1 3974 3997 3972 -1 3995 3954 3965 -1 3999 3997 3974 -1 3981 4005 3986 -1 4006 3961 3951 -1 4000 3976 4001 -1 3994 3996 3946 -1 4004 3996 4009 -1 3995 3939 4006 -1 3999 3962 3983 -1 3951 3978 4010 -1 3978 3952 4010 -1 3989 3967 3992 -1 4005 3985 4003 -1 3994 3980 4007 -1 3991 3953 3998 -1 3986 4011 3988 -1 4011 3986 4005 -1 4006 3951 4010 -1 3993 3991 4012 -1 4003 3990 3984 -1 3997 3999 4013 -1 4013 3999 4014 -1 4006 4010 3995 -1 4011 4015 3988 -1 3994 4016 3996 -1 4008 3997 4017 -1 4003 4011 4005 -1 3999 3983 4014 -1 4010 4018 3995 -1 3989 3992 4019 -1 4008 4019 3992 -1 3984 4020 4003 -1 3984 3993 4021 -1 4017 3997 4013 -1 4004 4022 3987 -1 4000 4001 4023 -1 3998 3987 4022 -1 4002 4023 4001 -1 3994 4007 4016 -1 4007 3982 4024 -1 4020 4011 4003 -1 3983 4000 4014 -1 4010 3952 3989 -1 4015 4011 4025 -1 4019 4008 4017 -1 4020 3984 4021 -1 3998 4012 3991 -1 4002 3988 4023 -1 3988 4015 4023 -1 3998 4022 4012 -1 4012 4021 3993 -1 4024 3982 3995 -1 4009 3996 4016 -1 4014 4000 4023 -1 4024 3995 4018 -1 4004 4009 4022 -1 4019 4026 3989 -1 4010 3989 4026 -1 4021 4012 4027 -1 4028 4011 4020 -1 4011 4028 4025 -1 4018 4010 4026 -1 4026 4019 4029 -1 4018 4026 4030 -1 4029 4019 4031 -1 4019 4017 4031 -1 4018 4032 4024 -1 4013 4014 4033 -1 4033 4014 4034 -1 4014 4023 4034 -1 4029 4030 4026 -1 4035 4028 4020 -1 4013 4033 4017 -1 4034 4023 4015 -1 4021 4027 4036 -1 4035 4021 4036 -1 4031 4017 4037 -1 4020 4021 4035 -1 4037 4017 4033 -1 4030 4032 4018 -1 4028 4035 4038 -1 4030 4029 4039 -1 4025 4028 4038 -1 4040 4032 4030 -1 4033 4034 4041 -1 4041 4034 4042 -1 4038 4035 4043 -1 4042 4034 4044 -1 4044 4034 4015 -1 4033 4041 4037 -1 4030 4039 4045 -1 4030 4045 4040 -1 4045 4039 4046 -1 4015 4025 4047 -1 4042 4044 4048 -1 4047 4025 4038 -1 4049 4039 4029 -1 4031 4037 4050 -1 4037 4041 4051 -1 4040 4045 4052 -1 4044 4015 4047 -1 4038 4043 4053 -1 4041 4042 4054 -1 4049 4029 4050 -1 4031 4050 4029 -1 4046 4039 4049 -1 4050 4037 4055 -1 4037 4051 4055 -1 4044 4047 4048 -1 4047 4038 4053 -1 4051 4041 4056 -1 4041 4054 4056 -1 4054 4042 4057 -1 4042 4048 4057 -1 4058 4056 4054 -1 4046 4049 4059 -1 4058 4060 4056 -1 4054 4057 4061 -1 4055 4051 4056 -1 4058 4054 4061 -1 4050 4055 4062 -1 4055 4056 4062 -1 4062 4056 4063 -1 4060 4063 4056 -1 4058 4064 4060 -1 4050 4062 4065 -1 4059 4049 4066 -1 4049 4050 4065 -1 4049 4065 4066 -1 4016 4007 4067 -1 4012 4022 4068 -1 4027 4012 4068 -1 4009 4016 4067 -1 4067 4007 4069 -1 4069 4007 4024 -1 4069 4024 4032 -1 4070 4009 4067 -1 4022 4009 4070 -1 4070 4071 4022 -1 4068 4022 4071 -1 4067 4069 4072 -1 4073 4074 4070 -1 4071 4070 4074 -1 4071 4075 4068 -1 4070 4067 4072 -1 4070 4076 4073 -1 4035 4036 4077 -1 4035 4077 4078 -1 4035 4078 4043 -1 4069 4032 4079 -1 4070 4072 4076 -1 4036 4027 4080 -1 4079 4032 4040 -1 4071 4074 4075 -1 4080 4027 4068 -1 4077 4081 4078 -1 4077 4036 4080 -1 4078 4082 4043 -1 4083 4079 4040 -1 4073 4076 4084 -1 4080 4085 4077 -1 4052 4083 4040 -1 4069 4079 4086 -1 4086 4072 4069 -1 4084 4074 4073 -1 4087 4088 4076 -1 4082 4089 4043 -1 4090 4052 4091 -1 4052 4045 4091 -1 4086 4079 4083 -1 4080 4068 4075 -1 4078 4081 4082 -1 4081 4077 4085 -1 4084 4076 4088 -1 4045 4046 4091 -1 4076 4072 4087 -1 4053 4043 4089 -1 4089 4082 4092 -1 4085 4093 4081 -1 4082 4081 4093 -1 4094 4084 4088 -1 4084 4095 4074 -1 4075 4074 4095 -1 4075 4096 4080 -1 4093 4085 4097 -1 4082 4093 4098 -1 4092 4082 4098 -1 4090 4091 4099 -1 4046 4059 4091 -1 4096 4075 4095 -1 4100 4093 4097 -1 4086 4087 4072 -1 4101 4089 4092 -1 4094 4088 4102 -1 4094 4103 4084 -1 4103 4095 4084 -1 4090 4083 4052 -1 4047 4053 4104 -1 4100 4098 4093 -1 4088 4087 4105 -1 4099 4106 4090 -1 4048 4047 4104 -1 4102 4107 4094 -1 4094 4107 4108 -1 4103 4094 4108 -1 4096 4109 4080 -1 4085 4080 4109 -1 4098 4101 4092 -1 4102 4088 4105 -1 4057 4048 4104 -1 4086 4083 4110 -1 4104 4053 4089 -1 4110 4090 4106 -1 4083 4090 4110 -1 4106 4099 4111 -1 4112 4111 4099 -1 4112 4099 4113 -1 4099 4091 4113 -1 4101 4098 4114 -1 4115 4108 4107 -1 4086 4116 4087 -1 4117 4109 4096 -1 4109 4097 4085 -1 4118 4098 4100 -1 4105 4087 4116 -1 4060 4064 4119 -1 4058 4061 4120 -1 4120 4064 4058 -1 4096 4095 4103 -1 4106 4121 4110 -1 4113 4091 4122 -1 4060 4119 4063 -1 4091 4059 4122 -1 4114 4098 4118 -1 4103 4108 4115 -1 4117 4096 4103 -1 4097 4109 4123 -1 4086 4110 4116 -1 4100 4097 4124 -1 4059 4066 4122 -1 4102 4125 4107 -1 4115 4107 4125 -1 4119 4064 4126 -1 4106 4111 4127 -1 4057 4104 4128 -1 4129 4089 4101 -1 4061 4057 4128 -1 4128 4104 4130 -1 4097 4123 4124 -1 4127 4111 4131 -1 4118 4100 4132 -1 4103 4115 4133 -1 4117 4103 4133 -1 4064 4120 4126 -1 4114 4118 4132 -1 4117 4133 4134 -1 4109 4117 4135 -1 4135 4123 4109 -1 4104 4089 4129 -1 4116 4110 4136 -1 4111 4112 4131 -1 4124 4137 4100 -1 4112 4113 4131 -1 4132 4100 4137 -1 4133 4115 4125 -1 4101 4114 4138 -1 4125 4102 4139 -1 4140 4117 4134 -1 4135 4117 4140 -1 4131 4113 4141 -1 4127 4131 4141 -1 4141 4113 4122 -1 4127 4121 4106 -1 4138 4129 4101 -1 4120 4061 4142 -1 4139 4102 4105 -1 4130 4104 4129 -1 4136 4110 4121 -1 4063 4143 4062 -1 4116 4144 4105 -1 4119 4126 4063 -1 4138 4114 4132 -1 4139 4133 4125 -1 4139 4105 4144 -1 4126 4120 4142 -1 4136 4121 4145 -1 4062 4143 4065 -1 4126 4146 4063 -1 4126 4142 4146 -1 4137 4138 4132 -1 4137 4124 4123 -1 4135 4140 4123 -1 4130 4129 4147 -1 4123 4148 4137 -1 4116 4136 4149 -1 4149 4144 4116 -1 4142 4061 4128 -1 4128 4130 4147 -1 4148 4123 4140 -1 4066 4065 4150 -1 4149 4136 4145 -1 4151 4127 4141 -1 4066 4152 4122 -1 4143 4063 4146 -1 4129 4138 4153 -1 4154 4142 4128 -1 4154 4146 4142 -1 4139 4144 4155 -1 4139 4155 4133 -1 4152 4066 4150 -1 4143 4150 4065 -1 4152 4141 4122 -1 4148 4156 4137 -1 4121 4151 4145 -1 4121 4127 4151 -1 4138 4137 4156 -1 4157 4146 4154 -1 4134 4133 4155 -1 4154 4128 4147 -1 4129 4153 4147 -1 4143 4146 4158 -1 4149 4145 4151 -1 4140 4134 4159 -1 4151 4141 4160 -1 4149 4161 4144 -1 4141 4152 4160 -1 4150 4143 4162 -1 4143 4158 4162 -1 4155 4144 4163 -1 4157 4158 4146 -1 4164 4157 4154 -1 4134 4155 4165 -1 4156 4153 4138 -1 4163 4144 4161 -1 4147 4153 4166 -1 4149 4151 4167 -1 4156 4166 4153 -1 4168 4165 4155 -1 4158 4157 4169 -1 4165 4159 4134 -1 4152 4150 4162 -1 4147 4166 4170 -1 4166 4156 4171 -1 4168 4155 4163 -1 4147 4170 4154 -1 4170 4164 4154 -1 4172 4152 4162 -1 4159 4148 4140 -1 4160 4152 4172 -1 4156 4148 4173 -1 4164 4170 4174 -1 4149 4175 4161 -1 4172 4162 4176 -1 4148 4159 4177 -1 4167 4151 4178 -1 4151 4160 4178 -1 4162 4158 4176 -1 4156 4173 4171 -1 4157 4164 4179 -1 4164 4174 4179 -1 4167 4175 4149 -1 4176 4158 4169 -1 4173 4148 4177 -1 4168 4163 4161 -1 4179 4169 4157 -1 4174 4170 4180 -1 4159 4165 4181 -1 4172 4176 4182 -1 4183 4159 4181 -1 4183 4177 4159 -1 4175 4167 4184 -1 4172 4185 4160 -1 4186 4178 4160 -1 4166 4171 4187 -1 4179 4174 4188 -1 4175 4189 4161 -1 4190 4191 4176 -1 4176 4169 4190 -1 4186 4160 4185 -1 4166 4187 4170 -1 4168 4161 4189 -1 4190 4169 4192 -1 4192 4179 4193 -1 4179 4192 4169 -1 4193 4179 4194 -1 4191 4182 4176 -1 4190 4195 4191 -1 4178 4196 4167 -1 4172 4182 4197 -1 4170 4187 4198 -1 4188 4194 4179 -1 4165 4168 4199 -1 4181 4165 4199 -1 4188 4174 4200 -1 4180 4200 4174 -1 4187 4171 4201 -1 4180 4170 4198 -1 4168 4189 4202 -1 4185 4172 4203 -1 4177 4183 4204 -1 4205 4173 4177 -1 4199 4168 4206 -1 4181 4199 4207 -1 4175 4184 4208 -1 4209 4182 4191 -1 4178 4186 4210 -1 4189 4175 4208 -1 4195 4190 4211 -1 4203 4172 4212 -1 4213 4192 4193 -1 4205 4177 4204 -1 4171 4173 4214 -1 4201 4215 4187 -1 4206 4168 4202 -1 4216 4191 4195 -1 4180 4198 4217 -1 4190 4192 4218 -1 4196 4184 4167 -1 4172 4197 4212 -1 4202 4189 4219 -1 4198 4187 4220 -1 4213 4218 4192 -1 4181 4207 4221 -1 4209 4222 4182 -1 4183 4181 4221 -1 4202 4223 4206 -1 4214 4173 4205 -1 4199 4206 4224 -1 4200 4225 4188 -1 4197 4182 4222 -1 4226 4183 4221 -1 4217 4227 4180 -1 4206 4223 4224 -1 4205 4204 4228 -1 4209 4191 4216 -1 4210 4196 4178 -1 4212 4197 4229 -1 4214 4230 4171 -1 4225 4194 4188 -1 4184 4196 4231 -1 4221 4232 4226 -1 4204 4183 4226 -1 4222 4229 4197 -1 4228 4233 4205 -1 4234 4200 4227 -1 4180 4227 4200 -1 4219 4189 4235 -1 4190 4236 4211 -1 4223 4202 4237 -1 4213 4193 4238 -1 4224 4239 4199 -1 4226 4228 4204 -1 4221 4207 4240 -1 4208 4184 4231 -1 4171 4230 4201 -1 4187 4215 4220 -1 4208 4235 4189 -1 4186 4185 4241 -1 4214 4205 4233 -1 4242 4212 4229 -1 4237 4202 4219 -1 4194 4238 4193 -1 4207 4199 4243 -1 4235 4208 4244 -1 4216 4195 4245 -1 4201 4246 4215 -1 4237 4219 4247 -1 4230 4214 4233 -1 4225 4238 4194 -1 4232 4221 4248 -1 4230 4249 4201 -1 4210 4186 4241 -1 4247 4219 4235 -1 4199 4239 4243 -1 4240 4207 4243 -1 4240 4248 4221 -1 4222 4250 4229 -1 4244 4208 4231 -1 4201 4249 4246 -1 4230 4233 4251 -1 4225 4200 4234 -1 4252 4226 4232 -1 4253 4241 4185 -1 4220 4215 4254 -1 4190 4218 4236 -1 4255 4220 4254 -1 4198 4220 4255 -1 4209 4216 4256 -1 4203 4253 4185 -1 4229 4250 4242 -1 4228 4226 4252 -1 4203 4212 4242 -1 4223 4237 4224 -1 4257 4243 4258 -1 4250 4222 4259 -1 4240 4243 4257 -1 4232 4260 4252 -1 4261 4262 4235 -1 4244 4261 4235 -1 4247 4235 4262 -1 4253 4203 4263 -1 4237 4247 4264 -1 4265 4215 4246 -1 4239 4258 4243 -1 4217 4198 4255 -1 4231 4196 4266 -1 4247 4262 4264 -1 4248 4260 4232 -1 4239 4224 4267 -1 4244 4231 4266 -1 4209 4256 4222 -1 4249 4230 4251 -1 4237 4264 4268 -1 4237 4269 4224 -1 4227 4217 4270 -1 4245 4195 4211 -1 4258 4239 4267 -1 4246 4249 4265 -1 4215 4265 4254 -1 4240 4257 4248 -1 4255 4270 4217 -1 4263 4203 4242 -1 4265 4249 4271 -1 4267 4224 4269 -1 4272 4228 4252 -1 4249 4251 4273 -1 4261 4244 4274 -1 4269 4237 4268 -1 4225 4234 4275 -1 4262 4261 4274 -1 4272 4252 4260 -1 4210 4276 4196 -1 4274 4277 4262 -1 4273 4251 4233 -1 4248 4257 4278 -1 4260 4248 4278 -1 4271 4249 4273 -1 4279 4233 4228 -1 4273 4233 4279 -1 4264 4262 4268 -1 4253 4263 4280 -1 4228 4272 4281 -1 4278 4257 4282 -1 4266 4274 4244 -1 4258 4282 4257 -1 4279 4228 4281 -1 4283 4260 4278 -1 4272 4260 4283 -1 4277 4268 4262 -1 4266 4196 4276 -1 4210 4241 4276 -1 4241 4253 4280 -1 4242 4250 4284 -1 4268 4285 4269 -1 4242 4286 4263 -1 4286 4280 4263 -1 4267 4269 4285 -1 4258 4267 4285 -1 4284 4250 4259 -1 4272 4283 4281 -1 4286 4242 4284 -1 4216 4245 4287 -1 4287 4256 4216 -1 4211 4236 4288 -1 4255 4254 4289 -1 4213 4238 4290 -1 4238 4225 4291 -1 4245 4292 4287 -1 4236 4218 4293 -1 4293 4288 4236 -1 4293 4218 4213 -1 4259 4222 4294 -1 4256 4294 4222 -1 4255 4289 4295 -1 4292 4245 4296 -1 4211 4296 4245 -1 4275 4234 4297 -1 4227 4297 4234 -1 4288 4298 4211 -1 4294 4256 4299 -1 4275 4291 4225 -1 4265 4271 4300 -1 4296 4211 4298 -1 4298 4288 4301 -1 4293 4301 4288 -1 4293 4213 4302 -1 4290 4238 4291 -1 4276 4303 4266 -1 4276 4241 4304 -1 4280 4304 4241 -1 4290 4302 4213 -1 4300 4271 4273 -1 4277 4274 4305 -1 4256 4287 4299 -1 4287 4292 4306 -1 4292 4296 4306 -1 4307 4303 4276 -1 4274 4266 4303 -1 4277 4308 4268 -1 4298 4309 4296 -1 4270 4255 4295 -1 4227 4270 4310 -1 4298 4301 4309 -1 4301 4293 4311 -1 4295 4289 4254 -1 4290 4291 4312 -1 4294 4299 4313 -1 4297 4227 4310 -1 4254 4265 4300 -1 4302 4311 4293 -1 4274 4303 4305 -1 4277 4305 4314 -1 4308 4277 4315 -1 4285 4268 4308 -1 4299 4287 4306 -1 4306 4296 4316 -1 4296 4309 4316 -1 4279 4281 4317 -1 4300 4273 4318 -1 4295 4254 4319 -1 4273 4279 4318 -1 4303 4320 4305 -1 4259 4294 4321 -1 4306 4313 4299 -1 4300 4319 4254 -1 4277 4314 4315 -1 4319 4322 4295 -1 4321 4294 4313 -1 4313 4306 4323 -1 4318 4324 4300 -1 4311 4302 4325 -1 4325 4302 4290 -1 4319 4300 4324 -1 4270 4295 4322 -1 4310 4270 4322 -1 4275 4312 4291 -1 4278 4282 4326 -1 4283 4278 4327 -1 4318 4279 4317 -1 4258 4285 4328 -1 4282 4258 4328 -1 4307 4320 4303 -1 4322 4319 4329 -1 4281 4283 4330 -1 4284 4259 4331 -1 4326 4327 4278 -1 4316 4323 4306 -1 4307 4276 4332 -1 4304 4332 4276 -1 4314 4305 4333 -1 4321 4331 4259 -1 4327 4330 4283 -1 4328 4285 4334 -1 4282 4328 4326 -1 4324 4329 4319 -1 4315 4314 4335 -1 4310 4322 4336 -1 4332 4304 4337 -1 4304 4280 4338 -1 4305 4320 4333 -1 4335 4314 4333 -1 4285 4308 4339 -1 4323 4340 4313 -1 4301 4341 4309 -1 4297 4310 4342 -1 4330 4327 4343 -1 4285 4339 4334 -1 4275 4297 4342 -1 4338 4337 4304 -1 4280 4286 4338 -1 4344 4331 4321 -1 4321 4313 4340 -1 4342 4345 4275 -1 4310 4336 4342 -1 4346 4330 4347 -1 4281 4330 4346 -1 4284 4331 4348 -1 4317 4281 4349 -1 4318 4317 4349 -1 4339 4308 4315 -1 4275 4345 4312 -1 4286 4284 4348 -1 4343 4347 4330 -1 4320 4307 4332 -1 4332 4337 4350 -1 4331 4344 4351 -1 4348 4352 4286 -1 4281 4346 4349 -1 4353 4345 4342 -1 4290 4312 4354 -1 4335 4333 4355 -1 4341 4301 4356 -1 4325 4290 4354 -1 4336 4353 4342 -1 4312 4345 4357 -1 4324 4318 4358 -1 4315 4335 4359 -1 4321 4340 4344 -1 4356 4301 4311 -1 4311 4325 4360 -1 4361 4327 4326 -1 4335 4355 4359 -1 4315 4359 4339 -1 4320 4332 4362 -1 4352 4338 4286 -1 4349 4358 4318 -1 4309 4341 4316 -1 4324 4358 4329 -1 4336 4322 4363 -1 4329 4363 4322 -1 4354 4312 4357 -1 4355 4333 4364 -1 4365 4338 4352 -1 4356 4311 4360 -1 4344 4340 4366 -1 4360 4325 4367 -1 4334 4368 4328 -1 4369 4363 4329 -1 4329 4358 4369 -1 4348 4331 4351 -1 4326 4328 4370 -1 4326 4370 4361 -1 4362 4333 4320 -1 4364 4333 4362 -1 4361 4343 4327 -1 4332 4350 4362 -1 4358 4349 4371 -1 4341 4372 4316 -1 4366 4340 4323 -1 4359 4355 4373 -1 4341 4356 4374 -1 4375 4339 4359 -1 4325 4354 4367 -1 4368 4334 4376 -1 4328 4368 4370 -1 4353 4336 4377 -1 4378 4362 4350 -1 4379 4343 4361 -1 4343 4380 4347 -1 4373 4375 4359 -1 4355 4364 4373 -1 4337 4338 4365 -1 4381 4348 4351 -1 4323 4316 4382 -1 4316 4372 4382 -1 4372 4341 4374 -1 4336 4363 4377 -1 4361 4370 4379 -1 4375 4334 4339 -1 4350 4337 4383 -1 4352 4381 4365 -1 4348 4381 4352 -1 4384 4371 4349 -1 4323 4382 4366 -1 4374 4356 4385 -1 4356 4360 4385 -1 4386 4364 4362 -1 4343 4379 4387 -1 4380 4343 4387 -1 4383 4337 4365 -1 4388 4370 4368 -1 4389 4344 4366 -1 4349 4346 4384 -1 4357 4345 4390 -1 4345 4353 4390 -1 4390 4353 4377 -1 4346 4347 4380 -1 4378 4386 4362 -1 4371 4369 4358 -1 4344 4391 4351 -1 4368 4376 4388 -1 4380 4392 4346 -1 4386 4393 4364 -1 4383 4378 4350 -1 4394 4381 4395 -1 4365 4381 4394 -1 4363 4369 4377 -1 4373 4396 4397 -1 4375 4373 4397 -1 4373 4364 4396 -1 4379 4370 4398 -1 4387 4379 4398 -1 4357 4390 4399 -1 4400 4401 4369 -1 4386 4378 4402 -1 4383 4365 4403 -1 4391 4344 4389 -1 4404 4405 4376 -1 4388 4376 4405 -1 4370 4388 4398 -1 4384 4346 4392 -1 4386 4402 4393 -1 4399 4406 4357 -1 4399 4390 4407 -1 4390 4377 4408 -1 4377 4369 4408 -1 4351 4395 4381 -1 4409 4364 4393 -1 4396 4364 4409 -1 4408 4369 4401 -1 4398 4410 4387 -1 4376 4334 4375 -1 4380 4387 4411 -1 4388 4410 4398 -1 4412 4378 4383 -1 4395 4351 4391 -1 4354 4357 4406 -1 4376 4375 4404 -1 4413 4387 4410 -1 4411 4387 4413 -1 4383 4403 4412 -1 4367 4354 4414 -1 4365 4394 4403 -1 4384 4392 4415 -1 4415 4371 4384 -1 4415 4416 4371 -1 4369 4371 4416 -1 4390 4408 4407 -1 4366 4382 4417 -1 4382 4372 4417 -1 4369 4416 4400 -1 4418 4406 4399 -1 4375 4397 4419 -1 4414 4354 4420 -1 4406 4420 4354 -1 4413 4410 4421 -1 4397 4396 4422 -1 4419 4397 4422 -1 4423 4395 4391 -1 4389 4423 4391 -1 4405 4410 4388 -1 4385 4360 4424 -1 4419 4404 4375 -1 4402 4378 4425 -1 4425 4378 4412 -1 4394 4395 4426 -1 4372 4374 4427 -1 4427 4374 4385 -1 4399 4407 4418 -1 4414 4424 4367 -1 4360 4367 4424 -1 4420 4406 4428 -1 4423 4389 4429 -1 4410 4405 4430 -1 4417 4372 4427 -1 4408 4401 4431 -1 4407 4408 4431 -1 4420 4432 4414 -1 4385 4424 4433 -1 4403 4394 4426 -1 4430 4421 4410 -1 4426 4395 4434 -1 4411 4392 4380 -1 4366 4429 4389 -1 4435 4415 4392 -1 4416 4415 4435 -1 4418 4428 4406 -1 4409 4393 4436 -1 4420 4428 4432 -1 4405 4404 4437 -1 4366 4417 4429 -1 4427 4385 4433 -1 4396 4409 4438 -1 4402 4436 4393 -1 4400 4439 4401 -1 4431 4401 4439 -1 4440 4427 4433 -1 4424 4414 4433 -1 4411 4413 4441 -1 4392 4411 4442 -1 4435 4443 4416 -1 4400 4416 4444 -1 4418 4407 4445 -1 4407 4431 4445 -1 4435 4392 4442 -1 4444 4416 4443 -1 4428 4418 4445 -1 4439 4446 4431 -1 4426 4434 4447 -1 4414 4432 4433 -1 4432 4428 4448 -1 4435 4442 4443 -1 4422 4449 4419 -1 4417 4427 4450 -1 4445 4431 4446 -1 4411 4441 4442 -1 4413 4421 4441 -1 4425 4451 4402 -1 4403 4426 4447 -1 4400 4444 4452 -1 4439 4400 4453 -1 4436 4402 4451 -1 4419 4449 4404 -1 4429 4454 4423 -1 4440 4433 4455 -1 4433 4432 4456 -1 4448 4428 4445 -1 4454 4429 4417 -1 4436 4438 4409 -1 4449 4422 4457 -1 4422 4396 4438 -1 4427 4440 4455 -1 4430 4405 4437 -1 4400 4452 4453 -1 4421 4430 4458 -1 4459 4433 4456 -1 4441 4421 4460 -1 4461 4443 4442 -1 4395 4423 4434 -1 4462 4421 4458 -1 4460 4421 4462 -1 4457 4422 4463 -1 4463 4422 4438 -1 4445 4446 4464 -1 4439 4453 4465 -1 4448 4456 4432 -1 4466 4438 4436 -1 4466 4436 4451 -1 4427 4455 4450 -1 4448 4445 4467 -1 4441 4468 4442 -1 4468 4461 4442 -1 4444 4469 4452 -1 4453 4452 4469 -1 4455 4433 4459 -1 4437 4458 4430 -1 4470 4471 4448 -1 4448 4471 4456 -1 4456 4471 4470 -1 4434 4423 4472 -1 4439 4465 4446 -1 4454 4417 4473 -1 4437 4404 4449 -1 4456 4470 4474 -1 4467 4475 4448 -1 4448 4475 4470 -1 4470 4475 4474 -1 4474 4475 4467 -1 4459 4456 4474 -1 4444 4443 4461 -1 4425 4412 4476 -1 4412 4403 4477 -1 4403 4447 4477 -1 4465 4453 4478 -1 4479 4447 4434 -1 4479 4434 4472 -1 4423 4454 4472 -1 4453 4469 4480 -1 4438 4466 4463 -1 4453 4480 4478 -1 4445 4464 4467 -1 4462 4481 4460 -1 4469 4444 4482 -1 4444 4461 4482 -1 4465 4478 4446 -1 4417 4450 4473 -1 4477 4476 4412 -1 4447 4479 4477 -1 4483 4481 4462 -1 4441 4460 4481 -1 4480 4469 4482 -1 4468 4441 4481 -1 4472 4454 4484 -1 4464 4446 4478 -1 4463 4466 4485 -1 4484 4454 4473 -1 4463 4486 4457 -1 4449 4487 4437 -1 4488 4459 4489 -1 4455 4459 4488 -1 4458 4437 4490 -1 4461 4468 4491 -1 4474 4467 4492 -1 4485 4466 4493 -1 4466 4451 4493 -1 4493 4451 4425 -1 4491 4468 4481 -1 4464 4492 4467 -1 4494 4478 4480 -1 4490 4437 4487 -1 4462 4458 4490 -1 4464 4478 4495 -1 4496 4464 4495 -1 4478 4494 4495 -1 4484 4473 4497 -1 4497 4473 4498 -1 4473 4450 4498 -1 4450 4455 4488 -1 4459 4474 4489 -1 4479 4472 4499 -1 4499 4472 4500 -1 4500 4472 4484 -1 4486 4463 4485 -1 4481 4483 4501 -1 4449 4457 4487 -1 4486 4502 4457 -1 4425 4476 4493 -1 4503 4483 4462 -1 4491 4481 4501 -1 4480 4482 4504 -1 4487 4457 4502 -1 4490 4503 4462 -1 4501 4483 4503 -1 4492 4464 4496 -1 4476 4477 4505 -1 4505 4477 4499 -1 4494 4480 4504 -1 4477 4479 4499 -1 4489 4474 4492 -1 4505 4493 4476 -1 4488 4498 4450 -1 4503 4506 4501 -1 4491 4482 4461 -1 4501 4507 4491 -1 4495 4494 4504 -1 4486 4485 4508 -1 4502 4486 4508 -1 4509 4501 4506 -1 4500 4484 4497 -1 4507 4501 4509 -1 4487 4502 4510 -1 4487 4511 4490 -1 4512 4497 4498 -1 4511 4487 4510 -1 4513 4485 4493 -1 4508 4485 4513 -1 4498 4488 4512 -1 4513 4493 4505 -1 4490 4511 4503 -1 4503 4511 4506 -1 4512 4488 4489 -1 4489 4514 4512 -1 4505 4499 4500 -1 4492 4514 4489 -1 4491 4507 4515 -1 4514 4492 4496 -1 4491 4515 4482 -1 4482 4515 4504 -1 4495 4516 4496 -1 4516 4495 4504 -1 4508 4510 4502 -1 4510 4517 4511 -1 4517 4518 4511 -1 4497 4512 4500 -1 4511 4518 4506 -1 4509 4506 4518 -1 4504 4515 4519 -1 4520 4512 4521 -1 4514 4521 4512 -1 4514 4496 4516 -1 4516 4504 4519 -1 4513 4505 4522 -1 4522 4505 4500 -1 4515 4507 4523 -1 4510 4508 4517 -1 4524 4516 4519 -1 4520 4500 4512 -1 4513 4522 4508 -1 4524 4521 4514 -1 4516 4524 4514 -1 4522 4500 4520 -1 4507 4509 4523 -1 4518 4517 4525 -1 4525 4509 4518 -1 4517 4508 4526 -1 4526 4508 4522 -1 4509 4527 4523 -1 4528 4526 4522 -1 4527 4529 4519 -1 4519 4523 4527 -1 4519 4529 4524 -1 4515 4523 4519 -1 4528 4522 4520 -1 4525 4526 4530 -1 4517 4526 4525 -1 4526 4528 4530 -1 4528 4520 4531 -1 4531 4532 4528 -1 4532 4530 4528 -1 4525 4530 4527 -1 4527 4509 4525 -1 4527 4532 4529 -1 4530 4532 4527 -1 4529 4531 4524 -1 4532 4531 4529 -1 4521 4531 4520 -1 4531 4521 4524 -1">
    <Coordinate point="0.327623 -4.25948 -8.63934 0.430723 -4.14174 -8.74751 0.434005 -4.14406 -8.63739 0.326183 -4.25801 -8.74751 0.494705 -4.04029 -8.7475 0.501266 -4.04117 -8.63048 0.555517 -3.92463 -8.63201 0.527056 -3.98444 -8.64852 0.542276 -3.92682 -8.7475 0.582517 -3.80974 -8.74744 0.583964 -3.81134 -8.63704 0.572098 -3.86409 -8.63829 0.598287 -3.70332 -8.63689 0.598266 -3.70702 -8.74743 0.605181 -3.59957 -8.63453 0.610763 -3.52165 -8.55739 0.613271 -3.37903 -8.74748 0.623744 -2.95854 -8.74751 0.616277 -3.23805 -8.61413 0.225686 -4.34124 -8.52611 0.176577 -4.37257 -8.52398 0.206216 -4.35507 -8.74749 0.603085 -3.80936 -8.56282 0.500422 -4.05978 -8.57202 0.598031 -3.92239 -8.46383 0.561461 -4.00973 -8.43944 0.627514 -3.8634 -8.42747 0.614593 -3.71748 -8.51331 0.606449 -3.40054 -8.51241 0.608078 -3.1202 -8.52055 0.330794 -4.2634 -8.52145 0.445108 -4.14832 -8.52055 0.497401 -4.09367 -8.48148 -0.571559 -4.56369 -8.52055 -0.344608 -4.56837 -8.7475 -0.344608 -4.55336 -8.52055 -0.571559 -4.58037 -8.7475 -0.117658 -4.51516 -8.7475 -0.117658 -4.50406 -8.52055 -0.79851 -4.55177 -8.7475 0.109293 -4.41489 -8.7475 0.109293 -4.41003 -8.52055 0.599412 -3.57599 -8.48474 0.4457 -4.15743 -8.47608 0.613587 -3.76457 -8.40092 0.581097 -3.65414 -8.33229 0.581656 -3.56206 -8.40596 0.590689 -3.46859 -8.35411 0.587804 -3.33663 -8.4 0.566154 -4.03335 -8.33376 0.487158 -4.14717 -8.32421 0.149549 -4.38072 -8.40708 0.109293 -4.40076 -8.40708 0.222769 -4.34114 -8.40708 0.336162 -4.26718 -8.40554 0.60021 -3.90899 -8.33236 0.584166 -3.58345 -8.33893 0.541672 -4.09423 -8.27142 0.506699 -3.80007 -8.34672 0.538463 -3.82258 -8.31896 0.501788 -3.61733 -8.35027 0.536237 -3.55802 -8.33878 0.498134 -3.58176 -8.31284 0.579018 -3.44602 -8.33098 0.514382 -3.37281 -8.33428 0.509662 -3.74476 -8.27584 0.507708 -3.44407 -8.28072 0.59696 -3.9467 -8.26396 0.222769 -4.33317 -8.2936 0.110676 -4.38119 -8.28654 0.339256 -4.27006 -8.29469 0.448004 -4.19007 -8.29353 -0.343582 -4.49488 -8.2936 -0.458084 -4.52328 -8.38438 -0.57139 -4.50047 -8.28786 -0.458084 -4.50245 -8.2936 -0.231133 -4.4794 -8.2936 -0.248902 -4.49697 -8.36925 -0.117658 -4.45589 -8.2936 -0.683081 -4.49399 -8.2936 -0.684383 -4.51147 -8.36925 0.0147305 -4.42962 -8.38817 -0.0041823 -4.42395 -8.2936 0.533833 -3.51558 -8.24613 0.533733 -3.25975 -8.24468 0.600869 -3.92221 -8.19249 0.546452 -3.56343 -8.19294 0.513357 -4.15879 -8.16628 0.592199 -4.02001 -8.21594 0.544511 -3.37051 -8.19285 0.595354 -3.84417 -8.13356 0.611209 -3.66652 -8.10428 0.584495 -3.52859 -8.14544 0.446292 -4.2062 -8.17513 0.577848 -4.09646 -8.15182 0.602851 -4.04287 -8.16828 -0.231133 -4.43286 -8.18013 -0.110964 -4.41232 -8.18141 0.0207791 -4.38072 -8.18013 -0.685034 -4.44365 -8.18013 -0.571559 -4.45122 -8.18013 0.109293 -4.35461 -8.18013 0.222767 -4.31526 -8.18013 0.335678 -4.26786 -8.17875 0.40585 -4.22484 -8.23687 -0.454389 -4.45521 -8.18656 -0.344608 -4.4457 -8.18013 0.638842 -3.97972 -8.13185 0.709076 -4.0438 -8.03485 0.701533 -3.95059 -8.05936 0.691241 -3.65998 -8.05331 0.697317 -3.85199 -8.04278 0.640113 -4.08733 -8.06242 0.540536 -4.15577 -8.0661 0.433176 -4.20423 -8.02822 -0.117658 -4.38072 -8.11123 -0.231133 -4.38072 -8.0821 -0.672986 -4.37963 -8.06655 -0.507732 -4.3836 -8.06192 -0.343145 -4.38105 -8.06654 -0.231133 -4.37137 -8.06665 -0.117658 -4.35653 -8.06665 -0.0041823 -4.33689 -8.06665 0.109293 -4.31253 -8.06665 0.262793 -4.27261 -8.06743 0.336215 -4.24758 -8.06667 0.397855 -4.22883 -8.1159 0.745875 -3.94223 -7.9867 0.733269 -4.021 -7.95994 0.739288 -3.83952 -7.92938 0.72738 -3.64501 -7.99428 0.672118 -4.09092 -7.97297 0.310275 -4.23589 -8.00867 0.172 -4.26665 -8.00546 0.528698 -4.16249 -8.00995 -0.0573652 -4.26719 -7.9531 0.0322628 -4.26728 -7.96715 0.025198 -4.20722 -7.89922 0.139825 -4.25007 -7.96582 0.355434 -4.19952 -7.95307 0.452384 -4.17528 -7.95333 0.571967 -4.13762 -7.9531 -0.340938 -4.2839 -7.94514 -0.531819 -4.28488 -7.94154 -0.224357 -4.28 -7.94883 0.726443 -3.6353 -7.88506 0.710745 -3.91773 -7.8399 0.634256 -4.09516 -7.87278 0.70525 -4.03789 -7.85048 -0.353928 -4.21736 -7.88854 -0.101628 -4.20922 -7.89214 0.301926 -4.16753 -7.89007 0.425169 -4.15459 -7.89868 0.548055 -4.12697 -7.89365 0.698807 -3.745 -7.83465 -0.623566 -4.21913 -7.88849 -0.542846 -4.12333 -7.82532 -0.242421 -4.13452 -7.83544 0.0244018 -4.12869 -7.83471 0.247383 -4.1196 -7.83875 0.432379 -4.10332 -7.83402 0.565651 -4.08947 -7.83633 0.629692 -3.8553 -7.79335 0.597515 -4.02777 -7.78784 0.619412 -3.72382 -7.78639 0.452535 -3.92955 -7.78546 0.418148 -3.77977 -7.78545 0.551117 -3.58912 -7.78209 0.305121 -3.75887 -7.78457 0.325994 -3.50941 -7.78155 -0.324872 -4.01816 -7.78856 -0.440861 -3.82966 -7.78896 -0.601753 -4.03591 -7.79049 -0.531489 -3.85162 -7.78597 -0.0613944 -3.93905 -7.78707 -0.0820074 -4.02733 -7.79092 0.140358 -4.03034 -7.78734 0.248332 -4.03736 -7.79658 0.132858 -3.86568 -7.78573 -0.646943 -3.69383 -7.78752 -0.352444 -3.59531 -7.78436 -0.104852 -3.73135 -7.78449 0.146155 -3.71063 -7.78344 -0.192594 -3.45531 -7.78057 -0.365542 -3.32466 -7.77749 0.619376 -3.04438 -8.61374 0.623755 -2.83404 -8.6378 0.631653 -2.726 -8.74751 0.631228 -2.59431 -8.63293 0.639776 -2.56678 -8.74743 0.643767 -2.42421 -8.62401 0.651483 -2.45164 -8.7475 0.673025 -2.33026 -8.7475 0.660195 -2.32253 -8.62999 0.682085 -2.23855 -8.63021 0.701378 -2.22469 -8.7475 0.7387 -2.12418 -8.63696 0.718851 -2.16363 -8.64726 0.743865 -2.11121 -8.7475 0.794364 -1.98732 -8.68376 0.768584 -2.05893 -8.65023 0.788565 -1.99237 -8.7475 0.819367 -1.91112 -8.61059 0.81366 -1.88426 -8.7475 0.830678 -1.77079 -8.7475 0.834286 -1.79354 -8.63531 0.617097 -2.7697 -8.55369 0.659223 -2.22689 -8.56056 0.685855 -2.17309 -8.55612 0.737706 -2.11321 -8.57836 0.781659 -2.0673 -8.52272 0.802739 -1.99552 -8.57638 0.828319 -1.81767 -8.51004 0.613223 -2.53401 -8.51963 0.593324 -2.72239 -8.41275 0.596591 -2.42806 -8.42155 0.61762 -2.30334 -8.50155 0.739883 -2.10722 -8.50204 0.706304 -2.13173 -8.5256 0.827833 -1.99949 -8.48024 0.823396 -1.9304 -8.50257 0.851323 -2.06732 -8.43559 0.592328 -3.20836 -8.44874 0.581817 -2.20417 -8.42214 0.737868 -2.11107 -8.46482 0.594877 -3.00781 -8.43162 0.596634 -2.11767 -8.41512 0.682945 -2.10241 -8.42886 0.585728 -2.55392 -8.42856 0.84311 -2.11314 -8.42563 0.820518 -1.91582 -8.39577 0.822444 -2.12948 -8.29509 0.853799 -2.01793 -8.35167 0.599147 -2.53293 -8.3563 0.585407 -3.2886 -8.32946 0.591875 -3.07429 -8.34588 0.589311 -2.88899 -8.32338 0.601138 -2.4915 -8.33398 0.670031 -2.12274 -8.29841 0.590307 -2.77527 -8.31768 0.596968 -2.21497 -8.30999 0.737869 -2.11956 -8.3 0.577315 -3.08512 -8.32516 0.590354 -2.29147 -8.30249 0.592603 -2.12358 -8.29875 0.581958 -2.58335 -8.31007 0.514233 -3.20169 -8.33097 0.511155 -3.0503 -8.32836 0.506521 -2.54251 -8.31672 0.508119 -2.68495 -8.325 0.570661 -2.42289 -8.30596 0.513973 -2.85568 -8.32583 0.505163 -2.84975 -8.28726 0.508866 -2.42786 -8.31958 0.524777 -2.28343 -8.32198 0.508146 -2.18992 -8.30339 0.521078 -2.1456 -8.30746 0.608576 -2.05355 -8.29767 0.509129 -2.04918 -8.30282 0.510521 -3.16327 -8.27092 0.506318 -2.75637 -8.23891 0.504022 -2.56252 -8.23916 0.731214 -2.0253 -8.29256 0.745708 -2.00363 -8.30687 0.520396 -3.05113 -8.25695 0.508268 -2.04788 -8.24561 0.627203 -2.03301 -8.23406 0.507227 -2.23535 -8.23829 0.544087 -2.97566 -8.21254 0.54221 -2.85004 -8.2119 0.520724 -2.78819 -8.17455 0.536326 -2.65405 -8.15157 0.538815 -2.52377 -8.14668 0.54091 -2.04702 -8.18724 0.552061 -3.23086 -8.18726 0.569333 -3.07194 -8.1664 0.539403 -2.28892 -8.14544 0.651383 -2.05659 -8.14642 0.606572 -2.93844 -8.11287 0.571883 -2.63864 -8.11255 0.60435 -3.35097 -8.10456 0.578911 -2.79511 -8.10643 0.578485 -2.16883 -8.12956 0.597571 -3.17717 -8.11468 0.590975 -2.72603 -8.08293 0.583045 -2.51152 -8.09779 0.579217 -2.34828 -8.11329 0.60636 -2.10409 -8.08792 0.674015 -2.81336 -8.05512 0.71373 -2.98517 -8.01923 0.596541 -2.57949 -8.06963 0.596311 -2.34559 -8.07155 0.59816 -2.24642 -8.06639 0.69993 -3.42618 -8.04659 0.705653 -3.24851 -8.03653 0.673304 -2.19235 -8.02964 0.673108 -2.79079 -8.0137 0.699435 -2.5171 -7.99811 0.6803 -2.4059 -8.01685 0.725547 -2.82871 -7.98796 0.727129 -2.22172 -7.96888 0.735598 -3.42758 -7.93996 0.712709 -2.80149 -7.95862 0.739227 -2.97533 -7.92738 0.731827 -2.25468 -7.93451 0.735537 -3.17507 -7.88734 0.728691 -2.58302 -7.92457 0.727418 -2.77041 -7.88125 0.738067 -2.24376 -7.88728 0.716104 -2.83717 -7.83735 0.698344 -3.46722 -7.82926 0.700618 -3.15256 -7.82837 0.701274 -2.21049 -7.78941 0.701711 -2.51965 -7.80443 0.630214 -2.83636 -7.78078 0.619093 -3.44738 -7.78508 0.624314 -3.1394 -7.78321 0.662164 -2.40086 -7.76309 0.0179753 -3.43113 -7.7803 -0.0457988 -3.17495 -7.77704 -0.244282 -3.17939 -7.77763 0.33758 -3.28199 -7.77744 0.0321408 -2.93275 -7.77677 0.390582 -3.02371 -7.77782 -0.0624764 -2.82845 -7.77715 0.259005 -2.8353 -7.7803 0.352827 -2.82169 -7.75954 0.636116 -2.82007 -7.75291 0.649403 -2.63804 -7.7597 0.159375 -2.81546 -7.73931 -0.0756636 -2.81396 -7.73769 0.375898 -2.8024 -7.74248 0.3557 -2.62565 -7.73886 0.590454 -2.80686 -7.7416 0.582185 -2.14653 -7.73533 0.0377939 -2.08709 -7.73593 -0.144768 -2.56286 -7.73734 0.32852 -2.3042 -7.73717 -1.24586 -4.37351 -8.63385 -1.13894 -4.43395 -8.7475 -1.13894 -4.43116 -8.63403 -1.24391 -4.37544 -8.7475 -1.02546 -4.48418 -8.7475 -1.02546 -4.48084 -8.63403 -1.55082 -4.10429 -8.50126 -1.53046 -4.09673 -8.67185 -1.49206 -4.16448 -8.63072 -1.48301 -4.16614 -8.74751 -1.56182 -4.04029 -8.7475 -1.56156 -4.03833 -8.6358 -1.59179 -3.93336 -8.63276 -1.59454 -3.94428 -8.74751 -1.60768 -3.81334 -8.7475 -1.60078 -3.84121 -8.61305 -1.60424 -3.73529 -8.63548 -1.61146 -3.68976 -8.7475 -1.60919 -3.55946 -8.63373 -1.62198 -3.47292 -8.7475 -1.3769 -4.27971 -8.74751 -1.37664 -4.28168 -8.63872 -1.44035 -4.21731 -8.6746 -1.6153 -3.35811 -8.6257 -1.62916 -3.22078 -8.74749 -1.61673 -3.17642 -8.63595 -1.52688 -4.14422 -8.47663 -1.59044 -3.96869 -8.57431 -1.59184 -3.83003 -8.52356 -1.58374 -3.70814 -8.54675 -1.58379 -3.62707 -8.55758 -1.59016 -3.51132 -8.54033 -1.47949 -4.19899 -8.44932 -1.5737 -4.05868 -8.44515 -1.58405 -4.00176 -8.46921 -1.3839 -4.27937 -8.51895 -1.24327 -4.36883 -8.51757 -1.13894 -4.4221 -8.52055 -1.02546 -4.47038 -8.52055 -0.79851 -4.53721 -8.52055 -0.93468 -4.50488 -8.63403 -1.53026 -3.6409 -8.48694 -1.56882 -4.03221 -8.412 -1.56257 -3.8956 -8.44051 -1.55865 -3.74228 -8.44901 -1.45421 -3.67534 -8.43419 -1.55794 -3.51989 -8.44911 -1.54723 -3.36384 -8.45165 -1.53637 -3.53028 -8.42039 -1.43175 -3.58495 -8.36623 -1.44536 -3.76053 -8.33095 -1.48055 -3.42086 -8.37808 -1.52349 -4.14649 -8.39777 -1.38878 -4.27037 -8.40555 -1.4675 -4.20457 -8.37772 -1.14715 -4.40309 -8.41315 -1.02546 -4.45085 -8.40708 -1.25241 -4.35124 -8.40708 -1.41823 -3.87458 -8.31088 -1.46076 -3.50466 -8.35918 -1.49771 -3.98624 -8.30567 -1.41319 -3.60461 -8.34529 -1.52751 -4.09144 -8.32019 -1.36944 -3.48997 -8.34012 -1.41071 -3.42133 -8.32196 -1.43189 -3.35828 -8.36091 -1.49265 -4.16266 -8.31241 -1.38016 -4.25792 -8.29739 -1.35232 -3.58758 -8.32895 -1.41602 -3.59734 -8.26598 -1.45057 -3.97643 -8.27572 -1.36739 -3.44576 -8.25707 -1.43208 -3.71654 -8.27282 -1.47499 -4.15861 -8.26585 -1.42491 -4.21958 -8.28032 -1.02546 -4.42045 -8.2936 -1.13686 -4.38031 -8.29504 -1.25241 -4.32911 -8.2936 -0.79851 -4.47793 -8.2936 -0.930897 -4.46841 -8.38817 -0.911985 -4.45362 -8.2936 -1.41179 -3.87554 -8.25596 -1.50259 -4.07848 -8.219 -1.51137 -3.97901 -8.10822 -1.4402 -3.82205 -8.21363 -1.46026 -3.71037 -8.22145 -1.49584 -3.89859 -8.14564 -1.49574 -4.06072 -8.12346 -1.51768 -3.53758 -8.16254 -1.50644 -3.45654 -8.15512 -1.3544 -4.21548 -8.10696 -1.26887 -4.2866 -8.17409 -1.02468 -4.3798 -8.18185 -0.911985 -4.40743 -8.18013 -0.79851 -4.42904 -8.18013 -1.13894 -4.34205 -8.18013 -1.54418 -3.83561 -8.07625 -1.53454 -3.7296 -8.12583 -1.5572 -3.65781 -8.10353 -1.43037 -4.15969 -8.12266 -1.35787 -4.19029 -8.04228 -1.4762 -4.09417 -8.07257 -1.56122 -3.58498 -8.07788 -1.56447 -3.71135 -8.07081 -1.50632 -4.04029 -8.06665 -1.41449 -4.14676 -8.01546 -1.25812 -4.25442 -8.07644 -0.911985 -4.38072 -8.12597 -0.799365 -4.37021 -8.07253 -1.21007 -4.26634 -8.06172 -1.13887 -4.29236 -8.06663 -1.02546 -4.32318 -8.06665 -0.911985 -4.34749 -8.06665 -1.57487 -3.71911 -8.02661 -1.56493 -3.59514 -7.97371 -1.47836 -4.09595 -8.01008 -1.53655 -4.03896 -7.95835 -1.54953 -3.98193 -7.99291 -1.19567 -4.24326 -8.00991 -1.12759 -4.23894 -7.97401 -1.58165 -3.67689 -7.90335 -1.49658 -4.08585 -7.94663 -1.3656 -4.15369 -7.95344 -1.28936 -4.18128 -7.95163 -1.42262 -4.12801 -7.95318 -0.986225 -4.18961 -7.89261 -1.00005 -4.26473 -7.9732 -0.835473 -4.27374 -7.95281 -0.687921 -4.28177 -7.9457 -1.53815 -4.00868 -7.88908 -1.51312 -4.03799 -7.85603 -1.47271 -4.08518 -7.87723 -1.34423 -4.13359 -7.89632 -1.17125 -4.16768 -7.89515 -0.835422 -4.21097 -7.89464 -1.55648 -3.58238 -7.86952 -1.49235 -3.85 -7.80299 -1.5113 -3.62719 -7.81438 -1.17074 -4.10158 -7.83468 -1.37691 -4.09099 -7.84452 -1.26377 -4.09381 -7.83134 -0.971596 -4.12897 -7.84505 -0.782005 -4.14188 -7.8409 -1.42546 -3.93174 -7.78637 -1.42542 -4.03771 -7.80286 -1.27036 -4.02964 -7.79254 -0.880329 -4.02618 -7.78652 -1.04387 -4.05355 -7.80693 -1.45322 -3.56088 -7.79009 -1.33182 -3.90824 -7.795 -1.14715 -3.85021 -7.79041 -0.992712 -3.7658 -7.78423 -0.79598 -4.04175 -7.79009 -0.791237 -3.85894 -7.78804 -1.31589 -3.76514 -7.78949 -1.21368 -3.62109 -7.7844 -0.998151 -3.53783 -7.78413 -0.813653 -3.60522 -7.78571 -0.485232 -3.4151 -7.78132 -0.653334 -3.42193 -7.78101 -0.825991 -3.35184 -7.77952 -0.970368 -3.25632 -7.77932 -1.18878 -3.45169 -7.7813 -0.710976 -3.29716 -7.78039 -1.62293 -3.04213 -8.63525 -1.63839 -3.01901 -8.7475 -1.65711 -2.79847 -8.74749 -1.64266 -2.82802 -8.63392 -1.67432 -2.69149 -8.74733 -1.6585 -2.68019 -8.62397 -1.67416 -2.59532 -8.6361 -1.70447 -2.54142 -8.7475 -1.84937 -2.24824 -8.63679 -1.99037 -2.09743 -8.63295 -1.9163 -2.19744 -8.74754 -1.74409 -2.45164 -8.7475 -1.7049 -2.48125 -8.63219 -1.77158 -2.35435 -8.63889 -1.80773 -2.3331 -8.74747 -1.59521 -3.19839 -8.57093 -1.5904 -3.0613 -8.55102 -1.61734 -2.8609 -8.57327 -1.63605 -2.60521 -8.56044 -1.68256 -2.42366 -8.55085 -1.77675 -2.30525 -8.5877 -1.66327 -2.51375 -8.57506 -1.84302 -2.21177 -8.56684 -1.54384 -3.19047 -8.47397 -1.55134 -3.14814 -8.49622 -1.57 -2.80226 -8.47068 -1.60564 -2.67422 -8.49018 -1.67927 -2.35209 -8.50129 -1.58426 -2.60266 -8.48541 -1.5633 -2.46942 -8.46758 -1.75431 -2.25938 -8.52239 -1.70086 -2.23354 -8.46748 -1.50541 -3.2306 -8.36819 -1.52431 -3.08334 -8.45065 -1.53854 -3.01339 -8.42997 -1.58808 -2.66334 -8.41065 -1.46596 -2.62097 -8.40878 -1.54701 -2.5492 -8.45941 -1.6291 -2.29962 -8.45371 -1.46647 -3.15215 -8.41568 -1.53312 -2.89821 -8.38265 -1.50611 -2.63895 -8.41951 -1.44505 -2.53357 -8.39735 -1.53955 -2.46083 -8.42979 -1.60995 -2.39487 -8.38304 -1.78432 -2.10999 -8.41954 -1.62986 -2.20339 -8.42532 -1.56266 -2.31772 -8.42115 -1.51422 -2.75852 -8.37774 -1.51084 -2.84201 -8.41219 -1.52645 -2.69999 -8.4167 -1.53115 -3.32048 -8.37125 -1.49128 -3.17588 -8.34888 -1.49251 -2.83656 -8.37985 -1.44977 -2.65985 -8.39925 -1.44595 -3.16131 -8.38731 -1.46801 -2.58599 -8.37514 -1.60548 -2.35805 -8.35012 -1.46221 -2.39768 -8.41237 -1.52463 -2.23433 -8.39744 -1.49368 -3.0341 -8.33744 -1.52017 -2.87479 -8.35426 -1.42647 -2.75757 -8.33735 -1.5215 -2.35986 -8.37999 -1.4162 -2.50938 -8.38283 -1.49601 -2.97245 -8.33925 -1.51405 -2.62967 -8.34875 -1.46965 -2.54155 -8.33058 -1.46874 -2.64434 -8.32908 -1.42291 -3.08894 -8.34877 -1.40362 -3.13549 -8.36214 -1.42138 -2.40583 -8.30335 -1.42828 -2.47256 -8.32818 -1.46849 -3.30064 -8.34313 -1.423 -2.87799 -8.34825 -1.44878 -3.18305 -8.3363 -1.418 -2.97331 -8.33315 -1.3529 -2.93875 -8.34977 -1.34218 -2.7836 -8.37136 -1.34419 -2.74237 -8.35863 -1.47656 -2.37627 -8.31952 -1.3993 -3.24376 -8.30641 -1.38909 -3.05612 -8.3373 -1.3356 -3.03236 -8.35586 -1.31949 -2.90332 -8.31569 -1.3 -3.02883 -8.32541 -1.39594 -2.73948 -8.29008 -1.46717 -2.69343 -8.29769 -1.58214 -2.2682 -8.33617 -1.37554 -3.33216 -8.31555 -1.37299 -3.16484 -8.31242 -1.482 -2.56322 -8.28332 -1.35337 -3.29436 -8.31234 -1.35564 -3.06785 -8.28426 -1.48378 -2.47711 -8.28425 -1.57846 -2.31456 -8.25743 -1.35308 -3.34699 -8.27908 -1.38092 -3.19824 -8.22405 -1.47109 -2.66885 -8.27038 -1.32697 -2.95341 -8.25876 -1.32007 -2.8295 -8.25577 -1.44945 -2.72013 -8.27194 -1.33458 -2.7515 -8.26351 -1.4911 -2.32192 -8.20194 -1.39044 -2.39166 -8.22419 -1.51204 -2.56656 -8.21885 -1.41531 -3.06578 -8.16432 -1.47463 -2.65996 -8.17365 -1.42755 -2.77073 -8.18006 -1.35652 -2.80957 -8.20237 -1.52022 -2.47748 -8.20565 -1.40255 -2.43202 -8.21815 -1.40836 -3.38866 -8.18446 -1.43879 -2.92193 -8.13786 -1.41795 -2.44599 -8.13779 -1.49484 -2.51521 -8.15662 -1.44304 -3.23206 -8.14419 -1.49732 -2.55485 -8.12838 -1.47148 -2.82485 -8.11744 -1.44114 -2.38567 -8.12516 -1.53604 -2.6622 -8.10089 -1.54796 -3.21275 -8.0732 -1.53594 -2.71917 -8.09791 -1.50647 -3.09624 -8.08676 -1.55556 -3.40102 -8.08415 -1.57882 -2.56884 -8.09632 -1.4517 -2.49696 -8.08601 -1.52425 -2.88565 -8.05698 -1.53999 -2.54709 -8.06826 -1.54928 -2.78505 -7.9871 -1.54331 -3.10395 -8.0354 -1.57999 -2.62195 -8.01769 -1.50637 -2.54655 -8.04155 -1.54745 -2.35596 -8.03203 -1.53803 -3.36832 -7.99766 -1.54607 -2.57298 -8.00353 -1.56788 -2.86168 -7.96327 -1.57989 -2.67792 -7.99333 -1.56229 -3.02055 -7.96878 -1.59752 -2.36059 -7.89222 -1.56523 -3.37622 -7.91653 -1.56617 -3.21444 -7.93186 -1.62283 -2.6388 -7.95537 -1.57692 -2.60624 -7.92171 -1.55977 -2.9721 -7.8791 -1.57771 -2.65707 -7.8755 -1.57515 -2.81477 -7.89674 -1.56217 -3.09016 -7.87925 -1.551 -3.39381 -7.85128 -1.54202 -3.21166 -7.84628 -1.573 -2.51553 -7.83917 -1.51415 -2.82636 -7.80506 -1.54362 -2.81405 -7.79038 -1.49135 -3.24959 -7.79844 -1.51955 -2.95042 -7.81447 -1.44996 -3.34439 -7.78457 -1.53146 -2.32061 -7.76488 -1.44142 -3.03935 -7.77842 -1.34737 -3.32126 -7.78145 -1.4832 -2.81672 -7.74298 -1.22437 -3.22028 -7.77852 -1.29518 -2.92978 -7.7773 -1.08357 -2.95443 -7.77913 -1.01963 -2.83527 -7.77884 -0.793564 -2.92712 -7.77768 -0.850465 -2.82705 -7.77633 -1.17066 -2.8224 -7.76859 -0.635924 -2.82759 -7.77504 -1.41439 -2.82834 -7.77784 -1.47156 -2.6302 -7.73662 -1.17195 -2.81355 -7.75009 -1.32096 -2.81382 -7.7327 -0.916876 -2.82007 -7.74218 -1.1654 -2.76151 -7.73411 -1.08361 -2.08337 -7.73572 -1.14797 -2.36047 -7.73453 -0.791769 -2.29648 -7.73421 -0.961975 -2.80539 -7.73356 -0.882739 -2.63678 -7.73337 -0.546572 -3.16081 -7.77936 -0.409771 -3.05562 -7.77717 -0.579011 -2.97503 -7.77808 -0.406592 -2.82938 -7.77656 -0.675477 -3.16111 -7.7798 -0.332904 -2.81692 -7.73725 -0.622474 -2.81567 -7.73497 -0.595711 -2.07564 -7.73516 -0.399161 -2.26613 -7.73592 -0.582635 -2.60602 -7.73443 -2.33038 -0.560745 -8.63377 -2.3265 -0.291089 -8.63402 -2.34166 -0.352343 -8.7475 -2.33123 -0.0276069 -8.7475 -2.31687 -0.019267 -8.63257 -2.29651 0.218211 -8.63415 -2.30621 0.229901 -8.7475 -2.27042 0.37023 -8.62514 -2.2771 0.377236 -8.74724 -2.23788 0.498722 -8.7475 -2.23445 0.498722 -8.63403 -2.21372 0.545986 -8.62204 -2.18511 0.612197 -8.7475 -2.17995 0.613051 -8.61969 -2.15483 0.651566 -8.64528 -2.16021 0.654496 -8.7475 -2.09088 0.725673 -8.7475 -2.08943 0.717866 -8.61308 -2.04674 0.752405 -8.7475 -2.04652 0.748112 -8.61264 -1.952 0.794478 -8.62238 -1.93326 0.803321 -8.7475 -1.86871 0.818278 -8.62629 -1.81074 0.836983 -8.74752 -1.7986 0.83353 -8.62896 -1.71693 0.843577 -8.63468 -1.70631 0.850766 -8.7475 -1.54617 0.854435 -8.74755 -1.57286 0.846644 -8.63181 -0.779675 0.444179 -8.64208 -0.809709 0.485004 -8.74745 -0.862185 0.496299 -8.63505 -0.966962 0.611965 -8.63305 -0.924065 0.580005 -8.74739 -0.957184 0.612197 -8.7475 -0.913862 0.547911 -8.63392 -0.685034 0.42611 -8.7475 -0.684718 0.404344 -8.63288 -0.622936 0.398112 -8.67497 -1.37929 0.829279 -8.63155 -1.31339 0.815745 -8.63055 -1.38064 0.835477 -8.74751 -1.25241 0.803271 -8.7475 -1.24986 0.799998 -8.62959 -1.02625 0.689596 -8.74745 -1.06976 0.72551 -8.7475 -1.0216 0.669589 -8.63425 -1.08601 0.723095 -8.6224 -1.1506 0.76195 -8.61983 -1.13894 0.759597 -8.7475 -2.3104 -0.408261 -8.57779 -2.30197 -0.0931488 -8.57793 -2.27596 0.123325 -8.54082 -2.26226 0.248765 -8.53967 -2.22652 0.442496 -8.52709 -2.19907 0.544044 -8.51221 -2.17094 0.624527 -8.50355 -0.850061 0.43236 -8.57128 -0.914034 0.502001 -8.57716 -0.974204 0.585976 -8.56163 -0.984499 0.612197 -8.57729 -1.71412 0.817298 -8.53266 -1.59455 0.818263 -8.5277 -0.73075 0.382186 -8.5701 -1.41464 0.809052 -8.53034 -1.30173 0.796812 -8.54169 -0.645062 0.361638 -8.56588 -1.03275 0.678694 -8.54222 -1.18358 0.762355 -8.44852 -0.964975 0.483595 -8.49528 -0.938194 0.402391 -8.49536 -0.862168 0.371566 -8.50387 -0.992262 0.597995 -8.51109 -2.27711 -0.200203 -8.51769 -1.04429 0.715504 -8.45428 -1.10955 0.747482 -8.4453 -2.11742 0.701141 -8.51448 -2.05754 0.748128 -8.42563 -1.99887 0.763796 -8.4713 -1.88969 0.791798 -8.51216 -0.817179 0.334041 -8.45008 -0.673426 0.326068 -8.47315 -0.509573 0.332029 -8.48937 -1.00892 0.335666 -8.42452 -1.00135 0.402497 -8.44608 -1.01211 0.567399 -8.42002 -1.28166 0.757195 -8.41534 -1.44266 0.776416 -8.44152 -2.22771 -0.0634332 -8.45107 -2.22009 0.169947 -8.44916 -2.18111 0.408082 -8.40888 -2.1825 0.546646 -8.43289 -2.16295 0.664285 -8.43629 -2.14143 0.708429 -8.41819 -1.74434 0.781019 -8.44154 -1.90527 0.76123 -8.41952 -1.01714 0.545609 -8.37126 -1.02141 0.420726 -8.37622 -0.731925 0.328359 -8.3413 -1.01003 0.707405 -8.37916 -1.82535 0.753965 -8.40047 -1.59648 0.761035 -8.406 -2.18562 -0.125604 -8.40585 -2.19123 -0.399547 -8.40712 -2.18865 0.148606 -8.40492 -2.15663 0.655342 -8.40101 -1.00994 0.326981 -8.36087 -1.02567 0.346232 -8.37578 -1.33952 0.718297 -8.37381 -1.58875 0.725275 -8.37393 -1.11939 0.716121 -8.37403 -2.14412 0.101911 -8.37324 -2.12316 -0.11862 -8.37492 -2.13832 0.300718 -8.36928 -2.12679 0.58145 -8.36741 -2.1262 0.707465 -8.36667 -1.98826 0.720457 -8.36786 -1.67996 0.726929 -8.3718 -1.73559 0.515365 -8.36791 -1.48992 0.475547 -8.37116 -1.49796 0.660259 -8.3708 -2.02901 0.479886 -8.36587 -1.8675 0.693803 -8.368 -1.91777 0.224681 -8.37039 -1.82455 0.108052 -8.36925 -1.80347 -0.070998 -8.36952 -1.47756 0.316592 -8.36621 -1.30106 0.332991 -8.36885 -1.265 0.4216 -8.37111 -1.16855 0.332624 -8.35662 -1.65454 0.219209 -8.36516 -1.64073 -0.0928364 -8.35641 -1.62331 0.0464941 -8.36456 -1.56759 0.177391 -8.34648 -1.70689 0.316692 -8.37101 -1.55214 0.308669 -8.36067 -1.31051 0.310935 -8.30417 -1.56475 -0.0628931 -8.34021 -1.42946 0.307348 -8.2417 -1.56968 -0.212347 -8.31971 -1.55544 0.310103 -8.24748 -1.00965 0.305912 -8.3142 -0.794792 0.302894 -8.3082 -1.55476 -0.0588321 -8.25484 -0.555801 0.306759 -8.30468 -1.0935 0.307605 -8.2485 -0.850374 0.301335 -8.25422 -1.2704 0.310179 -8.24061 -1.60831 0.252621 -8.20441 -1.47331 0.351939 -8.19702 -1.19794 0.344141 -8.20363 -1.0107 0.350991 -8.20767 -0.724407 0.349125 -8.20894 -1.61168 0.360954 -8.17323 -1.36413 0.367251 -8.14049 -1.58143 0.360376 -8.1139 -0.884175 0.361811 -8.13934 -1.20471 0.360079 -8.15425 -0.970408 0.362127 -8.13883 -0.757937 0.364755 -8.1446 -1.62708 0.164969 -8.14425 -1.6369 0.322078 -8.11037 -1.14515 0.411447 -8.07935 -1.51261 0.46669 -8.06457 -0.992699 0.469984 -8.04601 -0.895885 0.40211 -8.09127 -1.67834 0.173218 -8.07563 -1.67074 0.393738 -8.07023 -1.25525 0.490061 -8.02388 -0.722476 0.412108 -8.07988 -0.779 0.506019 -7.99743 -1.64361 0.465271 -8.0293 -1.75669 0.360353 -8.01213 -1.72162 0.478863 -8.03034 -1.37679 0.533575 -7.96554 -1.77264 0.518589 -7.98673 -1.04305 0.545957 -7.9354 -1.68494 0.540793 -7.95453 -1.80434 0.549212 -7.93345 -1.295 0.553577 -7.88336 -0.730087 0.552633 -7.90334 -1.80966 0.554219 -7.86933 -1.66794 0.550174 -7.86096 -1.28939 0.537618 -7.8125 -1.7848 0.526941 -7.7843 -1.55464 0.520859 -7.7771 -0.55112 0.379612 -8.63804 -0.404829 0.371366 -8.74749 -0.567886 0.395175 -8.74751 -0.428013 0.363377 -8.63549 -0.242401 0.346963 -8.63569 -0.206442 0.353318 -8.7475 0.02948 0.328939 -8.6302 -0.557896 0.35377 -8.57187 -0.3071 0.334856 -8.5756 -0.326141 0.321286 -8.47314 -0.495844 0.326517 -8.33985 -0.309325 0.313353 -8.33737 -0.34676 0.292749 -8.30268 -0.27786 0.296483 -8.29198 -0.0273297 0.296526 -8.3117 -0.329395 0.294987 -8.24632 -0.568191 0.310598 -8.24594 -0.234123 0.343575 -8.20866 -0.473353 0.349716 -8.21022 -0.348945 0.359645 -8.14343 -0.508971 0.360862 -8.13663 -0.603611 0.41045 -8.07335 -0.514803 0.43816 -8.06905 -0.58779 0.508598 -7.99592 0.866682 -0.976458 -8.7475 0.86876 -1.05629 -8.62574 0.866314 -1.17212 -8.74751 0.862004 -0.825178 -8.74744 0.865228 -0.859746 -8.63366 0.85374 -0.677722 -8.63621 0.832999 -0.421306 -8.74747 0.837288 -0.418986 -8.62932 0.827107 -0.265045 -8.5958 0.812151 -0.230415 -8.7475 0.736439 0.0448203 -8.7475 0.755172 0.0447177 -8.64962 0.782346 -0.0784601 -8.74751 0.791776 -0.0765912 -8.6549 0.678769 0.159883 -8.65732 0.722877 0.100541 -8.65765 0.668859 0.15407 -8.74752 0.813747 -0.179545 -8.62861 0.0181977 0.337651 -8.74752 0.254049 0.307037 -8.61299 0.324055 0.301284 -8.74749 0.361657 0.294713 -8.63216 0.483063 0.272214 -8.62261 0.565661 0.243154 -8.63926 0.452486 0.272535 -8.7475 0.563195 0.231192 -8.7475 0.623348 0.205105 -8.65681 0.859196 -0.844841 -8.49319 0.852792 -0.743926 -8.52955 0.838646 -0.605462 -8.54574 0.83735 -0.505787 -8.56681 0.828706 -0.259146 -8.45725 0.786533 0.0449123 -8.54933 0.756253 0.120428 -8.55971 0.722144 0.198411 -8.54146 0.807112 -0.0190465 -8.511 0.0116842 0.319487 -8.54217 0.563087 0.276618 -8.54866 0.449644 0.29846 -8.52653 0.650233 0.224651 -8.58437 0.863085 -1.01581 -8.50988 0.794153 0.115101 -8.49012 0.819868 -0.0578541 -8.46018 0.13733 0.310651 -8.49423 0.302461 0.307792 -8.5136 0.698256 0.249757 -8.50643 0.682279 0.281214 -8.46053 0.788513 0.219507 -8.46872 0.814649 -0.632233 -8.43503 0.176168 0.311904 -8.42265 0.85356 -0.997162 -8.42095 0.820612 0.0338814 -8.31535 -0.0306273 0.320494 -8.43146 0.0819286 0.322755 -8.41421 0.34962 0.320967 -8.42875 0.606998 0.328059 -8.40568 0.78935 0.30285 -8.43015 0.815151 0.166061 -8.41125 0.815881 0.254033 -8.42814 0.20993 0.316973 -8.33206 0.46667 0.319775 -8.33038 0.677016 0.301779 -8.3519 0.734117 0.295269 -8.36547 0.791072 0.311628 -8.40366 0.836268 -0.739988 -8.34661 0.815922 -0.123676 -8.27746 0.0331958 0.317534 -8.33809 0.839754 0.26495 -8.31875 0.826664 -0.478932 -8.33054 -0.0614313 0.318877 -8.34172 0.101617 0.315054 -8.35143 0.763135 0.301665 -8.29537 0.826964 -0.283608 -8.28896 0.828456 -0.761589 -8.29625 0.839935 -0.981709 -8.3674 0.348525 0.298995 -8.30727 0.73833 0.278122 -8.3224 0.806105 0.294715 -8.2728 0.800649 0.105699 -8.27288 0.826032 -0.960541 -8.28682 0.093166 0.297179 -8.31212 0.65383 0.300124 -8.30284 0.83479 -1.08114 -8.29687 0.810254 -0.390698 -8.27687 0.742246 0.296577 -8.27359 0.815673 -0.551541 -8.2747 0.372731 0.296672 -8.25462 0.754023 -1.12947 -8.29819 0.755837 -0.911958 -8.29338 0.743716 -0.989563 -8.25306 0.813455 -0.848621 -8.27808 0.753611 -0.767638 -8.28823 0.753689 -0.562775 -8.28586 0.749497 -0.400028 -8.2846 0.0887561 0.294421 -8.25016 0.744743 0.193493 -8.26277 0.749664 -0.659171 -8.23232 0.755454 -0.151434 -8.27536 0.748979 -0.216657 -8.23146 0.749572 0.0642745 -8.24881 -0.0926116 0.292492 -8.25458 0.74944 0.26648 -8.25707 0.709399 0.299271 -8.2463 0.755875 -0.492435 -8.22046 0.743583 -0.415825 -8.236 0.508138 0.338891 -8.2177 0.0261485 0.343828 -8.20974 0.208127 0.34237 -8.21531 0.767958 0.248893 -8.20832 0.765576 -0.961543 -8.20094 0.767182 0.349964 -8.20973 0.779834 -0.595223 -8.15732 0.772347 -0.225652 -8.19103 0.787881 0.022489 -8.15399 -0.122555 0.358383 -8.15211 0.117731 0.356084 -8.15416 0.301041 0.358021 -8.15174 0.449945 0.361641 -8.15275 0.617369 0.353653 -8.16865 0.782338 -0.829045 -8.14422 0.785004 -0.398863 -8.13854 0.790377 -0.175992 -8.13001 0.800761 0.271767 -8.12544 0.804946 0.366437 -8.1367 0.826228 -0.695645 -8.09311 -0.202154 0.407991 -8.09063 0.0068876 0.39316 -8.11598 0.25055 0.393427 -8.11467 0.592887 0.417842 -8.08477 0.702762 0.412497 -8.07087 0.835265 -0.784678 -8.08068 0.827094 -0.920939 -8.09282 0.832456 -0.551417 -8.08317 0.870613 0.0070503 -8.04897 0.0839663 0.405966 -8.08242 0.840286 -0.376775 -8.07313 -0.0506417 0.408436 -8.06578 0.263804 0.42936 -8.06618 0.428706 0.412899 -8.0754 0.82885 0.417132 -8.07215 -0.293763 0.449665 -8.04816 0.934511 -0.245216 -7.9991 0.443787 0.502857 -8.00427 0.875866 0.28287 -8.03659 0.941927 -0.516022 -7.98966 -0.135077 0.525172 -7.97286 0.0545744 0.513494 -7.9868 0.827974 0.521909 -7.98686 0.881124 0.477075 -8.0443 0.939295 -0.730934 -7.9895 0.928927 0.124878 -8.00353 0.964762 0.538304 -7.95268 0.271331 0.534396 -7.95938 0.945422 0.295753 -7.98425 0.579846 0.536621 -7.96029 0.0194013 0.54011 -7.94956 0.965915 -0.102045 -7.93029 0.970445 -0.536346 -7.88578 0.403408 0.550737 -7.9035 0.825223 0.546278 -7.89011 0.97225 0.360519 -7.90043 0.187708 0.54708 -7.85623 0.97021 0.215589 -7.8644 0.967475 -0.0755964 -7.8674 -0.107949 0.544685 -7.85267 0.447915 0.541925 -7.84163 0.957189 0.53411 -7.81909 0.9628 -0.749752 -7.85011 0.94434 -0.345948 -7.80853 0.943085 0.033875 -7.80846 0.0285279 0.503418 -7.77065 0.926328 0.118156 -7.78911 0.346623 0.499725 -7.77031 0.923055 0.50212 -7.77488 0.894296 -0.151214 -7.75929 0.889305 -0.632411 -7.7566 0.878268 0.45754 -7.74872 0.840885 -0.279425 -7.73961 0.856599 0.112493 -7.74555 0.565169 0.448841 -7.74421 0.820337 -0.499743 -7.73936 0.225693 0.440329 -7.73838 -0.106569 0.447125 -7.74065 0.812386 0.390119 -7.73057 0.810907 -0.446027 -7.72388 0.812136 -0.004421 -7.72843 0.0499385 0.389117 -7.72706 0.286292 0.388135 -7.72842 0.59063 0.391064 -7.7313 0.813162 -0.0795394 -7.60267 0.163838 0.388249 -7.58185 0.812873 0.389595 -7.648 0.495313 0.389194 -7.59534 -0.0388933 0.388684 -7.56716 0.811771 -0.550634 -7.5685 0.401815 0.389645 -7.506 0.815153 0.391457 -7.4029 0.638454 0.390647 -7.40442 0.237431 0.391957 -7.41354 0.814456 -0.0065302 -7.41678 0.814973 -0.201927 -7.41306 0.549257 0.391481 -7.41328 0.0686761 0.388914 -7.40223 0.811478 0.173436 -7.40404 0.414922 0.393251 -7.41643 0.814465 -0.469955 -7.41924 0.575395 -0.116204 -7.40534 0.550552 -0.12715 -7.39604 0.501518 -0.243051 -7.40755 0.697507 -0.261761 -7.40512 0.660073 0.0302407 -7.40404 0.797176 0.0490489 -7.40181 0.798048 -0.183194 -7.40303 0.75256 0.132982 -7.4016 0.216357 0.104315 -7.40161 0.324086 0.16823 -7.40283 0.0834233 0.228907 -7.40241 0.430727 0.233701 -7.40303 0.286649 0.369838 -7.40062 0.52919 0.376276 -7.40002 0.54642 0.342191 -7.39988 0.644068 0.245079 -7.40326 0.29689 0.134849 -7.38553 0.464672 -0.297576 -7.39301 0.547369 0.336756 -7.38459 0.624854 -0.0229463 -7.12003 0.755007 0.137539 -7.11841 0.54753 -0.138659 -7.11606 0.433043 0.235643 -7.10352 0.321615 0.153726 -7.12176 0.188437 0.0775141 -7.28671 0.483373 -0.266159 -7.1181 0.554374 0.328293 -7.11267 0.680046 0.212391 -7.11496 0.674815 0.0406191 -7.12292 0.212192 0.0890025 -7.12 0.645153 0.0013169 -7.09603 0.339341 0.0937307 -7.09157 0.402683 0.128825 -7.09699 0.44503 -0.21923 -7.10699 0.508005 -0.0883024 -7.09888 0.540876 -0.0015945 -7.07073 0.6099 0.0642758 -7.08534 0.608492 0.102784 -7.11034 0.621373 0.167592 -7.10061 0.457163 0.147188 -7.10275 0.494346 0.209466 -7.10547 0.532847 0.190925 -7.09738 0.571294 0.0475682 -7.05458 0.4744 0.17492 -7.04842 0.499332 0.0873426 -7.06572 0.492384 -0.174962 -7.00729 0.506787 0.156135 -7.03158 0.534994 -0.071478 -7.01684 0.397375 0.17543 -7.0045 0.41122 -0.252615 -7.02911 0.551839 0.135022 -6.97023 0.551251 0.1931 -6.95582 0.608669 -0.0115788 -6.95057 0.49003 0.241291 -6.94058 0.630379 0.116194 -6.93429 0.440257 -0.169667 -6.92576 0.656968 0.0515584 -6.89501 0.509675 -0.0779716 -6.83202 0.664417 0.013524 -6.79979 0.619051 0.165525 -6.83949 0.604289 -0.0265505 -6.82653 0.412976 -0.120889 -6.85929 0.460803 -0.092392 -6.78443 0.599092 0.282737 -6.73091 0.532257 -0.0528502 -6.79108 0.718221 0.135518 -6.74129 0.584015 -0.0365712 -6.69804 0.65665 -0.0107976 -6.5591 0.713355 0.0598187 -6.63156 0.858239 -1.39243 -8.63717 0.842691 -1.6933 -8.6362 0.844513 -1.6041 -8.7475 0.836992 -1.60931 -8.51922 0.848866 -1.29186 -8.5114 0.821555 -1.75904 -8.41085 0.821426 -1.55799 -8.42406 0.824069 -1.31654 -8.40842 0.839046 -1.32669 -8.30285 0.827206 -1.14104 -8.35418 0.842178 -1.87194 -8.32197 0.840921 -1.50401 -8.30328 0.83252 -1.91255 -8.29472 0.74933 -1.31683 -8.29125 0.813158 -1.29104 -8.28378 0.815764 -1.51013 -8.28534 0.750977 -1.71633 -8.3092 0.822467 -1.72271 -8.28795 0.75021 -1.55053 -8.30336 0.740373 -1.87342 -8.23877 0.743965 -1.53967 -8.23509 0.742692 -1.17791 -8.23394 0.736643 -1.9982 -8.23263 0.748902 -1.33148 -8.23071 0.760546 -2.04259 -8.19942 0.75981 -1.79919 -8.20692 0.762354 -1.52018 -8.20154 0.768897 -1.19714 -8.17363 0.775874 -1.90099 -8.13682 0.775556 -1.68004 -8.14238 0.775954 -1.40785 -8.15126 0.780123 -1.13489 -8.145 0.774278 -2.04681 -8.14124 0.80653 -2.0848 -8.10821 0.827356 -1.25 -8.09359 0.808564 -1.70048 -8.11667 0.829615 -1.89016 -8.07834 0.807368 -1.43148 -8.12215 0.832595 -2.04654 -8.0764 0.841959 -1.04813 -8.07442 0.82644 -1.61718 -8.07793 0.837268 -1.38852 -8.07463 0.820338 -2.10526 -8.05989 0.882454 -0.947284 -8.04097 0.869775 -2.16784 -8.03135 0.934639 -1.88067 -7.99368 0.911118 -1.69688 -8.01682 0.941017 -1.09263 -7.98388 0.934368 -1.37366 -7.99176 0.93241 -2.15587 -7.99937 0.946769 -2.23514 -7.96216 0.964631 -1.51075 -7.92798 0.963019 -1.19854 -7.93386 0.96918 -1.65432 -7.90901 0.967169 -0.924087 -7.9083 0.968284 -2.23439 -7.89572 0.968498 -1.94714 -7.88066 0.941349 -2.2455 -7.86546 0.965643 -1.11751 -7.86205 0.94777 -2.21504 -7.81948 0.949758 -1.31891 -7.81924 0.934857 -1.62055 -7.80238 0.918261 -2.20199 -7.78348 0.93486 -0.917258 -7.79571 0.891374 -1.95591 -7.76026 0.891401 -1.56564 -7.7578 0.885188 -1.07807 -7.75849 0.623854 -2.11751 -7.74235 0.808157 -2.07577 -7.72938 0.812464 -1.8724 -7.73482 0.812403 -1.57413 -7.72812 0.814423 -1.33786 -7.73363 0.813634 -1.18195 -7.73643 0.821443 -0.927245 -7.74019 0.338728 -2.08461 -7.73673 0.813135 -0.786323 -7.72191 -0.0103285 -2.07309 -7.72389 0.300335 -2.0737 -7.72374 0.645737 -2.07413 -7.73313 0.81374 -1.28003 -7.59423 0.813586 -1.6499 -7.56711 0.106471 -2.07031 -7.53857 0.81191 -2.07322 -7.54063 0.813367 -0.912553 -7.53524 0.813194 -2.07408 -7.42573 0.814408 -1.44291 -7.43052 0.638371 -2.07226 -7.4221 0.813269 -0.652199 -7.41314 0.815145 -1.0744 -7.42902 0.257577 -2.07086 -7.42678 0.813546 -1.82163 -7.42889 0.0825973 -2.06754 -7.41152 -0.132358 -2.06961 -7.41031 0.800021 -0.563355 -7.40443 0.805206 -1.41207 -7.41485 0.80882 -1.02676 -7.41026 0.27547 -2.06396 -7.41013 0.558278 -2.05353 -7.41104 0.802703 -1.87248 -7.40947 0.801434 -1.60669 -7.4079 0.800186 -2.05281 -7.40989 0.750977 -1.83082 -7.40756 0.559902 -2.02255 -7.40815 0.76396 -1.78969 -7.41014 0.762203 -1.81402 -7.39747 0.649854 -1.65584 -7.41117 0.637454 -1.66904 -7.39845 -0.386188 -1.63878 -7.4052 -0.143535 -1.66435 -7.40779 -0.276806 -1.62723 -7.39665 -0.0711234 -1.66354 -7.40753 0.486963 -1.40797 -7.41113 0.546349 -1.53233 -7.39934 0.555174 -1.5209 -7.41268 0.773582 -1.44129 -7.41018 0.631277 -1.06298 -7.40875 0.421402 -1.22778 -7.40888 0.378485 -0.860638 -7.40817 0.604655 -0.637418 -7.40846 0.381732 -0.591328 -7.4068 0.410227 -0.463311 -7.40656 0.790718 -1.10475 -7.40582 0.385099 -1.06764 -7.40752 0.462971 -0.361276 -7.40741 0.368953 -0.944626 -7.39399 0.363507 -0.748985 -7.39434 0.0677076 -1.72555 -7.41059 0.28483 -1.80939 -7.41049 0.0782385 -1.70982 -7.39733 0.194246 -1.75921 -7.40976 0.411737 -1.88917 -7.4112 0.447259 -1.30091 -7.12333 0.564467 -2.01995 -7.26572 0.324861 -1.83034 -7.27944 0.555066 -1.53938 -7.24014 0.652062 -1.68404 -7.30518 0.763816 -1.81801 -7.26812 -0.255891 -1.62917 -7.13173 0.456657 -1.92478 -7.12871 -0.0887332 -1.65703 -7.26522 0.39608 -1.11998 -7.12328 0.372794 -0.981502 -7.11957 0.365977 -0.727438 -7.11778 0.770153 -1.81543 -7.13146 0.416544 -0.459539 -7.12165 0.676874 -1.70547 -7.11998 -0.121389 -1.65 -7.12358 0.489196 -1.40323 -7.12173 0.548468 -2.00789 -7.12844 0.427914 -1.90542 -7.11365 0.0163569 -1.687 -7.12317 0.156394 -1.73905 -7.12184 0.307023 -1.82071 -7.12396 0.569001 -2.02045 -7.13246 0.636619 -1.95145 -7.12677 0.56371 -1.544 -7.12434 -0.39889 -1.62088 -7.1304 -0.257642 -1.61509 -7.11612 0.57204 -1.66427 -7.11577 0.492226 -1.86017 -7.09862 0.534689 -1.86901 -7.11599 0.634084 -1.87033 -7.10868 0.412599 -1.83138 -7.11547 0.31259 -1.76203 -7.10947 0.661809 -1.79844 -7.11174 0.593594 -1.73563 -7.0897 -0.0980971 -1.60823 -7.11051 -0.320642 -1.57051 -7.10854 0.0571717 -1.65035 -7.10984 0.214754 -1.7078 -7.10482 0.475637 -1.48376 -7.11057 0.420743 -1.37317 -7.10783 0.364359 -1.20088 -7.10901 0.326905 -1.01508 -7.1076 0.463556 -1.85077 -7.0951 0.436245 -1.78458 -7.08976 0.312946 -0.860391 -7.10455 0.323659 -0.657529 -7.1078 0.588675 -1.78541 -7.08949 0.647526 -1.74511 -7.10817 0.373531 -0.41767 -7.10663 -0.229954 -1.56051 -7.02613 0.0040481 -1.6177 -7.0657 0.386 -1.79093 -7.05045 0.518709 -1.80486 -7.06951 0.553369 -1.65293 -7.07932 0.274393 -1.76292 -7.01867 0.575184 -1.75053 -7.03585 0.354475 -1.23588 -7.02012 0.312159 -1.01678 -7.01947 0.510593 -1.79483 -7.00662 0.450861 -1.42937 -7.04993 0.550939 -1.60186 -7.01612 0.506165 -1.73487 -7.05281 0.460348 -1.83682 -7.01915 0.611271 -1.71201 -7.01237 0.61725 -1.67834 -6.99028 0.329649 -0.50866 -7.02353 0.298211 -0.724778 -7.01938 0.211975 -1.68487 -7.02237 -0.0090324 -1.6055 -7.01926 0.301551 -0.880956 -6.99203 0.394823 -1.34121 -6.98465 0.309576 -0.649125 -6.97317 0.375933 -0.35341 -6.98198 -0.181274 -1.56744 -6.97689 0.228196 -1.69543 -6.98783 0.297638 -0.921453 -6.94309 0.535061 -1.89704 -6.93642 0.289007 -1.721 -6.9195 0.607224 -1.80555 -6.95733 -0.385336 -1.55051 -6.94436 -0.0156004 -1.60698 -6.98155 0.339848 -1.15318 -6.98333 0.449112 -1.90113 -6.86861 0.540956 -1.60013 -6.89413 0.454459 -1.50832 -6.92613 -0.11834 -1.56572 -6.92383 0.118026 -1.62849 -6.9054 0.333557 -1.18213 -6.9244 0.302897 -1.02378 -6.92424 0.365475 -1.7944 -6.88106 0.589814 -1.84913 -6.86788 0.386144 -1.36171 -6.92713 0.666406 -1.76147 -6.90906 0.339764 -0.441905 -6.91938 0.380825 -0.280864 -6.91114 0.292601 -0.838989 -6.91963 0.298586 -0.649602 -6.91839 -0.272637 -1.54474 -6.91286 -0.0442415 -1.58674 -6.92369 0.289151 -0.735428 -6.89937 0.315954 -0.409941 -6.89794 0.290872 -0.963451 -6.89145 0.400306 -1.51775 -6.89115 0.364241 -1.36006 -6.91051 0.643816 -1.6798 -6.8462 0.259276 -0.63018 -6.88373 0.281937 -0.564337 -6.89001 -0.482563 -1.5273 -6.88877 -0.424814 -1.51884 -6.85963 0.263465 -1.65608 -6.88941 -0.218658 -1.51885 -6.89082 -0.111237 -1.54601 -6.90053 0.584824 -1.91233 -6.83094 -0.0252432 -1.54634 -6.89235 0.298662 -1.13184 -6.90419 0.27461 -1.02786 -6.89343 0.258961 -0.889884 -6.88627 0.264671 -0.850205 -6.84591 0.252177 -0.799036 -6.87701 0.275243 -0.495835 -6.85881 -0.372252 -1.52539 -6.89395 0.335106 -1.70335 -6.82951 0.290165 -1.19602 -6.87078 0.275237 -1.10095 -6.86972 0.435559 -1.56236 -6.83651 0.361163 -1.32654 -6.86535 0.395841 -1.43521 -6.83727 0.374388 -0.298695 -6.87145 -0.133839 -1.51988 -6.85837 0.01671 -1.59165 -6.85892 0.267094 -0.754915 -6.85701 0.32025 -0.458074 -6.80628 -0.313005 -1.52091 -6.79159 -0.225701 -1.5253 -6.81849 -0.201996 -1.51042 -6.81776 0.21992 -1.67865 -6.8302 0.276455 -1.05339 -6.82534 0.27608 -0.947209 -6.79006 0.271353 -0.653043 -6.81496 0.263034 -0.570951 -6.78693 0.0883548 -1.60703 -6.80166 0.487829 -1.57383 -6.7967 0.536952 -1.97872 -6.74549 0.69244 -1.85437 -6.77212 -0.528445 -1.5247 -6.80065 -0.117667 -1.54939 -6.80188 0.308437 -1.14179 -6.78947 0.70699 -1.77509 -6.77837 0.265784 -0.718044 -6.79686 0.319107 -0.395478 -6.78115 -0.173227 -1.51603 -6.74754 0.159387 -1.63455 -6.78995 0.283811 -1.10451 -6.7772 0.309072 -1.71465 -6.74152 0.427336 -1.51788 -6.76731 0.0004318 -1.57437 -6.75092 0.329272 -1.27147 -6.71373 0.36517 -0.302069 -6.78035 0.429613 -0.160692 -6.7489 0.254047 -0.621066 -6.72861 0.333424 -0.373121 -6.71532 -0.202142 -1.52573 -6.76859 -0.122339 -1.52578 -6.74101 0.372315 -1.4004 -6.75796 0.302369 -0.52859 -6.69224 0.408213 -1.89144 -6.69476 -0.0902786 -1.55351 -6.71819 0.219106 -1.62756 -6.75317 0.569269 -1.63431 -6.70089 0.35639 -1.45138 -6.76956 0.0368046 -1.58245 -6.7012 0.625661 -1.96522 -6.7031 0.340893 -1.75061 -6.6118 0.277418 -1.1518 -6.71094 0.264638 -0.721036 -6.73371 0.280064 -0.563882 -6.67964 0.6631 -1.70131 -6.73109 -0.34797 -1.5219 -6.62574 0.315117 -1.17478 -6.69886 0.288565 -1.08566 -6.68311 0.257822 -1.05958 -6.73335 0.388451 -1.46619 -6.71074 0.31007 -0.468495 -6.70473 0.278259 -1.65631 -6.71273 0.273822 -1.68068 -6.68234 0.175728 -1.63866 -6.71685 0.276708 -0.970481 -6.68769 0.268622 -0.665918 -6.69861 -0.480575 -1.52496 -6.62222 -0.181944 -1.52807 -6.6826 0.734668 -1.84407 -6.6363 0.351747 -1.37602 -6.64242 0.342771 -0.343343 -6.66103 0.301935 -0.406517 -6.6611 -0.0099705 -1.53956 -6.69043 0.476857 -1.55918 -6.6147 -0.218401 -1.50974 -6.64371 -0.104447 -1.55815 -6.63092 -0.14102 -1.51895 -6.63365 0.185888 -1.62755 -6.62951 0.301587 -1.27916 -6.67396 0.244074 -0.65406 -6.6309 0.283519 -0.498587 -6.60255 -0.052973 -1.53703 -6.60477 0.267922 -0.852189 -6.62106 0.49811 -1.97542 -6.58341 0.255727 -0.690833 -6.66142 0.07324 -1.57106 -6.61356 0.257394 -1.04298 -6.6518 0.640339 -1.95256 -6.57894 0.277148 -0.746553 -6.60746 0.311273 -0.56057 -6.57985 0.309202 -0.389173 -6.59797 0.696114 -1.72991 -6.58532 0.321353 -1.27147 -6.57915 0.296332 -1.2033 -6.60937 0.312839 -1.14411 -6.60245 0.276958 -1.06539 -6.58339 0.28365 -0.988718 -6.60983 0.265358 -0.585549 -6.61983 0.434976 -1.91306 -6.57309 0.627739 -1.66292 -6.57868 -0.280022 -1.5436 -6.56628 -0.217533 -1.54263 -6.52943 0.412576 -1.44129 -6.52974 0.59281 -1.64029 -6.53969 0.273869 -0.708692 -6.60587 0.289464 -0.914248 -6.54782 0.196413 -1.67428 -6.5157 0.284905 -0.656705 -6.54073 0.024035 -1.5913 -6.53097 0.373164 -1.8281 -6.53495 0.290448 -0.735386 -6.54497 0.277329 -0.761495 -6.54271 -0.152436 -1.56835 -6.55055 0.0085914 -1.56075 -6.5634 0.333536 -1.04322 -6.45493 0.30687 -1.01528 -6.51921 0.426977 -1.84979 -6.53019 0.689526 -1.78585 -6.48791 -0.478892 -1.55277 -6.53234 0.528004 -1.52062 -6.45226 0.534302 -1.96451 -6.50095 0.596596 -1.6994 -6.5312 0.312243 -0.595062 -6.45698 0.331941 -0.432213 -6.51916 -0.396704 -1.56218 -6.46068 0.317695 -1.12097 -6.46665 0.682507 -1.88777 -6.49205 0.609913 -1.7088 -6.46203 -0.208872 -1.57221 -6.4586 -0.141732 -1.55191 -6.47459 0.59975 -1.95446 -6.47602 0.637104 -1.63585 -6.4755 0.367961 -1.87775 -6.46107 0.311175 -0.864575 -6.46007 -0.328664 -1.58548 -6.418 0.132106 -1.70374 -6.44616 0.426436 -1.85023 -6.44323 -0.0989605 -1.60962 -6.44828 0.453964 -1.40218 -6.4538 0.365442 -1.18816 -6.46206 0.301644 -1.82441 -6.46072 0.453858 -1.89898 -6.40242 0.714172 -1.81781 -6.37655 -0.157873 -1.58068 -6.43381 0.663018 -1.95666 -6.41487 0.434048 -1.76739 -6.43588 0.371147 -1.82496 -6.43669 0.255292 -1.76491 -6.42459 0.156891 -1.70962 -6.42287 0.532223 -1.96884 -6.3691 0.632501 -1.73323 -6.37568 0.540989 -1.69254 -6.44138 0.541172 -1.57211 -6.42612 0.436833 -1.39262 -6.37825 0.370826 -1.19654 -6.37806 -0.002971 -1.64109 -6.38462 0.372738 -1.81084 -6.37994 0.356124 -1.12342 -6.40888 -0.282424 -1.58279 -6.3788 0.328429 -0.821796 -6.40368 0.560017 -1.63435 -6.37831 0.492259 -1.51221 -6.37678 0.687493 -1.86632 -6.33502 0.469383 -1.73498 -6.38768 0.485328 -1.71014 -6.42058 0.258013 -1.74838 -6.37804 0.318486 -0.902394 -6.3702 0.141371 -1.65251 -6.3479 0.604514 -1.95916 -6.34445 0.508325 -1.87098 -6.3236 0.582254 -1.76977 -6.31827 -0.0783801 -1.57536 -6.34374 0.501073 -1.62231 -6.34869 0.479584 -1.58724 -6.34772 0.362273 -1.75212 -6.35044 0.279036 -0.970494 -6.34519 0.323189 -1.23858 -6.34107 0.384602 -1.39275 -6.34834 0.288696 -0.680064 -6.34385 0.355659 -1.72414 -6.29164 0.127912 -1.58321 -6.23793 0.251377 -1.04865 -6.26209 0.386083 -1.48774 -6.2622 0.423342 -1.6133 -6.23513 -0.0655242 -1.52343 -6.22522 0.339557 -1.67706 -6.21032 0.296759 -1.27546 -6.25128 0.357054 -1.46935 -6.20872 0.361857 0.137428 -6.9587 0.469253 0.254866 -6.81107 0.397424 0.173402 -6.84816 0.337859 0.0901267 -6.84728 0.28167 0.0154544 -6.77068 0.399751 0.173291 -6.64025 0.376857 -0.183501 -6.73566 0.371613 -0.25404 -6.71266 0.384797 -0.228911 -6.63803 0.485747 -0.0974671 -6.6456 0.473486 0.259724 -6.57157 0.566133 0.300274 -6.66172 0.726972 0.156036 -6.62663 0.612101 0.283102 -6.64461 0.614086 -0.020627 -6.5643 0.355771 -0.304039 -6.58869 0.510016 -0.0947903 -6.58347 0.547967 0.285709 -6.53187 0.688323 0.230651 -6.54956 0.432247 -0.214019 -6.51219 0.709418 0.10217 -6.5096 0.490827 0.256827 -6.53537 0.578277 -0.059295 -6.51283 0.568675 -0.0059661 -6.51467 0.646691 0.245318 -6.47106 0.660684 0.0217581 -6.48867 0.700487 0.157893 -6.48263 0.564431 -0.130375 -6.45299 0.446723 -0.29322 -6.44385 0.619819 -0.0508495 -6.48385 0.585219 0.0100684 -6.43258 0.566537 0.286187 -6.4361 0.514088 -0.204294 -6.44054 0.46558 0.222982 -6.39579 0.606444 -0.0772956 -6.43716 0.716271 0.102058 -6.39672 0.698585 0.248066 -6.42695 0.561005 -0.0896286 -6.4219 0.709535 0.150414 -6.32238 0.4965 -0.181728 -6.41512 0.636641 0.0417548 -6.35028 0.626604 0.25595 -6.38886 0.579782 0.271613 -6.33548 0.547876 0.0435176 -6.33955 0.656155 0.254968 -6.34554 -0.365045 -1.54079 -6.34384 -0.250084 -1.49442 -6.22907 0.32636 -0.671565 -6.43506 0.351784 -0.532053 -6.43888 0.337113 -0.665817 -6.37771 0.372301 -0.50029 -6.37727 -2.32003 -1.21613 -8.63339 -2.32639 -1.097 -8.63304 -2.33401 -1.20341 -8.7475 -2.34191 -1.04159 -8.74751 -2.33054 -0.913422 -8.63305 -2.34541 -0.702989 -8.74751 -2.30235 -1.48432 -8.74752 -2.26749 -1.63547 -8.74751 -2.27709 -1.55758 -8.63037 -2.30432 -1.3856 -8.63275 -2.32471 -1.31688 -8.7475 -2.31392 -0.914593 -8.57496 -2.2634 -1.56237 -8.58388 -2.27776 -1.38628 -8.54651 -2.30857 -1.1517 -8.57757 -2.28353 -0.597833 -8.51565 -2.28286 -1.15476 -8.51833 -2.28745 -0.956084 -8.51621 -2.24585 -0.531055 -8.4636 -2.25335 -1.00082 -8.46433 -2.24024 -1.22427 -8.46175 -2.20213 -1.44915 -8.45247 -2.19273 -1.15056 -8.41555 -2.20409 -0.872023 -8.42389 -2.18223 -0.583231 -8.4089 -2.21398 -0.568337 -8.43158 -2.13635 -1.30732 -8.40519 -2.12695 -1.01451 -8.39564 -1.95627 -0.959494 -8.38826 -2.11673 -0.693847 -8.38406 -1.6848 -1.09988 -8.38165 -1.74675 -1.00148 -8.37941 -1.80162 -0.868701 -8.37728 -1.72206 -0.87644 -8.37382 -2.13174 -0.409615 -8.37848 -1.83301 -0.326396 -8.36875 -1.63151 -0.48478 -8.36293 -1.67845 -0.301764 -8.36579 -1.60456 -0.446646 -8.35637 -1.61052 -0.354043 -8.35983 -2.01414 -0.307835 -8.37501 -1.65815 -0.163929 -8.36549 -1.69964 -0.653791 -8.36995 -1.66388 -0.818845 -8.36532 -1.63786 -0.72882 -8.36012 -1.59016 -0.688665 -8.32688 -1.56084 -0.437196 -8.3256 -1.66503 -0.276581 -8.31839 -1.75054 -0.98502 -8.29384 -1.65895 -0.859175 -8.31675 -1.60601 -0.734682 -8.29969 -1.60718 -0.653119 -8.33042 -1.59977 -0.579824 -8.35949 -1.64611 -0.763125 -8.30785 -1.5964 -0.480722 -8.31722 -1.57089 -0.290687 -8.32831 -1.63764 -0.218869 -8.27343 -1.71266 -0.870003 -8.27865 -1.56353 -0.627313 -8.28216 -1.56094 -0.545232 -8.3125 -1.61437 -0.238937 -8.25354 -1.5605 -0.401838 -8.26119 -1.56027 -0.281182 -8.25168 -1.65638 -0.820419 -8.24237 -1.61226 -0.768845 -8.27968 -1.5604 -0.748618 -8.259 -1.57705 -0.229519 -8.2817 -1.56516 -0.809127 -8.28222 -1.78707 -0.909487 -8.25129 -1.5589 -0.606342 -8.25364 -1.60877 -0.1291 -8.20756 -1.61176 -0.693169 -8.20654 -1.61056 -0.394967 -8.20405 -1.69697 -0.868372 -8.20235 -1.61788 -0.808579 -8.22839 -1.69456 -0.213843 -8.17996 -1.73534 -0.92103 -8.1514 -1.6259 -0.442082 -8.15516 -1.62059 -0.126801 -8.14749 -1.68083 -0.859801 -8.13529 -1.63022 -0.828117 -8.17402 -1.63485 -0.736789 -8.13842 -1.74628 -0.184027 -8.11939 -1.6905 -0.379692 -8.13372 -1.69068 -0.456357 -8.07366 -1.70613 -0.78155 -8.07388 -1.72608 -0.268444 -8.08136 -1.77985 -0.219184 -8.08267 -1.76536 -0.0995039 -8.04144 -1.69137 -0.373303 -8.08414 -1.68175 -0.685853 -8.0742 -1.83562 -0.1748 -8.03206 -1.74399 0.10017 -8.02357 -1.78372 -0.29395 -8.01048 -1.77453 -0.621476 -7.99899 -1.7979 -0.219953 -8.01575 -1.8032 -0.104997 -7.98864 -1.80527 0.141622 -7.94044 -1.86058 -0.138672 -7.99419 -1.8154 -0.351167 -7.91838 -1.79148 -0.0731797 -7.96717 -1.86396 -0.287219 -7.92281 -1.82077 -0.240366 -7.92082 -1.81996 -0.152119 -7.95345 -1.85377 -0.144723 -7.93377 -1.81528 -0.121462 -7.89394 -1.81446 0.33051 -7.86449 -1.85206 -0.191457 -7.86035 -1.81678 -0.590347 -7.89091 -1.81119 -0.27407 -7.84288 -1.80781 0.100191 -7.82816 -1.83678 -0.147621 -7.82877 -1.80757 -0.0997699 -7.81175 -1.80263 -0.568645 -7.81301 -1.80025 -0.201699 -7.76679 -1.75286 -0.275776 -7.74547 -1.79046 -0.130716 -7.76354 -1.75064 0.150663 -7.74775 -1.75021 -0.582868 -7.74971 -1.83208 -0.14711 -7.71307 -1.72053 -0.163638 -7.73492 -1.71217 0.44565 -7.73333 -1.66688 -0.564531 -7.72749 -1.73724 -0.20337 -7.6808 -1.72273 -0.177205 -7.70844 -1.66669 -0.185699 -7.72615 -1.65742 -0.0211882 -7.72147 -1.65704 -0.578322 -7.70931 -1.65852 -0.89783 -7.71086 -1.65802 -0.203152 -7.70925 -1.65668 -0.433196 -7.55761 -1.65813 -0.188723 -7.59574 -1.65689 -0.108194 -7.49982 -1.72163 -0.178094 -7.60789 -1.71373 -0.147769 -7.50484 -1.6562 -0.156761 -7.43383 -2.2477 -1.67389 -8.62881 -2.02684 -2.0568 -8.62492 -2.10046 -1.96577 -8.62925 -2.07531 -2.01665 -8.7475 -2.16204 -1.88711 -8.7475 -2.15891 -1.88197 -8.64055 -2.22114 -1.77079 -8.7475 -2.20626 -1.78214 -8.61386 -1.94235 -2.11228 -8.56342 -2.22791 -1.67736 -8.56137 -2.11101 -1.92341 -8.56634 -2.22406 -1.59006 -8.50711 -2.02417 -1.98993 -8.49821 -2.16779 -1.75724 -8.4747 -2.09638 -1.8931 -8.49541 -1.8879 -2.0702 -8.46155 -1.95211 -2.00974 -8.42651 -2.17129 -1.70148 -8.45857 -2.00686 -1.93081 -8.42146 -2.12163 -1.73458 -8.41987 -2.12937 -1.55097 -8.41576 -2.0557 -1.83217 -8.41849 -1.87815 -1.99429 -8.41688 -1.77266 -1.98191 -8.40537 -1.88978 -1.64829 -8.40705 -1.7662 -2.05421 -8.39177 -1.78538 -1.88488 -8.40697 -1.76437 -1.73275 -8.40294 -1.63722 -2.10779 -8.41353 -1.54545 -2.13563 -8.40899 -1.95413 -1.33077 -8.40032 -1.70823 -2.03993 -8.37197 -1.77293 -1.90331 -8.37454 -1.54601 -2.07798 -8.38235 -1.68537 -1.83109 -8.39428 -1.64143 -1.5808 -8.38647 -1.61854 -1.69768 -8.37884 -1.69169 -1.47362 -8.39285 -1.64693 -1.31586 -8.38843 -1.60792 -1.50936 -8.37636 -1.62456 -1.408 -8.36092 -1.48883 -2.20895 -8.36012 -1.76683 -1.98973 -8.3457 -1.70238 -1.92067 -8.39569 -1.69355 -1.74637 -8.36391 -1.60803 -1.17621 -8.38387 -1.60425 -1.25647 -8.35891 -1.56372 -2.13514 -8.3022 -1.64277 -2.10122 -8.34129 -1.69341 -1.9971 -8.35468 -1.6191 -1.934 -8.33144 -1.71404 -1.7704 -8.33582 -1.62805 -1.73428 -8.32798 -1.60757 -1.11923 -8.37525 -1.61975 -1.56281 -8.32654 -1.56977 -1.51799 -8.34619 -1.58236 -1.37803 -8.32392 -1.56628 -1.28933 -8.33276 -1.73598 -1.04011 -8.30811 -1.71001 -1.0894 -8.33792 -1.56892 -1.09857 -8.34444 -1.78203 -2.02617 -8.35626 -1.83344 -1.95929 -8.30466 -1.65658 -1.82442 -8.33011 -1.5766 -1.66312 -8.31033 -1.64896 -1.0695 -8.31903 -1.54922 -2.21381 -8.27673 -1.76419 -2.02677 -8.33782 -1.61873 -1.99378 -8.30174 -1.61695 -2.14412 -8.3014 -1.68044 -2.01123 -8.29852 -1.77049 -2.06837 -8.28972 -1.73703 -0.99738 -8.22263 -1.56664 -1.5334 -8.26369 -1.56496 -1.37442 -8.24442 -1.60673 -1.06473 -8.25256 -1.56419 -2.01011 -8.32639 -1.57189 -1.96607 -8.26737 -1.63571 -1.84323 -8.26442 -1.64243 -1.74585 -8.27734 -1.61783 -1.80004 -8.28712 -1.56586 -1.09583 -8.25995 -1.66691 -1.05953 -8.24646 -1.57883 -2.08634 -8.29257 -1.64096 -2.05877 -8.2905 -1.69724 -2.07241 -8.26979 -1.67838 -1.75598 -8.25795 -1.75334 -2.03296 -8.24241 -1.73508 -2.00208 -8.26073 -1.6111 -1.87441 -8.21581 -1.64367 -1.68877 -8.25391 -1.60639 -1.71503 -8.24032 -1.55595 -2.26076 -8.20818 -1.52473 -2.17905 -8.22954 -1.61866 -2.03612 -8.23278 -1.61193 -1.99366 -8.21007 -1.60752 -1.64211 -8.21111 -1.59737 -2.11327 -8.18297 -1.61298 -1.37316 -8.19715 -1.62361 -1.75252 -8.19326 -1.61941 -1.09472 -8.17775 -1.69143 -1.05612 -8.19583 -1.51266 -2.19185 -8.17029 -1.62687 -1.32423 -8.1553 -1.84161 -1.02646 -8.1552 -1.51224 -2.28539 -8.15129 -1.62904 -1.78646 -8.14946 -1.63784 -1.55108 -8.14165 -1.68001 -1.92132 -8.08091 -1.7579 -1.09215 -8.09041 -1.81955 -0.960586 -8.0878 -1.55535 -2.21542 -8.07006 -1.67289 -2.11597 -8.09767 -1.68044 -1.6003 -8.07647 -1.68226 -1.2483 -8.08262 -1.72682 -1.12242 -8.11117 -1.53752 -2.25005 -8.0918 -1.68538 -1.46472 -8.07925 -1.56521 -2.3175 -8.07602 -1.72763 -0.962699 -8.06736 -1.81165 -1.01281 -8.04811 -1.70799 -1.7968 -8.06293 -1.80086 -0.981827 -8.02765 -1.72198 -0.907312 -8.05301 -1.74336 -2.16152 -8.0552 -1.8062 -1.16324 -8.01117 -1.73683 -2.24592 -8.00927 -1.77414 -2.02172 -8.00276 -1.75727 -1.62041 -8.01446 -1.79802 -1.84111 -7.97309 -1.78698 -1.30189 -7.98623 -1.80249 -1.05873 -7.99011 -1.77845 -1.20289 -8.00261 -1.80558 -1.10875 -8.01226 -1.61551 -2.23595 -7.99585 -1.57257 -2.28986 -7.97068 -1.80766 -0.879575 -7.94294 -1.81547 -2.24133 -7.93136 -1.8131 -1.65757 -7.9431 -1.62599 -2.23179 -7.95867 -1.82097 -1.1638 -7.90465 -1.81779 -0.986956 -7.93889 -1.86736 -1.095 -7.91627 -1.822 -1.49702 -7.87956 -1.82025 -1.9061 -7.87617 -1.83045 -1.0242 -7.88296 -1.581 -2.22177 -7.80918 -1.58497 -2.29166 -7.82898 -1.8763 -1.09447 -7.84199 -1.82194 -0.933138 -7.85784 -1.81537 -2.23591 -7.83642 -1.81209 -1.7518 -7.83058 -1.86163 -1.139 -7.8573 -1.81814 -1.1773 -7.84184 -1.81571 -1.06165 -7.83483 -1.8206 -0.992934 -7.79866 -1.79451 -0.93648 -7.79157 -1.78961 -1.94553 -7.78813 -1.78794 -1.06454 -7.77682 -1.84723 -1.03327 -7.75683 -1.77795 -1.6705 -7.77122 -1.77361 -1.2606 -7.76641 -1.77213 -2.19503 -7.76553 -1.85351 -1.06809 -7.71347 -1.77577 -1.00367 -7.76509 -1.49442 -2.14332 -7.7411 -1.72265 -1.86622 -7.7387 -1.72658 -1.52209 -7.73842 -1.82807 -0.969154 -7.74027 -1.72156 -1.10403 -7.73575 -1.73007 -0.803427 -7.74157 -1.72885 -2.14379 -7.73909 -1.4536 -2.30754 -7.73536 -1.84162 -1.0344 -7.69873 -0.831795 -2.07298 -7.73306 -1.4534 -2.08375 -7.7357 -1.40976 -2.07024 -7.7235 -1.10065 -2.06742 -7.72285 -1.66555 -2.03921 -7.73003 -1.65413 -2.06761 -7.7271 -1.66305 -1.67794 -7.72901 -1.66897 -1.49013 -7.72915 -1.66549 -1.19754 -7.72804 -1.66628 -0.868415 -7.72846 -1.65469 -1.80904 -7.71363 -1.65597 -1.51729 -7.70946 -1.65611 -1.2677 -7.71033 -1.6569 -0.554483 -7.57426 -1.65596 -1.55353 -7.56744 -1.65448 -1.8534 -7.58011 -1.65678 -1.02033 -7.57689 -1.65327 -2.0686 -7.59082 -1.0809 -2.06885 -7.54935 -0.667274 -2.0709 -7.58887 -1.65655 -1.30685 -7.48614 -1.65645 -0.743279 -7.44781 -1.37521 -2.06909 -7.40708 -1.65504 -1.57143 -7.41196 -1.14198 -2.06955 -7.42016 -1.65543 -1.21323 -7.4182 -1.65326 -2.07019 -7.41614 -1.65347 -1.81467 -7.41565 -1.65431 -0.45731 -7.40798 -0.84455 -2.06769 -7.41766 -1.65321 -0.601436 -7.41222 -0.613804 -2.06842 -7.40894 -1.65521 -0.945267 -7.41485 -1.63901 -2.05049 -7.40167 -1.64397 -1.47597 -7.40204 -1.64437 -0.766119 -7.40246 -1.41162 -2.01534 -7.40496 -1.59703 -1.82607 -7.4023 -1.58304 -1.81949 -7.39467 -1.43877 -1.96819 -7.39114 -1.63104 -1.69878 -7.40011 -1.52636 -1.71317 -7.40118 -1.51069 -1.49444 -7.40204 -1.38777 -2.01851 -7.4029 -1.16809 -2.05128 -7.40777 -1.24708 -1.91689 -7.40728 -1.28146 -1.92128 -7.39725 -0.910029 -1.9404 -7.4064 -1.03141 -1.78748 -7.40623 -1.15116 -1.82587 -7.40631 -1.02166 -1.76108 -7.39266 -0.783678 -2.05083 -7.40485 -1.43283 -1.61176 -7.40002 -0.584296 -1.89966 -7.40835 -1.63138 -1.10102 -7.39998 -0.792335 -1.68274 -7.40505 -1.45241 -1.07682 -7.4012 -0.865169 -1.69734 -7.39883 -1.38543 -1.53651 -7.39961 -1.37683 -1.30335 -7.40231 -1.32319 -1.41651 -7.39608 -1.25651 -1.24086 -7.38982 -1.21976 -1.06418 -7.39893 -1.22094 -0.923237 -7.39947 -1.35254 -0.754005 -7.39882 -1.63443 -0.557096 -7.39747 -1.58257 -1.80044 -7.38108 -1.5071 -1.71572 -7.38728 -0.697356 -1.64947 -7.39485 -1.24545 -0.577814 -7.39994 -1.19897 -0.864112 -7.38643 -1.19976 -0.778804 -7.3885 -1.31749 -0.385818 -7.39816 -1.45456 -1.63986 -7.12579 -1.3893 -2.00583 -7.12044 -1.28026 -1.31443 -7.22532 -1.21973 -1.08412 -7.12126 -1.58354 -1.81553 -7.25 -0.918398 -1.71509 -7.12223 -1.37197 -1.51317 -7.12172 -1.07685 -1.78719 -7.12314 -1.19475 -0.873792 -7.11709 -1.31341 -1.94343 -7.12591 -1.58339 -1.79623 -7.12781 -1.49541 -1.69776 -7.12036 -1.24568 -1.89031 -7.12069 -0.850048 -1.6926 -7.12559 -0.679618 -1.64693 -7.12735 -1.57493 -1.81941 -7.11971 -1.30384 -1.37067 -7.12193 -1.25023 -1.22467 -7.11958 -1.52878 -1.78021 -7.10717 -1.43506 -1.69066 -7.10944 -1.07556 -1.73683 -7.11147 -1.45396 -1.88832 -7.11284 -1.42864 -1.75284 -7.09189 -1.38894 -1.88034 -7.11598 -1.35889 -1.86981 -7.08378 -1.31722 -1.86506 -7.085 -1.35067 -1.8105 -7.06869 -1.39302 -1.65652 -7.11135 -1.30137 -1.50477 -7.09743 -1.28585 -1.45943 -7.10702 -1.26909 -1.79083 -7.10605 -1.20141 -1.22644 -7.10748 -1.1962 -1.7904 -7.09911 -1.01287 -1.69948 -7.10806 -0.834507 -1.63152 -7.09964 -0.653902 -1.59464 -7.1088 -1.14478 -0.907978 -7.10228 -0.797872 -1.6026 -7.02559 -1.16711 -1.18215 -7.0188 -1.40094 -1.74152 -7.02491 -1.36337 -1.70034 -7.07692 -1.35114 -1.61621 -7.05611 -1.22075 -1.36473 -7.01827 -1.28682 -1.84199 -7.04521 -1.07163 -1.75597 -7.04131 -1.03976 -1.68633 -7.02036 -1.32488 -1.85199 -7.01246 -1.33843 -1.53542 -7.00917 -1.26061 -1.4637 -6.99571 -1.3529 -1.78497 -7.01542 -1.2096 -1.82344 -6.92354 -1.45521 -1.70343 -6.93199 -1.37736 -1.64298 -6.92689 -1.21464 -1.3517 -6.95316 -0.730211 -1.58987 -6.97983 -0.855383 -1.62032 -6.98065 -1.39268 -1.82159 -6.94765 -1.25275 -1.90796 -6.8981 -1.09427 -1.70358 -6.92987 -1.38397 -1.87651 -6.94738 -1.16101 -1.19305 -6.9195 -1.32404 -1.93672 -6.89361 -1.47711 -1.77279 -6.92446 -0.963296 -1.63681 -6.90902 -1.28258 -1.54456 -6.92249 -0.727372 -1.5767 -6.92447 -1.484 -1.74118 -6.87377 -1.1684 -1.7487 -6.83823 -1.31752 -1.6037 -6.83854 -0.694583 -1.53714 -6.90265 -0.79992 -1.54744 -6.89266 -0.559607 -1.5246 -6.89154 -1.4291 -1.88795 -6.82123 -1.14701 -1.68297 -6.86163 -1.21125 -1.39496 -6.89491 -1.24641 -1.55855 -6.87982 -1.49951 -1.75584 -6.84276 -0.638434 -1.51894 -6.82234 -0.714236 -1.55244 -6.81994 -0.883715 -1.60245 -6.85292 -0.680255 -1.52134 -6.79961 -1.12991 -1.71745 -6.77252 -1.42659 -1.94711 -6.77569 -1.43976 -1.67706 -6.81707 -0.981836 -1.63912 -6.81668 -1.37876 -1.65457 -6.78541 -1.28419 -1.56608 -6.79185 -1.51932 -1.85223 -6.77104 -1.24127 -1.90878 -6.75491 -0.812236 -1.57173 -6.74653 -0.725801 -1.52373 -6.76064 -1.47302 -1.70254 -6.72115 -1.20555 -1.79908 -6.7552 -1.21488 -1.39539 -6.81484 -1.3907 -1.98153 -6.66656 -1.29805 -1.95901 -6.6871 -0.751084 -1.55538 -6.74136 -1.18559 -1.34063 -6.74374 -1.20876 -1.5046 -6.74452 -0.891006 -1.5925 -6.70666 -1.08155 -1.63367 -6.72428 -1.27368 -1.55252 -6.73263 -1.49852 -1.92205 -6.68823 -1.52917 -1.79726 -6.58049 -0.682029 -1.54069 -6.66886 -1.29847 -1.59803 -6.62127 -1.0052 -1.63657 -6.72101 -1.26151 -1.9336 -6.59484 -1.21304 -1.84652 -6.67708 -0.856799 -1.55316 -6.68237 -1.0665 -1.67129 -6.66988 -1.53433 -1.88404 -6.61518 -1.12692 -1.73003 -6.62011 -0.971658 -1.61978 -6.60876 -0.770623 -1.54108 -6.61808 -1.49083 -1.72451 -6.55057 -0.904915 -1.5751 -6.61193 -1.46795 -1.95289 -6.58511 -0.724518 -1.54473 -6.56875 -1.37779 -1.64185 -6.54805 -0.658538 -1.51892 -6.60233 -0.669772 -1.57055 -6.54443 -1.36757 -1.96922 -6.54348 -1.20678 -1.85877 -6.54553 -1.4203 -1.96156 -6.4971 -0.877822 -1.60236 -6.53633 -0.758809 -1.56864 -6.51283 -1.04161 -1.70544 -6.50157 -1.28704 -1.92258 -6.53369 -1.25137 -1.83502 -6.4976 -1.46398 -1.93573 -6.47064 -1.51664 -1.85435 -6.47553 -1.50278 -1.75885 -6.47664 -1.11284 -1.81078 -6.44953 -0.758244 -1.62115 -6.43657 -0.671792 -1.55598 -6.45802 -1.32249 -1.94953 -6.42852 -1.21497 -1.87663 -6.46016 -1.1801 -1.89387 -6.48049 -1.25422 -1.83078 -6.43312 -1.00871 -1.72632 -6.45073 -1.52342 -1.78717 -6.41081 -1.51768 -1.92982 -6.42405 -1.37743 -1.97878 -6.38309 -1.12436 -1.77971 -6.42021 -1.51622 -1.85622 -6.34274 -1.42054 -1.95794 -6.33467 -1.48335 -1.83069 -6.32088 -0.270107 -2.08396 -7.73672 -0.443767 -2.07242 -7.7228 -0.312763 -2.07251 -7.63524 -0.383127 -2.06909 -7.40937 -0.481124 -1.62428 -7.40639 -0.443656 -1.62173 -7.30075 -0.577187 -1.61735 -7.11526 -0.518491 -1.55544 -7.0251 -0.529258 -1.55125 -6.92234 -0.594822 -1.52551 -6.70769 -0.607335 -1.50503 -6.63049 -0.593799 -1.55431 -6.524 -0.894239 0.547111 -7.84487 -0.401314 0.543623 -7.83771 -0.844728 0.523126 -7.79259 -1.27082 0.497846 -7.76091 -0.787232 0.469046 -7.74609 -1.39203 0.449175 -7.7346 -1.6574 0.272493 -7.72107 -1.65465 0.400477 -7.72469 -1.18261 0.400907 -7.72773 -0.793064 0.397521 -7.72803 -0.572375 0.390929 -7.72593 -1.65512 0.387281 -7.70735 -1.45357 0.388466 -7.71117 -1.17676 0.388701 -7.70925 -0.729652 0.38881 -7.71137 -1.65702 0.171562 -7.58191 -0.916379 0.391205 -7.57207 -1.65542 0.389772 -7.57637 -1.19326 0.391155 -7.55464 -0.799803 0.391537 -7.48027 -1.65619 0.382548 -7.39552 -1.62877 0.394059 -7.41675 -1.6545 -0.0519287 -7.40674 -1.24251 0.393508 -7.41737 -0.938384 0.387823 -7.39565 -1.64887 0.22573 -7.39358 -0.663383 0.390731 -7.3999 -1.5169 0.382345 -7.39403 -1.23521 0.379702 -7.39585 -1.6324 -0.151271 -7.39462 -1.51769 -0.250203 -7.39461 -1.40662 -0.110476 -7.38976 -1.48614 0.0029375 -7.39364 -1.58696 0.12061 -7.39023 -1.56068 0.161689 -7.38786 -1.47489 0.24934 -7.39203 -1.38398 0.340035 -7.393 -1.29644 0.251898 -7.39378 -1.39108 0.328101 -7.37738 -1.59272 0.128985 -7.2517 -1.42581 -0.0851119 -7.20239 -1.59242 0.127648 -7.11755 -0.361098 0.539955 -7.94945 -0.564887 0.544439 -7.93857 -0.458101 0.548973 -7.87895 -0.348654 0.512749 -7.77929 -0.371286 0.459833 -7.74212 -0.266399 0.3921 -7.72736 -0.426576 0.389821 -7.54819 -0.279775 0.391634 -7.41218 -0.137065 0.390106 -7.40059 -0.0506963 -0.0103531 -7.39877 -0.165026 0.106302 -7.4019 -0.170695 -0.0419928 -7.38839 0.0563514 0.034866 -7.40087 -0.414705 0.206971 -7.39977 0.118694 0.0450396 -7.38548 -0.0349468 -0.0093465 -7.12131 -1.22189 -0.586626 -7.38455 -1.26883 -0.401375 -7.38363 -1.30179 -0.311657 -7.39558 -1.3622 -0.1867 -7.38957 -1.20667 -0.703993 -7.25765 -1.27567 -0.385637 -7.11401 -1.22012 -0.615433 -7.11436 -1.36039 -0.193099 -7.1161 -1.17239 -0.624732 -7.10011 -1.22403 -0.390134 -7.09474 -1.15449 -0.648116 -7.05501 -1.13166 -0.903141 -6.98775 -1.13587 -0.756547 -6.99568 -1.135 -1.00315 -6.92446 -1.10689 -0.930705 -6.87157 -1.12558 -0.848226 -6.90904 -1.10105 -0.872849 -6.88095 -1.12474 -1.22263 -6.87986 -1.12532 -1.14185 -6.89821 -1.10076 -1.03722 -6.88992 -1.13042 -1.14598 -6.80333 -1.18056 -1.28615 -6.84568 -1.10237 -1.10459 -6.8235 -1.11503 -1.05042 -6.84344 -1.09987 -0.804992 -6.88969 -1.10195 -0.980709 -6.77206 -1.10508 -0.75352 -6.78061 -1.15425 -1.25733 -6.71622 -1.11346 -1.11829 -6.77278 -1.21064 -1.46325 -6.69886 -1.13525 -1.17524 -6.66332 -1.10184 -1.07915 -6.70974 -1.10039 -0.991119 -6.68915 -1.11035 -1.13234 -6.6325 -1.09785 -0.865312 -6.63719 -1.20198 -1.42772 -6.61814 -1.1678 -1.31483 -6.66542 -1.1239 -1.24296 -6.66809 -1.07952 -1.04443 -6.62647 -1.1535 -1.33324 -6.5943 -1.1364 -1.11535 -6.54045 -1.12819 -1.17514 -6.55501 -1.11989 -1.06052 -6.52708 -1.279 -1.52341 -6.5165 -1.15319 -1.22604 -6.50454 -1.41525 -1.69801 -6.51412 -1.43435 -1.64442 -6.4602 -1.33183 -1.49155 -6.44465 -1.48658 -1.75864 -6.37257 -1.24882 -1.34057 -6.44404 -1.14925 -1.14746 -6.43978 -1.38669 -1.69872 -6.45203 -1.35949 -1.60082 -6.4245 -1.3485 -1.69578 -6.45176 -1.19682 -1.82103 -6.43585 -1.28087 -1.45138 -6.41525 -1.24854 -1.7674 -6.39463 -1.21585 -1.31813 -6.37125 -1.29046 -1.88188 -6.36821 -1.3929 -1.7619 -6.33815 -1.30112 -1.73023 -6.40571 -1.30251 -1.70766 -6.42259 -1.36178 -1.63668 -6.37642 -1.28415 -1.48556 -6.37374 -1.1921 -1.81404 -6.37718 -1.01169 -1.70043 -6.37735 -1.31003 -1.82153 -6.33738 -1.18293 -1.75492 -6.33863 -1.19998 -1.40114 -6.33503 -1.11612 -1.18249 -6.31823 -1.37454 -1.88105 -6.31145 -0.593531 -0.0558328 -7.3981 -0.346728 -0.0645814 -7.39914 -0.997017 0.0578521 -7.38923 -0.999985 0.0749037 -7.39685 -1.1477 0.137171 -7.38453 -1.16143 0.163424 -7.39511 -0.873773 0.0133172 -7.39609 -0.828332 0.193146 -7.39803 -0.739194 -0.0302449 -7.39573 -1.25205 0.210728 -7.32625 -0.605996 -0.0587892 -7.2542 -0.913964 0.021772 -7.25179 0.0912031 0.0339201 -7.12138 -1.06746 0.0897255 -7.1164 -1.25363 0.213189 -7.10928 -0.23554 -0.0551283 -7.12051 -1.49045 0.0018348 -7.10916 -0.803472 -0.0156716 -7.11148 -1.39014 0.329103 -7.1163 -0.907122 0.0189987 -7.11403 -1.48372 0.235142 -7.1141 -0.675642 -0.0491181 -7.11913 -0.484987 -0.0704413 -7.1153 -0.674925 -0.0974913 -7.10203 -0.445578 -0.118746 -7.10433 -0.208346 -0.0991278 -7.10644 -1.02068 0.0076306 -7.0944 -0.905879 -0.0334813 -7.10141 -1.11841 0.0597635 -7.09912 0.0019906 -0.049542 -7.10571 0.0827624 -0.020081 -7.10798 -1.47357 0.0798393 -7.09641 -1.46316 0.116643 -7.11044 0.19172 0.0266792 -7.10627 -1.4316 0.0821367 -7.07256 -1.34388 0.187556 -7.09938 -1.30725 0.164535 -7.07494 -1.30829 -0.200469 -7.10283 -1.39505 -0.0415243 -7.10652 -1.38142 0.0183346 -7.10165 -1.27738 0.121499 -7.08093 -0.999169 -0.0238516 -7.028 -0.795338 -0.0911109 -7.04358 -1.34966 0.108959 -7.06976 -1.34195 -0.0952161 -7.06228 -1.42739 0.0467145 -7.05681 0.176802 -0.0030481 -7.04189 -1.27373 -0.218961 -6.99265 -1.33519 -0.184649 -7.02135 -0.37481 -0.138798 -7.0184 -0.0316853 -0.0820066 -7.03525 -1.39154 -0.0119468 -7.04856 -0.559089 -0.133413 -6.9911 -1.31044 0.130271 -7.02373 0.252219 0.0625018 -6.97159 -1.39865 0.0668391 -7.00985 -1.10224 0.0686062 -6.99593 -1.18455 -0.488073 -6.99805 -1.41284 -0.0448602 -6.99855 -1.25503 0.182788 -6.94403 -0.0179819 -0.0774414 -6.97436 0.247312 0.0127508 -6.92957 -1.37363 -0.0684511 -6.91868 -1.09268 0.0102062 -6.92397 -0.387355 -0.133966 -6.95947 -0.247059 -0.131248 -6.92841 -0.834965 -0.0826883 -6.97439 -1.11579 0.0438026 -6.93004 -1.34707 -0.0904796 -6.84712 -1.49434 0.0555147 -6.92375 -1.38699 0.121108 -6.9446 -0.434858 -0.154572 -6.90793 -1.17756 -0.481546 -6.91637 -1.19706 0.110847 -6.88683 -0.324691 -0.152698 -6.89701 -1.37489 0.202623 -6.9027 0.0792689 -0.0676623 -6.9096 -1.13124 -0.73262 -6.91182 -1.42095 0.135705 -6.90293 -0.833737 -0.0973898 -6.91699 -0.590685 -0.143735 -6.91604 -0.119911 -0.122648 -6.91049 -1.45933 -0.0160437 -6.85572 -1.27125 -0.185852 -6.91446 -0.590532 -0.178014 -6.88889 -0.702331 -0.148299 -6.89699 -0.526817 -0.160586 -6.87354 -0.960473 -0.0636588 -6.89113 -1.11103 -0.025801 -6.88329 -0.215065 -0.151527 -6.87561 -0.0509051 -0.134932 -6.88319 0.258642 -0.0221726 -6.88811 -1.12359 -0.583685 -6.8905 -1.13049 -0.487291 -6.87758 -1.20369 -0.338636 -6.89746 -1.41669 -0.0386474 -6.82292 -0.780122 -0.156136 -6.8889 -0.147874 -0.158637 -6.83126 -1.11388 -0.719793 -6.87833 -1.26273 -0.131035 -6.84051 -1.30804 0.226882 -6.86746 -0.356789 -0.162869 -6.79112 -0.114188 -0.121101 -6.80084 -1.51605 0.124431 -6.81565 0.050743 -0.0725046 -6.86573 0.180984 -0.0259054 -6.8263 -0.871371 -0.0960447 -6.84358 -0.640959 -0.169726 -6.83188 -1.43458 0.255904 -6.74062 -1.51903 0.0466665 -6.81451 -1.11116 -0.62484 -6.81524 -1.13427 -0.557141 -6.79762 -1.19625 -0.373511 -6.84219 -1.25231 -0.220392 -6.83763 -1.05363 -0.008278 -6.80259 -1.15214 0.0191223 -6.82791 -1.2172 0.11326 -6.78162 -0.732012 -0.137466 -6.81374 -1.51607 0.210216 -6.69211 -0.429842 -0.175989 -6.76437 0.315224 0.014735 -6.83488 -0.229839 -0.161777 -6.8083 0.0694885 -0.0719998 -6.79654 -0.678388 -0.160785 -6.77102 -0.538102 -0.166687 -6.79115 -1.54675 0.0624302 -6.74048 -1.15878 -0.430644 -6.71467 -1.289 -0.14477 -6.75517 -1.21898 -0.279453 -6.79146 -0.19841 -0.157749 -6.70194 -1.35931 0.272864 -6.70459 -1.25698 0.209505 -6.71795 -0.0488888 -0.110307 -6.72826 0.223534 -0.0497697 -6.75705 -0.579473 -0.170996 -6.7178 -0.996897 -0.0603713 -6.76457 -1.10481 -0.649466 -6.75491 -1.11917 0.0123189 -6.72934 -1.06747 -0.0664286 -6.70568 0.018955 -0.0976391 -6.69439 -1.47645 -0.0139106 -6.69952 -1.11671 -0.565894 -6.71488 -1.21847 -0.218254 -6.74422 -1.35882 -0.0626648 -6.72528 -0.8704 -0.101106 -6.7344 -0.811654 -0.129544 -6.70918 0.353248 0.078829 -6.72836 -1.22356 -0.249267 -6.67356 -0.122684 -0.150229 -6.67794 0.19565 -0.0382685 -6.65766 -1.56616 0.157172 -6.63947 -1.10351 -0.659155 -6.69552 -0.99405 -0.0623653 -6.68321 -0.733269 -0.140764 -6.65391 -0.641148 -0.166994 -6.69761 -0.11348 -0.124619 -6.62223 -1.18286 0.0734989 -6.65554 -0.288002 -0.15667 -6.60414 -1.02783 -0.0480236 -6.63438 -1.29224 -0.155295 -6.5881 -1.13531 -0.531604 -6.6527 0.0435073 -0.116956 -6.63256 -1.39085 -0.0585803 -6.61096 -1.43411 0.273142 -6.64525 -1.29174 0.243912 -6.63465 -0.0686773 -0.136122 -6.60989 -1.12545 -0.461408 -6.66444 -0.918081 -0.0959738 -6.61098 -0.781208 -0.153567 -6.6339 -0.865965 -0.133125 -6.62044 -0.594293 -0.188279 -6.62474 -1.38023 0.281466 -6.62635 -0.509865 -0.15518 -6.55453 -0.382121 -0.161205 -6.59443 -1.53642 0.0476225 -6.59443 -1.1828 -0.337706 -6.61128 -0.629255 -0.173563 -6.58709 -1.09375 -0.632765 -6.60659 -1.15198 -0.380579 -6.58886 -1.43416 -0.0343852 -6.52711 -1.10979 -0.962288 -6.58085 -1.2535 0.201198 -6.54678 -0.21834 -0.173965 -6.60388 0.305617 0.03977 -6.62187 -1.1155 -0.733365 -6.54856 -1.13777 -0.588147 -6.55438 -1.12682 0.0402205 -6.56214 -1.38385 0.267735 -6.48951 -1.12816 -0.544671 -6.50798 -1.02989 -0.024701 -6.50938 -1.19601 0.123196 -6.54364 -0.7617 -0.138499 -6.55685 -0.684685 -0.134552 -6.55279 -1.33164 0.265726 -6.54463 -1.53249 0.145047 -6.51294 -1.11439 -0.662926 -6.52712 -0.0077137 -0.103433 -6.54325 -1.48701 0.242297 -6.55248 -1.1178 -0.934547 -6.53383 -1.12367 -0.805054 -6.49795 -0.313826 -0.16157 -6.54478 -0.238748 -0.13301 -6.51849 -1.3482 -0.145546 -6.48183 0.21129 0.0149912 -6.50657 0.394026 0.160001 -6.53885 -1.42255 0.255711 -6.4679 -1.4871 0.0356473 -6.49388 -1.13676 -1.05752 -6.45108 0.442552 0.172152 -6.50555 -0.638268 -0.12623 -6.45065 -0.470955 -0.126884 -6.45209 -1.52133 0.163364 -6.47178 -1.27315 0.206559 -6.4086 -1.25318 0.157544 -6.49535 -0.170949 -0.121762 -6.44746 -1.3962 0.0013432 -6.50274 -1.13659 0.122031 -6.44348 -0.751197 -0.120064 -6.49466 -0.0429739 -0.0564037 -6.45062 -1.13859 -0.675883 -6.45021 -1.2604 -0.258105 -6.47581 -0.336391 -0.111223 -6.41854 -1.13742 -0.578938 -6.44849 -1.45221 -0.0681842 -6.45564 0.363233 0.184693 -6.46548 -1.18096 0.166263 -6.44834 -0.706926 -0.0913759 -6.42166 0.19742 0.0617987 -6.44543 -1.15261 -0.900087 -6.38148 -0.937153 -0.0188168 -6.43093 -1.32672 0.273338 -6.38428 -1.24472 -0.373804 -6.43751 -1.3156 -0.231074 -6.4346 -1.3801 -0.0027811 -6.44714 -1.48396 0.250223 -6.40971 -0.114719 -0.0775439 -6.4122 -1.25669 0.117498 -6.42103 0.439157 0.146845 -6.42918 -1.18298 -1.18499 -6.4073 -0.604982 -0.0947339 -6.38161 0.355179 0.143066 -6.42105 -1.29881 -0.0164749 -6.47443 -1.36114 -0.102738 -6.41981 -1.27282 0.0074884 -6.39859 -0.475527 -0.109306 -6.37768 0.170663 0.0214715 -6.41823 -1.16941 -1.07208 -6.38571 0.442688 0.0621637 -6.44757 -1.52928 0.107695 -6.35567 -1.15939 -0.700065 -6.3842 -1.24683 -0.311323 -6.37221 -1.19137 -0.515257 -6.38234 -1.29961 -0.212583 -6.40813 -1.29661 0.0338279 -6.40253 -1.20575 0.0960305 -6.41197 -1.13489 0.0864981 -6.41054 0.259 0.0537905 -6.37235 0.484378 0.0185508 -6.37633 0.372159 0.121347 -6.37157 -0.309681 -0.115452 -6.37248 0.0730082 -0.0306832 -6.3734 -0.808315 -0.0638193 -6.36787 -0.994193 -0.0025731 -6.36706 -1.38995 0.256803 -6.32334 -1.3454 -0.0954615 -6.36921 -1.41873 0.0406673 -6.34878 -1.16934 0.0846861 -6.36268 -0.119394 -0.0863694 -6.37258 -1.50534 0.172064 -6.31518 0.0371348 -0.092401 -6.34449 -0.444876 -0.165294 -6.34613 -0.122841 -0.137271 -6.34584 -0.841691 -0.108496 -6.33165 -1.10608 -0.934363 -6.33555 0.231696 -0.0146285 -6.34473 -1.11841 -0.667784 -6.33709 -1.15927 -0.446446 -6.33249 0.358662 0.0537115 -6.34027 -1.30691 -0.0910081 -6.33572 -1.21524 -0.282975 -6.33111 -1.31899 0.0942084 -6.335 -1.34739 0.195915 -6.29913 -1.1771 0.0395754 -6.33593 -0.330801 -0.180913 -6.30647 -0.62782 -0.198806 -6.22771 -1.05107 -0.869308 -6.2435 -1.4228 0.0936 -6.29906 -1.17063 -0.0143734 -6.23081 -1.04902 -0.0792213 -6.22952 -0.162111 -0.192314 -6.22776 0.218173 -0.0559102 -6.26633 -1.25282 -0.102723 -6.22394 -1.07112 -0.636223 -6.23781 -0.868568 -0.148064 -6.22931 -1.12226 -0.396528 -6.22405 -0.398446 -0.220121 -6.20274 -1.05547 -1.03274 -6.21419 0.0602104 -0.135966 -6.23226 0.344258 -0.0185514 -6.224 -1.07571 -0.524594 -6.1668 -1.17084 -0.256975 -6.18993 -1.17096 -0.0290122 -6.18243 -1.04095 -0.736184 -6.15638 0.0387602 -0.15816 -6.17862 -0.959533 -0.125627 -6.19393 0.302911 -0.0628682 -6.14917 -0.746142 -0.191789 -6.18041 -1.23473 -0.115266 -6.16547 -1.14622 -0.0476523 -6.16099 -1.06713 -0.135672 -6.0614 -0.909652 -0.207015 -6.03392 -1.17395 -0.177583 -6.10803 -0.122652 -0.246501 -6.06608 -1.01636 -0.900962 -6.12281 -0.646633 -0.266882 -6.03766 -1.06769 -0.331077 -6.03207 -0.27719 -0.280469 -6.03604 -1.16695 -0.0506254 -6.07054 -1.21877 -0.107634 -6.05493 -0.971868 -0.874728 -6.0366 -0.995395 -0.626421 -6.04496 -0.986767 -1.03767 -6.05227 -1.10514 -0.0995101 -6.00231 -1.01785 -0.502917 -6.04063 -1.11014 -0.22532 -6.02865 -1.203 -0.132453 -5.84419 0.094006 -0.206242 -6.0319 -0.382588 -0.291227 -6.01359 -1.13496 -0.0621832 -5.93783 -0.75421 -0.247922 -5.97297 -1.01162 -0.527342 -5.97098 -0.997262 -0.878146 -5.9882 -0.327422 -0.285227 -5.96869 -0.953872 -0.199095 -5.84218 -0.972697 -0.752786 -5.93875 -0.520927 -0.2906 -5.9007 -0.980937 -0.662341 -5.87161 -0.377883 -0.253839 -5.96048 -1.04645 -0.159462 -5.83522 -1.16372 -0.0595943 -5.91578 -0.970196 -0.937854 -5.88557 -1.04159 -0.459285 -5.9151 -1.05263 -0.350041 -5.84286 -0.45433 -0.25135 -5.91025 -0.8209 -0.214695 -5.9229 -1.09627 -0.237711 -5.75229 -0.288002 -0.290477 -5.87201 -1.18256 -0.0840661 -5.79009 -1.01079 -0.702472 -5.84839 -0.723474 -0.266678 -5.79965 -0.804519 -0.235368 -5.80187 -1.00969 -0.82766 -5.79715 -0.619525 -0.28142 -5.8448 -0.357905 -0.254413 -5.82777 -1.09555 -0.106043 -5.7913 -0.871584 -0.207923 -5.84389 -1.00229 -0.51172 -5.77528 -1.04873 -0.427779 -5.82625 -0.426867 -0.250392 -5.74219 -0.267182 -0.255518 -5.82416 -0.534185 -0.256047 -5.73722 -1.13602 -0.0650143 -5.70101 -0.985634 -0.188113 -5.74557 -0.297935 -0.227609 -5.73194 -0.983621 -0.610599 -5.7575 -1.0429 -0.394116 -5.75425 -1.01229 -0.460965 -5.66341 -1.03613 -0.762068 -5.74143 -1.06825 -0.294614 -5.71886 -1.0283 -0.695249 -5.67829 -0.924831 -0.207017 -5.66035 -0.856116 -0.227276 -5.676 -0.543107 -0.292015 -5.66689 -0.967308 -0.632846 -5.65233 -0.519959 -0.241339 -5.64904 -1.18145 -0.139745 -5.55749 -1.02923 -0.170535 -5.55777 -0.897217 -0.204504 -5.63714 -0.657943 -0.285469 -5.6371 -1.04689 -0.37568 -5.66838 -1.08277 -0.248738 -5.55058 -0.440053 -0.196975 -5.65555 -1.12687 -0.0715048 -5.59602 -1.05009 -0.77338 -5.63111 -1.03369 -0.412326 -5.64047 -1.04677 -0.337652 -5.61353 -1.16426 -0.0953485 -5.52257 -0.618167 -0.2241 -5.57884 -1.0191 -0.664559 -5.54895 -0.798105 -0.253724 -5.5121 -0.458342 -0.215719 -5.57968 -0.940451 -0.210844 -5.56141 -1.03513 -0.412359 -5.5326 -0.991849 -0.484448 -5.42661 -1.02667 -0.81472 -5.51627 -1.03305 -0.348953 -5.34711 -0.960839 -0.651298 -5.46825 -1.02755 -0.172926 -5.46374 -0.927266 -0.211221 -5.4448 -0.669957 -0.285351 -5.47947 -0.802459 -0.25853 -5.3541 -0.61313 -0.243197 -5.42358 -1.11661 -0.0803689 -5.39323 -1.08294 -0.241586 -5.32117 -1.00013 -0.741737 -5.4239 -1.17048 -0.149993 -5.36931 -0.596237 -0.29819 -5.36156 -1.01661 -0.430542 -5.31598 -0.981177 -0.198369 -5.33472 -1.06273 -0.11884 -5.22677 -1.13003 -0.0763538 -5.28426 -0.886879 -0.207588 -5.28034 -1.12232 -0.236539 -5.22864 -1.16305 -0.160074 -5.24783 -1.2728 -0.129412 -5.25592 -1.20798 -0.0809199 -5.26118 -1.20063 -0.200943 -5.26189 -1.11379 -0.069609 -5.25772 -1.1888 -0.262733 -5.22362 -1.20795 -0.0289651 -5.24829 -1.11802 0.0055409 -5.2704 -1.25599 -0.116077 -5.20471 -1.30721 -0.0037628 -5.18632 -1.27852 0.028079 -5.19798 -1.23763 0.0801118 -5.19848 -1.00704 -0.0732673 -5.18175 -1.1958 -0.216349 -5.19379 -1.33553 -0.0470698 -5.20663 -1.13504 -0.0007802 -5.21377 -1.05988 -0.423945 -5.1958 -0.840841 -0.198544 -5.18899 -1.30594 -0.0291356 -5.09122 -1.16173 -0.300211 -5.1385 -1.23566 0.0492966 -5.12427 -1.23571 -0.186793 -5.16167 -0.963101 -0.109721 -5.12881 -1.35555 -0.0035057 -5.09439 -1.31961 0.0479951 -5.11697 -1.29069 -0.0990859 -5.11536 -1.17777 -0.280494 -5.04771 -1.05773 -0.0281447 -5.10578 -1.17953 0.0370992 -5.0991 -0.99264 -0.0799127 -5.05609 -1.08193 -0.408367 -5.06829 -1.13586 -0.313666 -5.03892 -1.28107 -0.196112 -5.08103 -1.08516 0.0190185 -5.08504 -1.27291 0.100595 -5.07177 -1.23893 -0.179035 -5.01641 -1.12757 0.001589 -5.02051 -1.35216 -0.0146316 -4.97735 -1.32006 0.0428475 -4.9832 -1.26008 0.0891015 -4.98252 -1.13397 -0.375878 -5.02471 -1.17137 0.0335639 -5.00549 -1.20604 0.0270357 -4.96546 -1.2782 -0.116034 -4.97745 -1.21993 -0.21294 -4.96176 -1.14612 0.0131739 -4.97459 -1.24873 -0.101645 -4.91261 -1.09575 -0.394925 -4.98082 -1.23314 0.0637249 -4.92132 -1.15657 -0.0063897 -4.91481 -1.31322 -0.0636545 -4.89442 -1.16528 0.0201459 -4.84929 -0.590818 -1.57662 -6.45054 -0.615466 -1.59964 -6.41131 -0.520198 -1.59223 -6.38654 -0.755779 -1.61798 -6.37818 -0.936375 -1.62901 -6.34129 -0.688337 -1.56427 -6.34292 -1.30547 -1.62115 -6.34299 -1.09983 -1.70894 -6.34838 -0.46347 -1.4906 -6.24359 -1.09697 -1.24675 -6.23702 -0.791838 -1.5353 -6.23427 -0.60833 -1.50105 -6.23267 -0.980801 -1.60383 -6.2408 -1.27114 -1.61306 -6.26874 -1.23887 -1.61183 -6.22993 -1.15233 -1.41845 -6.21759 -1.15568 -1.67975 -6.22932 -1.1605 -1.68639 -6.20293 -1.24121 -1.6087 -6.19769 -1.07439 -1.17856 -6.18574 -0.938484 -1.58132 -6.20507 -0.740297 -1.51915 -6.19 -1.20844 -1.61345 -6.15377 -1.15002 -1.66086 -6.14382 -1.08352 -1.60349 -6.09279 -1.03652 -1.29276 -6.03616 -1.21632 -1.58686 -6.1342 -0.892432 -1.52195 -6.10159 -1.10732 -1.48183 -6.04456 -0.416288 -1.4623 -6.14099 -0.662231 -1.43648 -6.04229 -1.04361 -1.55179 -6.04287 -0.941528 -1.50655 -6.0447 -1.19115 -1.63731 -5.99638 -1.2091 -1.58384 -5.96139 -1.14201 -1.52022 -5.96168 -1.13503 -1.6513 -5.96285 -1.05475 -1.34839 -5.97456 -1.01637 -1.20316 -5.96033 -0.798499 -1.46566 -5.94008 -0.854517 -1.49147 -5.91839 -0.973425 -1.03778 -5.85292 -1.05749 -1.40233 -5.83939 -0.993375 -1.16263 -5.79639 -1.18479 -1.63338 -5.8504 -1.03372 -1.27513 -5.89033 -1.02713 -1.53145 -5.79728 -0.952173 -1.50099 -5.84088 -0.829821 -1.47507 -5.87948 -0.731829 -1.43687 -5.78274 -1.08406 -1.46974 -5.64523 -1.13308 -1.6438 -5.80874 -1.12678 -1.50628 -5.71249 -0.898784 -1.49543 -5.77495 -1.00756 -0.961105 -5.81668 -1.04842 -1.29993 -5.82277 -1.19538 -1.57797 -5.71067 -0.976645 -1.0751 -5.71651 -1.05063 -1.55944 -5.6675 -0.814284 -1.45363 -5.69005 -1.00775 -1.25849 -5.68983 -1.17636 -1.62598 -5.68373 -1.12694 -1.63598 -5.70225 -1.03998 -1.34169 -5.7352 -1.00261 -1.01231 -5.63554 -0.97139 -1.50299 -5.67116 -1.03862 -0.892546 -5.6333 -1.18128 -1.56445 -5.48921 -1.03707 -1.30933 -5.67479 -1.03815 -1.37748 -5.46519 -0.963076 -1.05215 -5.52976 -1.11822 -1.62323 -5.48996 -1.17462 -1.61367 -5.53479 -1.04136 -0.96171 -5.50086 -1.00391 -1.23407 -5.47259 -1.06148 -1.56725 -5.42595 -1.01771 -1.0225 -5.49437 -1.01965 -1.00253 -5.44018 -1.07459 -1.45468 -5.34498 -1.00438 -1.26643 -5.36889 -1.02302 -0.960333 -5.40018 -0.959851 -1.03767 -5.40623 -1.00097 -0.901806 -5.42405 -0.9538 -0.758469 -5.39143 -0.95973 -0.71393 -5.33289 -0.955701 -1.00245 -5.36418 -0.947405 -0.930934 -5.36445 -1.00777 -0.743364 -5.19298 -1.07923 -0.517002 -5.14726 -1.1018 -0.453457 -5.06727 0.238792 -1.07827 -6.22623 0.288659 -1.2996 -6.23062 0.413415 -1.59749 -6.17776 0.254655 -1.25414 -6.13877 0.343428 -1.52801 -6.10017 0.0916748 -1.53526 -6.11901 -0.0877797 -1.49071 -6.12695 0.266008 -1.59857 -6.10773 -0.0176291 -1.45505 -6.02649 0.331603 -1.65418 -6.0627 0.229823 -1.54334 -6.04853 0.385508 -1.63537 -6.0473 0.393147 -1.58447 -5.99115 0.264676 -1.59119 -5.91948 0.377699 -1.6377 -5.96968 0.518297 -0.0174807 -6.41952 0.446969 -0.274496 -6.38401 0.55794 -0.0698711 -6.37608 0.502687 0.16059 -6.30849 0.521036 -0.0889031 -6.35814 0.491502 -0.0822272 -6.33807 0.41578 -0.229124 -6.34207 0.64686 0.15817 -6.29133 0.362611 -0.278347 -6.27234 0.359927 -0.208032 -6.22218 0.421508 -0.0915173 -6.22759 0.406276 -0.0949228 -6.17141 0.330284 -0.0357142 -6.16608 0.325824 -0.180409 -6.09938 0.327349 -0.0511869 -5.96068 0.245243 -0.136988 -6.05848 0.374684 -0.0625167 -6.01982 -0.0801098 -0.253953 -5.9319 -0.0655486 -0.248175 -5.96835 0.221979 -0.164676 -5.83564 -0.0102937 -0.220104 -5.90011 0.308797 -0.0653544 -5.73952 -0.1665 -0.27977 -5.73323 0.104969 -0.210931 -5.84231 -0.0294756 -0.243592 -5.7962 0.0468731 -0.205 -5.81019 0.107426 -0.208837 -5.71565 0.0315961 -0.232911 -5.66883 -0.204976 -0.253231 -5.70668 0.209807 -0.176342 -5.5555 -0.312038 -0.207925 -5.58492 -0.178791 -0.28074 -5.5774 -0.0355999 -0.257226 -5.49795 0.0680037 -0.20888 -5.63077 -0.217826 -0.214605 -5.53767 -0.379258 -0.219727 -5.50629 -0.129447 -0.275601 -5.52338 -0.45717 -0.21269 -5.45713 -0.272124 -0.247406 -5.43216 -0.225242 -0.289769 -5.43929 0.0083285 -0.247642 -5.406 -0.437858 -0.240338 -5.36703 -0.0561037 -0.261713 -5.33677 -0.347497 -0.30073 -5.34429 -0.171235 -0.283441 -5.33964 -0.447398 -0.296041 -5.32297 -0.249325 -0.264423 -5.25505 -0.6435 -0.245047 -5.20502 -0.422207 -0.261174 -5.20072 -0.585544 -0.217475 -5.14622 -0.419684 -0.220627 -5.13781 -0.82487 -0.170499 -5.14405 -0.737606 -0.18904 -5.08277 -0.483684 -0.226072 -5.07887 -0.874883 -0.177329 -5.07136 -0.990335 -0.12576 -5.05435 -0.826285 -0.157148 -5.05589 -0.708956 -0.204484 -5.04166 -0.821977 -0.174253 -4.9786 -0.967208 -0.0830263 -4.99997 -0.94543 -0.12099 -4.94824 -0.711571 -0.18485 -4.94084 -0.847615 -0.13971 -4.84061 -0.974398 -0.102948 -4.84973 -1.13256 0.0026137 -4.82731 -0.915977 -0.0923853 -4.78988 -1.09346 -0.0325552 -4.77847 -0.411453 -1.48067 -6.20513 -0.23356 -1.42832 -6.0519 -0.487637 -1.42218 -6.05608 -0.150358 -1.43515 -6.04873 -0.33862 -1.41895 -6.00598 0.144302 -1.50101 -5.93481 -0.260357 -1.41293 -5.91226 -0.0126132 -1.46649 -5.94116 -0.569223 -1.4177 -5.93275 -0.429095 -1.43859 -5.98346 -0.323394 -1.45198 -5.95653 -0.177451 -1.42251 -5.92612 -0.374592 -1.43319 -5.87918 -0.288662 -1.45506 -5.87855 0.0556223 -1.48115 -5.855 -0.02016 -1.45865 -5.7966 0.172114 -1.50578 -5.77683 -0.212655 -1.43608 -5.8166 -0.186094 -1.41637 -5.76245 -0.0975225 -1.42779 -5.78383 -0.310558 -1.45662 -5.79707 0.0769245 -1.49848 -5.77167 -0.40203 -1.46024 -5.77283 -0.327968 -1.45883 -5.70224 0.027102 -1.45589 -5.64874 0.0990333 -1.48967 -5.68096 -0.402785 -1.47009 -5.63808 -0.22289 -1.40766 -5.67556 -0.307653 -1.45274 -5.64231 -0.164741 -1.41047 -5.5876 -0.045004 -1.43218 -5.46957 0.0770777 -1.48713 -5.62233 0.0772725 -1.47751 -5.53705 -0.228052 -1.39598 -5.42848 0.0103769 -1.44311 -5.36263 -0.132354 -1.42157 -5.33059 0.352061 -0.409963 -6.34715 0.241483 -0.77772 -6.26928 0.310836 -0.44599 -6.28404 0.270684 -0.445902 -6.22525 0.235568 -0.631335 -6.2171 0.219018 -0.84071 -6.21691 0.206877 -1.08823 -6.11841 0.239022 -0.443435 -6.10963 0.195374 -0.699152 -6.11885 0.156958 -0.763833 -6.05582 0.379941 -0.122631 -5.89559 0.173467 -0.572747 -6.04483 0.290708 -1.48288 -6.05295 0.184548 -1.15009 -6.05601 0.220445 -1.3151 -6.04687 0.153138 -0.952643 -6.04548 0.238965 -0.311624 -6.03663 0.283562 -0.208561 -6.04587 0.154225 -0.705192 -6.04335 0.174879 -1.13364 -6.02318 0.178467 -0.752697 -6.01828 0.28555 -1.48437 -5.87796 0.252615 -1.40909 -5.99616 0.192194 -0.500615 -5.97966 0.214801 -1.24362 -5.95303 0.147147 -1.0633 -5.87619 0.146168 -0.903858 -5.96405 0.146748 -0.741922 -5.96357 0.310574 -1.63916 -5.76497 0.232646 -0.382192 -5.94307 0.19598 -0.85923 -5.94422 0.149995 -0.630996 -5.8178 0.177415 -0.49846 -5.91217 0.183212 -1.2163 -5.93044 0.143936 -0.719947 -5.86643 0.231288 -1.31822 -5.88923 0.367563 -0.0643835 -5.90256 0.379205 -1.57736 -5.78851 0.211212 -0.450437 -5.89541 0.267454 -0.22151 -5.83898 0.180394 -0.971503 -5.90067 0.170661 -0.758924 -5.84209 0.242877 -1.41216 -5.81712 0.198217 -1.22381 -5.83772 0.193313 -0.852014 -5.84042 0.371269 -1.63147 -5.8516 0.226527 -0.328791 -5.85125 0.17011 -0.913447 -5.83564 0.133209 -0.957618 -5.78602 0.313756 -0.18803 -5.64043 0.232489 -0.389853 -5.83439 0.362149 -0.0710991 -5.78653 0.185967 -0.702805 -5.80797 0.1941 -0.451855 -5.79633 0.226959 -1.29522 -5.8058 0.188418 -0.867064 -5.70567 0.227821 -0.335403 -5.7245 0.292096 -1.49464 -5.50139 0.26164 -1.46631 -5.62375 0.236275 -1.39731 -5.71338 0.172645 -1.20739 -5.75566 0.143004 -1.05456 -5.72543 0.162568 -0.916834 -5.75735 0.154349 -0.576121 -5.69806 0.22214 -1.53746 -5.61693 0.227711 -1.33031 -5.71308 0.363546 -1.62365 -5.71257 0.19046 -0.424201 -5.69056 0.194212 -1.2797 -5.67773 0.177217 -1.00664 -5.69953 0.365032 -0.13033 -5.62786 0.17248 -0.475407 -5.52634 0.356079 -1.56449 -5.47164 0.358013 -0.0823501 -5.63507 0.228337 -0.372101 -5.66829 0.142351 -1.10935 -5.58603 0.189891 -0.784434 -5.67589 0.256846 -0.236565 -5.61213 0.30595 -0.0683022 -5.58083 0.189403 -0.681738 -5.58107 0.188112 -1.50882 -5.54511 0.143567 -0.605462 -5.59212 0.286553 -0.211931 -5.51207 0.228422 -1.33413 -5.64499 0.173612 -1.07801 -5.55259 0.185049 -1.00501 -5.51442 0.351358 -1.61728 -5.51583 0.214625 -1.53158 -5.33766 0.223374 -0.309506 -5.59235 0.194498 -0.896304 -5.57372 0.29431 -1.61883 -5.40701 0.161534 -1.20359 -5.48574 0.214971 -0.818488 -5.58311 0.213124 -0.719217 -5.51834 0.232575 -0.360781 -5.53457 0.347461 -0.0882688 -5.47758 0.234013 -1.43163 -5.49166 0.122758 -0.212906 -5.46982 0.218063 -1.31491 -5.50215 0.351766 -0.14466 -5.42179 0.13344 -1.08606 -5.48126 0.183392 -0.882374 -5.49084 0.172329 -0.627019 -5.47827 0.19726 -0.779351 -5.45543 0.183206 -0.428315 -5.4188 0.134559 -0.633974 -5.435 0.129011 -1.48333 -5.35206 0.215073 -1.38315 -5.43357 0.118859 -0.960172 -5.41375 0.159201 -0.954258 -5.44038 0.177731 -0.679171 -5.43467 0.211513 -0.337218 -5.44095 0.246165 -1.44698 -5.3399 0.295355 -0.0825262 -5.39288 0.242942 -0.255563 -5.33227 0.183104 -1.27019 -5.34623 0.146225 -0.709976 -5.35136 0.169723 -0.480136 -5.33882 0.117064 -0.725912 -5.3601 0.192675 -0.183374 -5.33631 0.341262 -1.60608 -5.28176 0.132778 -1.01901 -5.33793 0.349564 -0.148248 -5.25002 0.262462 -0.109327 -5.24007 0.345021 -0.0955134 -5.27288 0.284199 -1.6198 -5.25469 0.287438 -0.0846359 -5.25259 0.194749 -0.135363 -5.20644 0.0843319 -1.50848 -5.26284 0.244829 -1.26656 -5.20026 0.198244 -1.04388 -5.19974 0.159084 -0.712184 -5.27708 0.156259 -0.950495 -5.29135 0.231682 -0.450246 -5.21715 0.323496 -0.203714 -5.22469 0.348942 -1.55263 -5.25823 0.195287 -1.57175 -5.22438 -0.029644 -0.213521 -5.19842 0.310463 -1.4664 -5.21626 0.416476 -1.64524 -5.24425 0.380751 -1.6921 -5.24053 0.431073 -1.55334 -5.26547 0.414063 -0.0178164 -5.24342 0.302234 -0.0220862 -5.2633 0.382282 -1.47028 -5.24043 0.274059 -1.67978 -5.27115 0.203983 -0.0536594 -5.23588 0.353584 0.0445926 -5.24546 0.424204 -0.17389 -5.26467 0.406013 -0.0950996 -5.23254 0.435585 -1.59535 -5.22169 0.500841 -1.66107 -5.21221 0.420865 0.0610666 -5.19982 0.421007 -1.77151 -5.17877 0.323954 -0.308173 -5.1452 -0.0774747 -1.47833 -5.20242 0.166758 -1.55966 -5.19887 0.307954 -0.0133966 -5.21492 0.378459 -0.252398 -5.21206 0.39051 -0.19679 -5.20234 0.441452 -0.0935029 -5.21109 -0.210052 -0.252074 -5.19234 0.476667 -1.7413 -5.16592 0.168152 -1.62059 -5.197 0.29201 -1.67396 -5.21028 0.188742 -0.713102 -5.19681 0.463792 -0.0043451 -5.19825 0.419453 0.0839489 -5.16717 0.358488 -1.42664 -5.19305 0.38036 -1.71758 -5.16959 0.505886 -0.041635 -5.20113 0.473387 -1.6676 -5.15709 0.364168 -1.47281 -5.17201 0.0321654 -1.54063 -5.15726 0.207024 -1.63245 -5.14648 0.32591 -1.40055 -5.1491 0.126045 -0.126563 -5.13719 0.204359 -0.0606982 -5.15412 0.462749 -1.60277 -5.14344 0.426907 -1.54672 -5.16705 0.524566 -0.0024642 -5.14838 0.479814 0.0525795 -5.13389 0.385219 0.0370356 -5.15096 0.248325 -0.547094 -5.15592 0.226577 -0.994766 -5.154 0.25875 -1.19947 -5.14861 0.319673 0.0221287 -5.16536 0.424508 -0.168278 -5.15925 0.449024 -0.118285 -5.12641 0.475549 -0.0314369 -5.1169 -0.260843 -0.220085 -5.1446 0.421018 -1.73877 -5.05793 0.526896 -1.70679 -5.09451 0.224215 -0.762346 -5.14714 0.468632 -1.66415 -5.09488 0.358803 -1.44517 -5.11512 0.351554 -0.29639 -5.09596 0.365183 -0.251965 -5.11341 0.340925 -1.71746 -5.09117 0.125654 -1.58395 -5.12461 -0.0269687 -0.175376 -5.10372 0.145962 -0.128087 -5.09235 0.147728 -0.0866074 -5.09123 0.414379 0.0449301 -5.04384 0.303007 -1.39216 -5.09487 0.447824 -1.52308 -5.07771 0.353339 -1.41238 -5.05668 0.268553 -0.455899 -5.08202 0.26079 -1.30957 -5.07603 -0.384 -0.231507 -5.07515 0.255104 -1.71281 -5.08693 0.440894 -1.58292 -5.03222 0.256818 0.0122355 -5.08629 0.471594 -0.0801777 -5.03696 0.146961 -1.57434 -5.04245 0.0518166 -1.51809 -5.07527 0.225729 -0.950792 -5.08548 0.216141 -0.845734 -5.0753 0.388247 -1.49579 -5.01588 -0.170283 -0.207524 -5.0904 0.23122 -0.717547 -5.08627 0.183978 -0.0713069 -5.06381 0.40498 -0.20918 -5.05589 0.457569 -0.184453 -5.07955 0.480588 -0.020318 -5.02066 0.445598 0.0945467 -5.01653 0.265615 -0.389252 -5.06839 0.310918 -0.274675 -5.03904 0.224775 -1.64149 -5.02893 0.434939 -1.77711 -4.99757 0.264768 -1.20179 -5.07292 0.0506178 -0.189094 -5.06988 0.466053 -1.60213 -5.00208 0.52136 -0.0064652 -4.96872 0.228925 -0.834566 -5.03467 0.32806 -1.41428 -5.0313 0.310645 0.0068076 -5.01269 0.501778 0.0271877 -4.9909 0.350029 0.0390664 -5.01588 0.275227 -0.468009 -5.05767 0.232452 -0.562357 -5.04335 0.33594 -1.7142 -4.9892 0.172828 -1.63365 -4.98602 0.48032 -1.73792 -4.97461 0.293659 -1.34834 -5.04025 0.30272 -1.31717 -5.02609 0.0962306 -0.115017 -5.01548 0.242489 -1.19454 -5.04341 -0.499118 -0.236355 -5.04238 0.212891 -1.04579 -5.04234 0.205137 -0.924856 -5.04112 0.44477 -1.62605 -4.9433 0.318025 -0.368346 -5.02458 -0.285943 -0.234333 -5.03016 -0.113852 -0.211502 -5.03595 0.17149 -0.126135 -5.02478 0.212274 -0.710005 -5.02566 0.210698 -0.804341 -5.01096 0.515682 -1.6815 -4.9719 0.229808 -1.12755 -5.00015 0.267194 -1.29769 -4.98983 0.0157028 -0.176279 -4.97801 0.370545 -0.27723 -4.98797 0.403392 -0.196846 -4.97244 -0.635846 -0.221681 -4.95964 -0.376946 -0.212671 -4.92429 0.231617 -0.983919 -4.96581 0.234766 -0.881535 -4.93686 0.23625 -0.736157 -4.9605 0.219625 -0.0420962 -4.97717 0.387766 -1.46677 -4.97197 0.344033 -0.002965 -4.91398 0.283116 -0.385989 -4.97877 -0.485977 -0.215156 -4.98835 -0.174848 -0.225592 -4.94486 0.271465 -0.462354 -4.89921 0.0973728 -0.137306 -4.96085 0.255581 -0.017422 -4.95107 0.495744 -0.0477339 -4.90324 -0.254124 -0.22529 -4.90768 0.324769 -1.68159 -4.90983 -0.118195 -0.191655 -4.93063 0.25855 -1.1512 -4.91506 0.317006 -1.40962 -4.93596 0.42243 -0.108041 -4.9067 0.388512 0.0588942 -4.90272 -0.543814 -0.224896 -4.89682 0.263722 -0.0534981 -4.87454 0.22758 -0.634249 -4.93191 0.324876 -0.287718 -4.90501 0.434121 -0.0200274 -4.87419 0.466502 -1.61075 -4.87145 0.339139 -1.72232 -4.86071 0.0333828 -0.145998 -4.89206 0.245306 -1.13826 -4.83454 0.393744 -1.64998 -4.84484 0.281197 -1.26578 -4.85352 0.238157 -0.672722 -4.83149 0.241015 -1.05102 -4.82246 0.269378 -0.950072 -4.82751 0.267355 -0.715379 -4.83377 0.346541 -1.45415 -4.84792 -0.72177 -0.195038 -4.8491 -0.342594 -0.167702 -4.8089 0.412886 -0.068366 -4.84399 -0.0572647 -0.18283 -4.83534 0.0694876 -0.133675 -4.83153 0.383934 -0.230731 -4.8147 0.295237 -0.440522 -4.81618 -0.231748 -0.190075 -4.80499 0.343318 0.0295318 -4.85396 0.464733 -0.0996429 -4.84233 0.30057 -0.733614 -4.76239 0.421065 -1.52468 -4.83236 0.24467 -1.67223 -4.82775 0.393658 -1.63961 -4.79059 -0.506706 -0.163301 -4.80511 -0.594952 -0.172871 -4.80065 0.15493 -0.0705567 -4.80209 -0.725718 -0.154297 -4.79611 0.273533 -1.67308 -4.78704 0.344862 -1.75255 -4.75292 0.334774 -1.33562 -4.79643 0.380574 -0.0420493 -4.77044 0.34768 0.022228 -4.78617 0.364082 -0.30589 -4.78567 -0.0676658 -0.13434 -4.76778 0.312699 -1.16561 -4.75572 0.233516 -0.0449356 -4.77878 0.285158 -0.599217 -4.78117 -0.308639 -0.130785 -4.73183 0.415005 -0.172241 -4.77885 0.477028 -0.10115 -4.76202 0.314276 -0.868159 -4.73192 0.466994 -1.60111 -4.77478 0.395506 -1.50591 -4.78114 0.382621 -1.4063 -4.76147 0.114633 -0.0785337 -4.77025 0.299659 -1.01069 -4.75023 0.378891 -0.374088 -4.73066 -0.532483 -0.135629 -4.74053 0.157026 -1.67052 -4.75362 0.371357 -1.31395 -4.72993 0.319053 -0.935048 -4.72008 0.334848 -0.776084 -4.72156 0.384434 0.0103716 -4.74955 -0.419753 -0.123234 -4.71486 -0.157207 -0.114352 -4.71735 0.347679 0.0657302 -4.72965 -0.796641 -0.0925814 -4.73118 0.519803 -1.61021 -4.70217 0.331132 -0.597425 -4.67591 -0.49059 -0.108954 -4.71642 0.0511709 -0.0668034 -4.71574 0.315633 -1.75655 -4.66639 0.346052 -1.77834 -4.68566 0.468805 -0.186419 -4.67578 0.525905 -0.0969718 -4.67303 0.326125 -1.10139 -4.69812 0.438838 -1.46002 -4.67287 0.300728 -0.699954 -4.66194 -0.541568 -0.131327 -4.66771 -0.341495 -0.143656 -4.64684 0.248207 0.0203523 -4.67349 0.346783 0.0755011 -4.66913 0.3021 -0.861225 -4.65977 -0.791318 -0.0870866 -4.6694 0.50499 -1.61118 -4.67229 0.317467 -1.14465 -4.66999 -0.23304 -0.133095 -4.66566 0.0147852 -0.0778375 -4.67025 0.375313 -0.386696 -4.66784 0.286318 -1.053 -4.66126 0.328573 -1.30323 -4.64453 0.0152779 -1.45908 -4.67948 0.191925 -1.36439 -4.65382 0.114082 -1.32218 -4.63519 0.212739 -0.514674 -4.64463 0.199734 -1.57711 -4.64015 0.388952 -1.5904 -4.64082 0.334092 -0.366394 -4.64079 0.0553913 -1.32272 -4.5871 0.128832 -0.126401 -4.63238 -0.0834064 -0.197354 -4.65693 0.0526705 -0.309793 -4.6417 0.224917 -1.18107 -4.64964 0.300849 -0.0366869 -4.63953 0.430819 -0.137304 -4.64098 -0.626068 -0.165087 -4.65154 0.229143 -0.255816 -4.6225 -0.273858 -0.207159 -4.58296 -0.0707757 -0.28681 -4.58244 0.145017 -0.322141 -4.6217 0.0526485 -0.381063 -4.58067 0.188312 -1.11835 -4.57948 0.23671 -0.925637 -4.57737 0.151133 -0.517694 -4.57534 -0.467075 -0.19462 -4.58544 0.236029 -0.748259 -4.57852 0.174854 -0.604744 -4.50677 0.180744 -1.09051 -4.51214 0.220147 -0.92672 -4.50753 -0.306518 -0.221304 -4.51089 -0.174269 -0.259902 -4.51309 0.0782769 -1.25734 -4.50492 0.0856312 -0.44709 -4.50467 -0.0638482 -0.314527 -4.50638 0.217043 -0.746301 -4.50436 0.18864 -0.719743 -4.48254 0.135171 -0.578973 -4.48672 0.0654593 -0.458652 -4.482 0.125288 -1.14547 -4.48557 0.18134 -1.00503 -4.48534 0.198849 -0.885413 -4.48399 -0.0987076 -0.323249 -4.48372 -0.271735 -0.253849 -4.4846 0.136178 -0.52089 -4.43572 0.221621 -0.743212 -4.43485 0.214111 -0.997674 -4.43156 -0.0949999 -0.296678 -4.43399 0.122696 -1.20429 -4.42823 0.0412488 -0.400413 -4.43091 0.0147604 -0.396324 -4.38863 0.204392 -0.772786 -4.38152 0.149363 -0.633192 -4.36464 0.122557 -0.566 -4.36936 0.121159 -1.15639 -4.3744 0.193196 -0.956645 -4.37282 0.0264143 -0.525585 -4.34651 -0.0544445 -0.395868 -4.36605 0.127861 -1.01312 -4.35089 0.0033475 -0.650785 -4.34323 0.121224 -0.75664 -4.35161 0.0342037 -0.887942 -4.33569 -1.18117 -0.21703 -4.90669 -1.25536 -0.0260989 -4.87241 -1.27886 -0.112625 -4.85238 -1.23431 -0.0892273 -4.83642 -1.19352 -0.0428668 -4.83334 -1.18883 -0.221658 -4.84586 -1.21144 -0.231181 -4.81431 -1.24003 -0.159731 -4.78499 -1.27809 -0.0998333 -4.77602 -1.20083 -0.0282063 -4.77366 -1.1585 0.034459 -4.76215 -1.00607 -0.0185697 -4.73545 -1.33312 -0.101288 -4.72419 -1.16324 0.0715454 -4.71731 -1.33668 -0.0970009 -4.67243 -1.16423 0.0669364 -4.66144 -0.522509 -1.44702 -5.90444 -0.467948 -1.45892 -5.77504 -0.564432 -1.44106 -5.75606 -0.639469 -1.41597 -5.71381 -0.749422 -1.42915 -5.49008 -0.886177 -1.48138 -5.6102 -0.608941 -1.41375 -5.5995 -0.487381 -1.46441 -5.63967 -1.02439 -1.52138 -5.53418 -0.585746 -1.44923 -5.53177 -0.557488 -1.46068 -5.48641 -0.448444 -1.45307 -5.49922 -0.266423 -1.43914 -5.47012 -0.891843 -1.47161 -5.4761 -0.639196 -1.40808 -5.42224 -1.16871 -1.60505 -5.38796 -0.503915 -1.43587 -5.41743 -1.0085 -1.5064 -5.36041 -0.627792 -1.40277 -5.35031 -0.561434 -1.39625 -5.38882 -0.843103 -1.45039 -5.34724 -0.375714 -1.38649 -5.36854 -1.1789 -1.55424 -5.24443 -1.12436 -1.49913 -5.27841 -1.10023 -1.60737 -5.25036 -0.918842 -1.51234 -5.26667 -0.982029 -1.02679 -5.3041 -0.638068 -1.43983 -5.2702 -0.343561 -1.42353 -5.27082 -1.16788 -1.62025 -5.26968 -1.03178 -1.15169 -5.20309 -1.0837 -1.3514 -5.20398 -1.01932 -1.00804 -5.19233 -1.07488 -1.6689 -5.26485 -1.17368 -1.73952 -5.2514 -1.13008 -1.47205 -5.22318 -1.2671 -1.68329 -5.23892 -1.01136 -1.62929 -5.23011 -1.00711 -1.56798 -5.20612 -1.16846 -1.52195 -5.23216 -1.19447 -1.72438 -5.18906 -1.10774 -1.66726 -5.21938 -1.19869 -1.46507 -5.23492 -0.606824 -1.46681 -5.19116 -0.781693 -1.49922 -5.19295 -1.23313 -1.77028 -5.19341 -1.33545 -1.70703 -5.17709 -0.3239 -1.44402 -5.20026 -1.20487 -1.50051 -5.19283 -1.18237 -1.55412 -5.19159 -1.14697 -1.41553 -5.15869 -1.07873 -1.19488 -5.15134 -1.32362 -1.66202 -5.21922 -1.11904 -1.69774 -5.15779 -0.173551 -1.4959 -5.15727 -1.29273 -1.66385 -5.16736 -1.24956 -1.54939 -5.18376 -0.998806 -1.61849 -5.14253 -1.18075 -1.42953 -5.16369 -0.965942 -1.58589 -5.15716 -0.358822 -1.48124 -5.15093 -1.04088 -0.828354 -5.14538 -1.18992 -1.74493 -5.11552 -1.04075 -1.65482 -5.13852 -1.27057 -1.79388 -5.12137 -0.56811 -1.49102 -5.12778 -0.840414 -1.54174 -5.13654 -1.04436 -0.967626 -5.08681 -0.414493 -1.46966 -5.07694 -1.26053 -1.77353 -5.06666 -1.29019 -1.61936 -5.09873 -0.995805 -1.62218 -5.04149 -1.19516 -1.47744 -5.04343 -1.13761 -1.40035 -5.10429 -1.09964 -1.27892 -5.11022 -0.960594 -1.57627 -5.09273 -1.35057 -1.71888 -5.00551 -0.334983 -1.48118 -5.07931 -0.141723 -1.50458 -5.08959 -0.0021235 -1.52688 -5.08745 -1.06585 -0.592695 -5.08707 -1.03491 -0.793735 -5.06539 -1.27459 -1.52538 -5.09072 -0.772523 -1.51277 -5.10501 -1.02281 -0.876779 -5.07989 -1.06339 -1.15955 -5.07381 -0.879329 -1.52318 -5.0745 -0.724903 -1.50462 -5.06527 -0.503036 -1.48434 -5.08379 0.0190835 -1.54841 -5.04946 -1.07949 -1.72034 -5.08921 -1.05922 -1.65651 -5.00285 -1.29912 -1.67661 -5.01437 -1.18457 -1.42954 -5.0021 -1.08749 -1.33981 -5.06544 -1.26042 -1.78989 -4.99326 -1.04657 -0.8629 -5.03596 -0.417663 -1.48926 -5.03004 -0.277263 -1.46742 -5.0464 -1.11821 -1.69673 -5.02231 -1.11477 -1.28543 -5.05726 -0.846167 -1.5566 -5.04742 -1.0282 -1.00184 -5.02585 -0.476618 -1.47949 -5.05026 -0.540948 -1.46905 -5.04166 -1.02258 -0.708891 -5.03516 -1.05516 -0.536528 -5.03088 -0.0716999 -1.50544 -5.03413 -1.25265 -1.57085 -5.01015 -1.13013 -1.43255 -5.03984 -0.976466 -1.57753 -5.04261 -1.09589 -1.30233 -4.99887 -1.04701 -1.13536 -4.99997 -0.283772 -1.49627 -4.97731 -0.189805 -1.48289 -4.97083 -0.940454 -1.60256 -5.01033 -0.798269 -1.52115 -4.99537 -1.13434 -1.71659 -4.97228 -1.05375 -0.749559 -4.96652 -1.06606 -0.509293 -4.96795 -0.444299 -1.50013 -4.92435 -1.05256 -0.840241 -4.91667 -1.25579 -1.56158 -4.95857 -1.01851 -1.65272 -4.97451 -0.913708 -1.56342 -4.96795 -1.07191 -1.20032 -4.98105 -1.05506 -0.969784 -4.96772 -0.544626 -1.4923 -4.96369 -0.115673 -1.52156 -4.92161 -0.661753 -1.49749 -4.92308 -0.591133 -1.4846 -4.89801 -1.07442 -1.16052 -4.94632 -1.27808 -1.72617 -4.91321 -1.1782 -1.49453 -4.88635 -0.859784 -1.55625 -4.91483 -1.03832 -1.07676 -4.91629 -0.32542 -1.4994 -4.92548 -1.3099 -1.65654 -4.90035 -1.03642 -0.64282 -4.92538 -1.26693 -1.63627 -4.93586 -1.11204 -1.29782 -4.91488 -1.18125 -1.73539 -4.87515 -1.15125 -1.68631 -4.90161 -0.206098 -1.47971 -4.94829 -1.03079 -1.01709 -4.88978 -1.05825 -0.963919 -4.89945 -1.033 -0.725788 -4.9133 -1.10776 -0.418907 -4.90277 -1.09044 -1.25709 -4.87029 -1.08241 -0.73526 -4.83302 -0.227048 -1.49879 -4.84369 -1.2474 -1.56127 -4.84517 -1.12964 -0.340605 -4.8424 -1.13067 -1.34191 -4.8371 -0.946565 -1.58207 -4.83957 -0.803258 -1.53173 -4.8406 -0.291408 -1.53684 -4.82617 -1.28056 -1.61555 -4.85571 -1.07682 -0.473233 -4.85775 -1.10149 -0.958879 -4.80338 -0.5371 -1.55345 -4.79375 -0.597387 -1.50209 -4.82321 -1.07227 -0.700943 -4.80114 -1.05969 -0.584572 -4.83261 -1.10753 -0.420527 -4.82954 -1.19453 -1.66141 -4.80872 -0.399438 -1.58014 -4.74426 -1.07054 -1.14025 -4.83245 -1.16292 -1.7233 -4.84159 -1.23463 -1.55057 -4.78658 -1.12294 -0.831065 -4.75683 -1.18034 -1.40313 -4.80563 -1.09051 -1.033 -4.79982 -1.28955 -1.61446 -4.77992 -1.16892 -1.32738 -4.77122 -1.14239 -1.13599 -4.74209 -0.940428 -1.61328 -4.80261 -1.15078 -0.508153 -4.74046 -1.16318 -0.366639 -4.77769 -1.14974 -1.73448 -4.77227 -1.12484 -0.719732 -4.73988 -1.1812 -1.395 -4.77456 -1.07828 -1.65998 -4.78119 -0.833203 -1.60111 -4.76334 -0.702759 -1.57293 -4.75944 -0.321839 -1.57941 -4.76072 -0.969763 -1.63101 -4.77522 -1.14071 -0.912038 -4.73441 -1.18131 -0.277967 -4.77043 -1.33109 -1.61459 -4.72968 -1.1599 -1.76966 -4.74354 -0.497568 -1.58341 -4.72794 -1.05414 -1.70774 -4.74067 -1.13843 -1.0054 -4.69986 -1.14414 -0.785579 -4.72832 -1.22785 -0.284113 -4.74568 -1.24151 -1.44148 -4.72003 -0.798671 -1.6229 -4.70536 -1.17139 -1.77992 -4.67435 -0.903872 -1.65434 -4.67969 -0.561462 -1.5768 -4.68025 -0.461046 -1.5659 -4.65922 -1.16695 -1.23009 -4.6729 -1.11793 -0.867542 -4.6469 -1.14597 -0.588526 -4.67912 -1.17832 -0.449327 -4.67355 -1.22876 -0.305755 -4.67425 -1.09596 -1.72905 -4.6663 -1.32725 -1.61744 -4.67091 -1.2593 -1.48596 -4.67303 -0.758517 -1.59285 -4.66625 -1.2581 -1.57415 -4.66529 -1.09151 -1.07337 -4.65328 -1.0412 -1.21989 -4.66707 -1.10959 -0.692559 -4.66073 -1.06072 -0.541639 -4.6563 -1.00711 -0.423743 -4.67931 -1.13742 -0.28024 -4.66491 -1.17513 -1.54109 -4.64905 -1.01935 -1.43695 -4.65629 -1.01656 -0.156399 -4.64262 -0.962895 -1.33054 -4.6748 -0.871376 -1.58948 -4.66712 -0.875306 -1.47292 -4.68432 -0.762056 -1.49362 -4.67027 -0.916748 -1.35621 -4.65826 -0.64224 -1.46309 -4.58461 -0.989406 -1.58929 -4.64544 -1.04791 -0.997467 -4.58141 -1.05783 -0.767625 -4.57726 -0.897996 -0.414789 -4.5826 -0.802126 -1.37451 -4.58286 -0.960144 -1.20885 -4.58108 -0.459605 -1.49913 -4.58155 -0.991527 -0.553944 -4.57775 -0.891481 -1.2704 -4.5122 -1.04218 -0.757299 -4.51037 -0.797516 -1.35471 -4.5076 -1.02499 -1.03222 -4.51119 -0.497072 -1.48056 -4.50913 -0.986552 -0.581378 -4.50735 -0.65379 -1.43887 -4.5097 -1.00355 -0.739821 -4.48817 -0.968961 -0.620513 -4.4905 -0.853012 -1.26395 -4.49039 -0.904019 -0.504569 -4.48759 -0.655203 -1.40091 -4.49323 -0.769358 -1.33489 -4.49297 -1.01438 -0.856322 -4.48935 -0.966171 -1.09474 -4.49033 -0.429968 -1.46139 -4.48889 -0.771266 -1.36726 -4.45529 -1.04041 -0.770031 -4.43883 -0.942532 -0.52029 -4.45507 -0.93723 -1.2111 -4.43729 -1.03325 -0.971685 -4.44548 -0.982097 -0.589006 -4.41459 -0.815203 -1.32971 -4.4014 -0.988801 -1.08226 -4.39569 -1.00421 -0.691333 -4.39093 -0.632464 -1.43922 -4.40213 -1.00198 -0.936019 -4.3741 -0.911207 -1.20693 -4.38669 -0.946388 -0.703086 -4.34796 -0.805609 -1.24257 -4.34021 -0.697767 -1.35098 -4.36916 -0.642361 -1.3495 -4.33715 -0.889904 -1.10979 -4.34144 -0.855307 -0.925815 -4.31673 -0.822442 -1.05697 -4.32307 -0.853554 -0.807755 -4.31642 -0.730832 -1.15758 -4.31706 -0.793868 -1.03567 -4.27283 -0.820751 -0.962671 -4.26621 -0.735129 -1.12581 -4.23251 -0.836557 -0.890162 -4.23817 -0.686451 -1.19674 -4.21468 -0.819833 -0.974906 -4.22708 -0.81248 -1.05837 -4.21189 -0.879563 -0.816762 -4.20263 -0.868439 -1.02634 -4.19367 -0.748502 -1.19423 -4.19622 -0.896582 -0.958722 -4.14274 0.094558 -1.56153 -4.96802 -0.0160504 -1.5353 -4.91593 -0.0573684 -1.52334 -4.83959 0.201207 -1.61679 -4.85088 0.0169286 -1.55329 -4.8245 0.139176 -1.62707 -4.79538 -0.225102 -1.57233 -4.74085 -0.0027608 -1.62048 -4.74104 -0.286188 -1.57073 -4.67748 -0.154318 -1.58957 -4.684 -1.00063 -0.0195449 -4.66096 0.107187 -1.65585 -4.67502 -0.117069 -1.51949 -4.67135 0.0417403 -1.60361 -4.65755 -0.865781 -0.292059 -4.66553 -0.295682 -1.51998 -4.61215 -0.844942 -0.143539 -4.64547 -0.737419 -0.217449 -4.64982 -0.252352 -1.48783 -4.58701 -0.0399828 -1.39164 -4.58549 -0.773942 -0.299753 -4.58689 -0.632674 -0.234604 -4.58297 -0.0616865 -1.38246 -4.51393 -0.563908 -0.222858 -4.56333 -0.26549 -1.47393 -4.5118 -0.756242 -0.305293 -4.557 -0.537704 -0.227062 -4.51082 -0.878792 -0.422061 -4.51016 -0.639014 -0.256781 -4.50867 -0.397833 -0.225981 -4.48997 -0.783269 -0.332593 -4.50928 -0.829431 -0.414779 -4.4877 0.0317274 -1.28198 -4.48499 -0.251755 -1.43931 -4.48965 -0.0868325 -1.36743 -4.48741 -0.506221 -0.24814 -4.48474 -0.663809 -0.293978 -4.48606 -0.524536 -1.4737 -4.45081 -0.233862 -1.46242 -4.44429 -0.143488 -1.4262 -4.40666 0.0167895 -1.32968 -4.43003 -0.808026 -0.352547 -4.44143 -0.551614 -0.232015 -4.44708 -0.299854 -0.222234 -4.44002 -0.322491 -1.48162 -4.41322 -0.664838 -0.278372 -4.39203 0.0483703 -1.2757 -4.38421 -0.410363 -0.227012 -4.39268 -0.216004 -0.259351 -4.38994 -0.936358 -0.527286 -4.38989 -0.797525 -0.371982 -4.38589 -0.480253 -1.45544 -4.38175 -0.137771 -1.34665 -4.35473 -0.399 -0.278434 -4.36355 -0.24237 -0.299965 -4.36519 -0.585482 -0.328382 -4.34597 -0.371997 -1.40186 -4.34986 -0.853095 -0.540817 -4.34183 -0.0483423 -0.45397 -4.32269 -0.253703 -0.326469 -4.33505 -0.760793 -0.430395 -4.34251 -0.0617063 -1.26675 -4.33991 -0.420765 -0.308406 -4.3304 -0.480788 -0.399594 -4.32378 0.007258 -0.735969 -4.32034 0.0219849 -0.810002 -4.32471 -0.279694 -1.28729 -4.3341 -0.126811 -1.21182 -4.33353 -0.193932 -1.23372 -4.32228 -0.0440558 -1.11967 -4.32964 -0.824123 -0.6955 -4.31141 0.0277905 -1.01324 -4.3404 -0.725185 -0.524127 -4.32489 -0.610297 -0.44576 -4.32847 -0.491373 -1.32112 -4.33406 -0.355339 -1.30974 -4.34005 -0.637713 -1.25646 -4.32816 -0.0007374 -0.96826 -4.31178 -0.332748 -0.4101 -4.31487 -0.566778 -1.24838 -4.27666 -0.429531 -1.27232 -4.27026 -0.292925 -1.25608 -4.26605 -0.0836468 -0.537917 -4.31874 -0.189498 -0.422173 -4.31643 -0.225605 -1.22719 -4.26618 -0.104044 -1.15131 -4.28735 -0.0364222 -1.04295 -4.27271 -0.654861 -0.513377 -4.24316 -0.185233 -0.490397 -4.28696 -0.0337784 -0.652252 -4.22605 -0.299601 -0.44903 -4.24875 -0.780198 -0.644521 -4.2339 -0.362254 -1.27575 -4.23009 0.0035434 -0.906151 -4.2865 -0.189606 -1.21887 -4.22389 -0.391656 -0.425415 -4.22437 0.0050611 -0.75069 -4.22515 -0.0828511 -0.587189 -4.23927 -0.601859 -0.471597 -4.22691 -0.834528 -0.754622 -4.22288 -0.73319 -0.574289 -4.23017 -0.525726 -0.443182 -4.22582 -0.0790579 -1.13444 -4.21924 0.0187807 -0.897848 -4.21475 -0.265559 -0.447446 -4.22169 0.0076358 -0.979225 -4.21217 -0.156498 -0.521107 -4.23094 -0.585228 -1.25354 -4.21893 -0.446546 -1.30894 -4.20866 -0.272422 -1.27245 -4.21271 -0.63532 -1.29136 -4.18742 -0.157243 -1.27703 -4.18383 -0.317455 -1.34448 -4.18059 -0.840276 -0.609969 -4.1869 -0.54938 -0.375463 -4.17729 -0.364352 -0.354248 -4.17467 -0.683347 -0.448841 -4.19205 0.0075013 -1.10382 -4.19128 -0.209116 -0.401076 -4.18887 0.0608419 -0.969194 -4.18938 0.0774956 -0.88067 -4.18629 0.0501914 -0.709014 -4.19093 -0.0600923 -0.510233 -4.18669 -0.759676 -1.20604 -4.16193 -0.0535887 -1.1839 -4.13485 -0.835924 -1.10525 -4.1735 -0.484802 -1.34737 -4.16803 -0.899593 -0.769606 -4.15723 0.0361187 -0.634386 -4.15423 -0.833468 -0.611934 -4.13197 -0.729805 -0.482431 -4.13281 0.0789322 -0.794574 -4.14933 0.0516359 -1.02066 -4.14727 -0.455753 -0.380769 -4.10827 -0.658201 -1.27199 -4.12452 -0.038947 -0.527609 -4.14545 -0.234176 -0.402175 -4.10784 -0.0153352 -1.1094 -4.10656 -0.493648 -1.32608 -4.1123 -0.604223 -0.422112 -4.1128 -0.822554 -1.07569 -4.1181 -0.127113 -0.474702 -4.11304 -0.710462 -1.20466 -4.10765 -0.869488 -0.777046 -4.11425 -0.341001 -1.30917 -4.10595 -0.176845 -1.26395 -4.10943 0.0467345 -0.926087 -4.10495 0.0361468 -0.739946 -4.10347 -0.0112483 -0.610551 -4.10316 -0.783593 -0.620492 -4.10944 -0.472403 -0.477738 -4.09925 -0.549046 -1.19817 -4.09963 -0.252403 -1.22748 -4.09237 -0.146976 -1.19248 -4.08668 -0.785193 -0.952249 -4.0952 -0.684948 -1.11096 -4.09714 -0.665407 -0.60657 -4.08539 -0.757816 -0.720998 -4.09704 -0.319342 -0.464514 -4.09061 -0.040217 -1.05965 -4.07708 -0.55819 -0.513947 -4.0954 -0.733858 -0.980829 -4.04003 -0.178416 -0.56333 -4.07678 -0.450693 -1.20447 -4.08736 -0.320396 -1.21214 -4.09459 -0.552423 -1.17217 -4.03407 -0.754833 -0.855684 -4.04632 -0.720452 -0.711826 -4.04046 -0.183484 -1.1253 -4.08098 -0.0736293 -0.94424 -4.0653 -0.0564979 -0.883106 -4.08926 -0.0634242 -0.809521 -4.06837 -0.0657573 -0.707994 -4.08395 -0.655402 -1.10351 -4.02846 -0.278477 -0.529519 -4.03822 -0.462756 -0.509904 -4.0327 -0.134461 -1.05272 -4.04984 -0.467571 -1.19485 -4.03072 -0.34742 -0.502905 -4.06264 -0.259851 -1.1702 -4.03279 -0.074667 -0.766002 -4.05665 -0.12438 -0.650486 -4.03429 -0.230007 -0.543922 -4.02789 -0.372161 -1.19885 -4.03085 -0.0672612 -0.762798 -4.02437 -0.597526 -0.551037 -4.02108 -0.175056 -1.13343 -4.01367 -0.762897 -0.752954 -4.01361 -0.0683231 -0.997938 -4.00973 -0.717997 -0.61609 -4.00184 -0.489415 -0.448039 -3.96733 -0.819466 -0.919558 -3.97188 -0.479874 -1.25171 -3.97374 -0.122879 -0.559342 -3.96176 -0.371106 -0.468756 -3.99677 -0.651233 -1.22431 -3.95501 -0.70734 -1.13705 -3.97747 -0.230857 -0.480257 -3.96169 -0.119505 -1.13693 -3.9682 -0.780063 -1.0431 -3.97207 -0.0514925 -0.660599 -3.96561 -0.816238 -0.785436 -3.97411 -0.0306814 -0.897088 -3.99827 -0.0239252 -0.776084 -3.98683 -0.3423 -1.24565 -3.96354 -0.222401 -1.20683 -3.95859 -0.7739 -0.664855 -3.94442 -0.572564 -1.24407 -3.92257 -0.0471064 -1.03533 -3.95583 -0.698167 -0.554364 -3.952 -0.671826 -0.490049 -3.93743 -0.778952 -1.11138 -3.94 -0.599919 -0.48147 -3.94593 -0.841314 -0.98261 -3.9401 -0.408165 -1.30146 -3.93954 0.0349651 -0.830779 -3.94058 -0.544617 -0.426035 -3.93139 -0.782979 -0.618913 -3.94026 -0.543735 -1.28338 -3.94047 -0.744298 -0.567962 -3.94364 -0.154937 -1.21918 -3.93321 -0.427336 -0.409586 -3.93512 -0.353245 -0.435969 -3.95016 -0.0403179 -1.10787 -3.93078 -0.151332 -0.482343 -3.93754 0.0226756 -0.981248 -3.94082 -0.0520621 -0.585034 -3.93548 -0.0118206 -0.914979 -3.94215 -0.859199 -0.838824 -3.93574 0.0151839 -0.713678 -3.93943 -0.837368 -0.748033 -3.94553 -0.278573 -1.27954 -3.93645 -0.819558 -0.687563 -3.94096 -0.701778 -1.1432 -3.94161 -0.276013 -0.429035 -3.92308 -0.63449 -1.18143 -3.85225 -0.0250973 -0.797978 -3.9106 -0.531886 -0.47796 -3.84704 -0.354176 -0.463986 -3.90401 -0.231722 -0.500069 -3.9066 -0.799058 -0.789119 -3.90039 -0.173584 -0.533736 -3.85863 -0.183941 -1.16695 -3.81249 -0.472018 -0.46394 -3.9086 -0.73063 -0.619639 -3.85202 -0.129371 -1.12664 -3.9099 -0.635283 -0.531965 -3.84463 -0.733196 -1.07758 -3.85048 -0.525211 -1.22812 -3.83955 -0.785687 -0.973066 -3.84465 -0.039 -0.971425 -3.84762 -0.786743 -0.72922 -3.85375 -0.0160209 -0.860405 -3.86292 -0.043569 -0.735759 -3.83905 -0.0616573 -0.677113 -3.89487 -0.102021 -0.61299 -3.84821 -0.41045 -0.460098 -3.83894 -0.804543 -0.851578 -3.84903 -0.30027 -0.474086 -3.84027 -0.414385 -1.25025 -3.85665 -0.685597 -1.12193 -3.73073 -0.081553 -1.06091 -3.84986 -0.790711 -0.926831 -3.69937 -0.334118 -1.22943 -3.78705 -0.265642 -0.490725 -3.73886 -0.703526 -0.59986 -3.73334 -0.0300436 -0.925184 -3.70805 -0.0314345 -0.797065 -3.70587 -0.121504 -0.596538 -3.68758 -0.75362 -1.02428 -3.7277 -0.0600627 -1.02232 -3.68775 -0.465969 -1.23755 -3.69508 -0.136734 -1.12767 -3.69937 -0.436037 -0.461737 -3.6933 -0.555772 -0.489661 -3.69249 -0.793729 -0.787404 -3.70432 -0.0645387 -0.673898 -3.70282 -0.585737 -1.19783 -3.70044 -0.214401 -0.515633 -3.6901 -0.259039 -1.22028 -3.69984 -0.646295 -0.547577 -3.67618 -0.314687 -0.470367 -3.68864 -0.176656 -1.14916 -3.66291 -0.381265 -1.2323 -3.64444 -0.104288 -1.07584 -3.66099 -0.517763 -1.21052 -3.63651 -0.0357331 -0.889147 -3.64541 -0.0433114 -0.762488 -3.64752 -0.436788 -0.470629 -3.63603 -0.545006 -0.49652 -3.59974 -0.0652766 -1.00522 -3.58821 -0.263037 -0.498434 -3.59727 -0.24871 -1.19207 -3.58868 -0.50779 -1.2504 -3.57774 0.0010844 -0.943167 -3.56721 0.0120382 -0.777956 -3.58311 -0.303858 -0.442506 -3.58011 -0.0590493 -0.692137 -3.58546 -0.33811 -1.2715 -3.5735 -0.240292 -1.2253 -3.52755 -0.148653 -0.586147 -3.44412 -0.0515154 -0.653696 -3.50838 -0.17989 -1.14398 -3.41394 -0.142705 -1.09714 -3.45787 -0.0384384 -1.02497 -3.51597 -0.548668 -1.23425 -3.51778 -0.207913 -0.505505 -3.48741 -0.0385674 -0.84384 -3.51918 -0.0777053 -1.06589 -3.46854 -0.0658266 -0.986991 -3.47266 -0.0737537 -0.687842 -3.45636 -0.0344269 -0.824073 -3.43682 -0.260219 -1.18658 -3.46678 -0.0439527 -0.900864 -3.4276 -0.0549829 -0.757531 -3.39513 -0.11804 -1.08126 -3.38791 -0.0623705 -0.934818 -3.27387 0.0433181 -0.826026 -3.37613 -0.158121 -1.12462 -3.27787 -0.21787 -1.15402 -3.26925 -0.731499 -1.06567 -3.67916 -0.739546 -0.648583 -3.68256 -0.647483 -1.14522 -3.65834 -0.785492 -0.903278 -3.65039 -0.768275 -0.739209 -3.62612 -0.719222 -1.06336 -3.52552 -0.835959 -0.854216 -3.58081 -0.825426 -0.758276 -3.56813 -0.722244 -0.636183 -3.51794 -0.813867 -0.966157 -3.55421 -0.539338 -0.455231 -3.56543 -0.469351 -0.426486 -3.57548 -0.593453 -1.17639 -3.55469 -0.626768 -0.541701 -3.52589 -0.522894 -0.454608 -3.52694 -0.374936 -0.45212 -3.50964 -0.614346 -1.19132 -3.48224 -0.78202 -0.802407 -3.5112 -0.613881 -0.506643 -3.49533 -0.663442 -1.11397 -3.4321 -0.742499 -1.05959 -3.46648 -0.766746 -0.952226 -3.49612 -0.252912 -0.508701 -3.44809 -0.517357 -1.20768 -3.47788 -0.374937 -1.22084 -3.51574 -0.380852 -0.485067 -3.47087 -0.511411 -0.491784 -3.48217 -0.778328 -0.830744 -3.455 -0.740635 -0.664892 -3.44535 -0.708956 -0.618763 -3.40462 -0.570227 -0.512666 -3.45164 -0.417267 -0.464663 -3.43751 -0.414555 -1.22361 -3.44793 -0.504464 -0.495811 -3.37703 -0.322439 -0.490591 -3.3834 -0.771435 -0.933823 -3.39438 -0.76839 -0.767257 -3.38335 -0.143427 -0.584037 -3.34669 -0.731365 -1.02227 -3.42143 -0.495324 -1.20519 -3.3618 -0.844886 -0.874773 -3.39981 -0.802019 -0.822777 -3.42342 -0.661797 -0.569536 -3.35301 -0.644837 -1.13336 -3.3571 -0.429401 -1.29898 -3.36558 -0.395681 -1.29875 -3.38922 -0.358993 -1.27176 -3.3512 -0.371586 -0.41727 -3.35734 -0.856654 -0.819283 -3.36431 -0.691931 -1.094 -3.35105 -0.704336 -0.621859 -3.3618 -0.438868 -0.397019 -3.36295 0.0243202 -0.884611 -3.35798 0.0025454 -0.7978 -3.33879 -0.602953 -1.15325 -3.28123 -0.328719 -1.20059 -3.2877 -0.614169 -0.552714 -3.27495 -0.567304 -0.52111 -3.31087 -0.856692 -0.870702 -3.32821 0.0391596 -0.850042 -3.32508 -0.479127 -1.20018 -3.29126 -0.114341 -0.651398 -3.26251 -0.222789 -0.540958 -3.25523 -0.137952 -0.582383 -3.28501 -0.412894 -1.29045 -3.30811 -0.424005 -0.4121 -3.29136 -0.76736 -0.780249 -3.27683 -0.752921 -0.719832 -3.23025 -0.694567 -0.567469 -3.29592 -0.690137 -1.12862 -3.29315 -0.485509 -0.50223 -3.27057 -0.374398 -0.487798 -3.25809 -0.769944 -0.904441 -3.26324 -0.676729 -0.59811 -3.2427 -0.428602 -1.2284 -3.26678 -0.0609735 -0.772707 -3.26847 -0.107886 -1.06043 -3.23109 -0.752644 -0.987307 -3.23125 -0.652601 -1.12255 -3.25385 -0.0448917 -0.91389 -3.24468 -0.15778 -0.586598 -3.22244 -0.546839 -0.517166 -3.1676 -0.675561 -1.10057 -3.20708 -0.159946 -1.11957 -3.21351 -0.547609 -1.18734 -3.18994 -0.290061 -1.19846 -3.22072 -0.271178 -0.512457 -3.21084 -0.0675866 -0.719181 -3.21933 -0.779862 -0.847421 -3.21747 -0.418273 -0.486494 -3.21404 -0.0481911 -0.854826 -3.19394 -0.0769201 -0.993622 -3.16756 -0.657933 -0.581938 -3.13161 -0.390735 -1.21678 -3.1146 -0.751973 -0.986068 -3.12287 -0.159582 -1.11227 -3.15137 -0.75357 -0.930716 -3.17234 -0.0772103 -0.718105 -3.15973 -0.745025 -0.698443 -3.12736 -0.259138 -0.521615 -3.10745 -0.565058 -1.18313 -3.10383 -0.777496 -0.83388 -3.09795 -0.0524405 -0.928643 -3.09361 -0.157235 -0.592733 -3.11488 -0.362176 -0.49799 -3.08535 -0.273008 -1.19349 -3.10585 -0.448961 -0.495619 -3.08355 -0.0945146 -0.670992 -3.10165 -0.697157 -1.07176 -3.09873 -0.135979 -1.09738 -3.10349 -0.566231 -0.523014 -3.09395 -0.478929 -1.20483 -3.09787 -0.0508145 -0.775032 -3.09607 -0.133943 -0.647039 -3.06551 -0.686513 -0.63123 -3.07065 -0.198891 -1.12916 -3.06254 -0.611366 -0.568768 -3.05597 -0.629811 -1.12833 -2.98394 -0.376896 -1.20662 -3.05622 -0.427459 -1.18336 -3.02697 -0.25455 -0.566176 -3.02919 -0.0895436 -0.72448 -3.06581 -0.737679 -0.981069 -3.0454 -0.0994608 -0.953159 -3.05278 -0.142316 -1.07441 -3.06299 -0.0845159 -0.899224 -3.05718 -0.0808815 -0.811948 -3.0598 -0.103573 -0.771351 -3.05191 -0.141097 -1.01767 -2.9922 -0.541684 -1.17333 -2.92002 -0.254022 -1.13932 -3.02867 -0.196074 -0.586996 -3.04245 -0.731318 -0.731915 -3.00601 -0.132292 -0.702216 -3.02844 -0.330786 -0.549728 -2.97912 -0.758417 -0.896651 -2.97893 -0.335274 -1.16992 -2.99876 -0.541261 -0.538351 -3.0022 -0.453312 -0.512915 -3.01435 -0.758616 -0.810234 -3.03192 -0.707594 -0.682269 -2.99436 -0.678425 -1.07552 -2.96824 -0.201506 -1.08822 -2.89965 -0.464166 -1.19699 -2.80809 -0.101754 -0.991411 -2.90232 -0.287255 -1.18038 -2.95795 -0.098758 -0.862658 -2.88599 -0.415728 -0.532424 -2.98423 -0.282247 -0.541727 -2.89071 -0.143714 -1.0681 -2.91161 -0.190744 -0.632687 -2.87346 -0.0742113 -0.905994 -2.93689 -0.727044 -0.942894 -2.96242 -0.243967 -0.576678 -2.93253 -0.679571 -0.633062 -2.95184 -0.210718 -1.13247 -2.85441 -0.727562 -0.848491 -2.91257 -0.752557 -0.804586 -2.86019 -0.101075 -0.726992 -2.81396 -0.609785 -0.574382 -2.90807 -0.143366 -0.65151 -2.76958 -0.526818 -0.535692 -2.79777 -0.260018 -1.13173 -2.90079 -0.373115 -0.513518 -2.8917 -0.615126 -1.13892 -2.88493 -0.63101 -0.611602 -2.88269 -0.448617 -0.521086 -2.82206 -0.13962 -0.701528 -2.80624 -0.731807 -0.990382 -2.86475 -0.113781 -0.945147 -2.82623 -0.755983 -0.899931 -2.82994 -0.0829758 -0.812368 -2.80906 -0.720927 -0.756006 -2.84311 -0.691454 -0.677092 -2.84888 -0.425978 -1.18417 -2.79545 -0.292655 -1.17818 -2.77512 -0.72895 -0.710628 -2.85314 -0.682217 -1.06566 -2.79068 -0.148587 -1.01612 -2.814 -0.322345 -0.549348 -2.86253 -0.733396 -0.944683 -2.85271 -0.673827 -0.633302 -2.8066 -0.372436 -0.512901 -2.83262 -0.266057 -1.13233 -2.77109 -0.42231 -0.53933 -2.83208 -0.608863 -0.581248 -2.78876 -0.377703 -1.19823 -2.7456 -0.286009 -0.546904 -2.65785 -0.205085 -0.586725 -2.7976 -0.194514 -1.08013 -2.73262 -0.689115 -0.67032 -2.77534 -0.720971 -0.712322 -2.65638 -0.264398 -1.12736 -2.60008 -0.626409 -0.613172 -2.72232 -0.694191 -1.02412 -2.76595 -0.729481 -0.976972 -2.7499 -0.342619 -1.16433 -2.72335 -0.716052 -0.940953 -2.76864 -0.331421 -0.55987 -2.65578 -0.578841 -1.16082 -2.71044 -0.720851 -0.756202 -2.71631 -0.745695 -0.917896 -2.70421 -0.749246 -0.81113 -2.72788 -0.191317 -0.638323 -2.63493 -0.366272 -0.518916 -2.71309 -0.60173 -0.574227 -2.69161 -0.415664 -0.534993 -2.69151 -0.687607 -1.06503 -2.69149 -0.108149 -0.728574 -2.61093 -0.471172 -1.18839 -2.59947 -0.717505 -1.01408 -2.63995 -0.67375 -0.639275 -2.65852 -0.447867 -0.519953 -2.561 -0.381168 -1.19674 -2.59118 -0.512016 -0.541687 -2.58793 -0.685206 -0.689127 -2.56465 -0.610328 -0.591639 -2.60532 -0.294809 -1.16881 -2.55173 -0.738476 -0.798037 -2.55231 -0.344387 -1.15828 -2.49996 -0.151505 -1.0683 -2.76036 -0.117341 -0.941047 -2.75608 -0.257776 -0.587755 -2.69352 -0.0848518 -0.815956 -2.60561 -0.115039 -0.774142 -2.66563 -0.151789 -1.05218 -2.72009 -0.0831474 -0.90742 -2.66381 -0.211863 -1.12676 -2.64333 -0.215851 -0.590538 -2.62374 -0.154195 -1.0153 -2.67915 -0.145885 -0.703507 -2.62293 -0.109269 -0.990637 -2.65822 -0.20384 -1.07671 -2.64211 -0.356129 -0.528899 -2.57066 -0.11903 -0.936188 -2.52765 -0.101962 -0.858661 -2.61238 -0.569872 -1.15886 -2.58978 -0.430109 -1.17402 -2.55103 -0.648024 -1.10885 -2.57107 -0.154503 -1.06381 -2.59612 -0.51745 -1.16345 -2.47256 -0.740887 -0.913677 -2.54801 -0.1187 -0.988412 -2.49799 -0.151712 -0.643791 -2.5486 -0.089831 -0.900869 -2.49846 -0.119439 -0.778778 -2.44945 -0.206423 -1.07897 -2.55782 -0.710202 -1.02867 -2.54342 -0.718042 -0.976491 -2.47006 -0.161383 -1.01988 -2.41769 -0.447863 -0.532193 -2.49951 -0.383547 -0.527685 -2.50907 -0.277991 -0.560843 -2.52807 -0.567783 -1.16067 -2.43712 -0.221343 -1.12313 -2.45749 -0.205654 -0.618582 -2.43895 -0.16134 -1.06276 -2.39348 -0.336546 -0.558391 -2.47882 -0.115734 -0.854486 -2.42204 -0.675348 -0.679167 -2.40209 -0.664925 -0.638652 -2.42062 -0.719073 -0.718766 -2.42211 -0.275274 -0.555993 -2.41312 -0.59726 -0.582067 -2.4817 -0.275164 -1.12423 -2.39739 -0.480633 -1.19209 -2.41397 -0.641541 -1.10957 -2.42003 -0.746414 -0.823104 -2.36361 -0.714134 -1.02374 -2.43354 -0.140027 -0.647798 -2.40609 -0.433234 -1.16876 -2.41157 -0.385444 -1.19084 -2.41835 -0.745159 -0.894517 -2.39981 -0.20005 -1.07412 -2.40901 -0.124496 -0.990432 -2.3521 -0.146413 -0.705834 -2.43365 -0.609246 -0.599924 -2.33645 -0.229093 -1.12355 -2.31327 -0.110531 -0.717663 -2.34859 -0.506755 -0.551812 -2.31952 -0.549634 -0.580057 -2.34273 -0.300381 -1.16334 -2.3474 -0.439093 -0.537214 -2.33959 -0.47181 -1.1866 -2.3038 -0.277347 -1.12282 -2.29365 -0.356504 -1.15651 -2.292 -0.132411 -0.684628 -2.35798 -0.101782 -0.813048 -2.26048 -0.71335 -1.02015 -2.33675 -0.12624 -0.93429 -2.34326 -0.127541 -0.764051 -2.29125 -0.339612 -0.523532 -2.34813 -0.710777 -0.988838 -2.3475 -0.086107 -0.892556 -2.26401 -0.667478 -0.650378 -2.30581 -0.553737 -1.15692 -2.33065 -0.211305 -0.619729 -2.31522 -0.652165 -1.0948 -2.28604 -0.379797 -1.17933 -2.25196 -0.215669 -1.07325 -2.18385 -0.114445 -0.857318 -2.23991 -0.711879 -0.729532 -2.34303 -0.271228 -0.567688 -2.21509 -0.666227 -0.685217 -2.27915 -0.380002 -0.53265 -2.23207 -0.160974 -1.01147 -2.2263 -0.722501 -1.03323 -2.27772 -0.115698 -0.968703 -2.21949 -0.728713 -0.937382 -2.18993 -0.747895 -0.834161 -2.24039 -0.155216 -0.657337 -2.28017 -0.473582 -1.18563 -2.20537 -0.657493 -0.650709 -2.24836 -0.582796 -0.586172 -2.22792 -0.302999 -1.16596 -2.27136 -0.17168 -1.05711 -2.219 -0.435226 -1.16506 -2.23074 -0.445919 -0.558258 -2.2345 -0.131396 -0.926329 -2.1851 -0.555021 -1.16076 -2.23919 -0.628452 -0.646128 -2.21593 -0.697382 -0.723261 -2.19047 -0.217801 -1.123 -2.19582 -0.12257 -0.716854 -2.22388 -0.273662 -1.11643 -2.1936 -0.49218 -0.556736 -2.12457 -0.559154 -1.15547 -2.17487 -0.357788 -1.15026 -2.18911 -0.306645 -1.16228 -2.13084 -0.671274 -1.05494 -2.14497 -0.716117 -1.014 -2.17901 -0.645338 -0.67833 -2.21236 -0.113803 -0.728796 -2.17451 -0.269494 -0.571719 -2.10311 -0.226909 -0.62554 -2.12875 -0.521188 -1.15511 -2.11656 -0.386878 -1.18 -2.06003 -0.740892 -0.904487 -2.08939 -0.735785 -0.800864 -2.07889 -0.13531 -0.763664 -2.14962 -0.142115 -0.701356 -2.15541 -0.154014 -0.643752 -2.18943 -0.637167 -1.10702 -2.10313 -0.669966 -0.658623 -2.16401 -0.5674 -0.594771 -2.08321 -0.432183 -1.16003 -2.06356 -0.590198 -0.621287 -2.07871 -0.119817 -0.850288 -2.09163 -0.450457 -0.564131 -2.13591 -0.398748 -0.535087 -2.10498 -0.169366 -1.05587 -2.06069 -0.105477 -0.727173 -2.09764 -0.701776 -0.977317 -2.09723 -0.0811776 -0.803676 -2.10881 -0.655962 -0.65233 -2.04956 -0.715508 -1.02215 -2.07428 -0.285616 -1.12185 -2.04696 -0.082447 -0.887905 -2.09864 -0.474637 -1.17607 -2.02664 -0.355397 -1.14751 -2.07213 -0.147712 -0.988916 -2.04941 -0.137894 -0.763667 -2.07887 -0.23322 -1.09971 -2.04745 -0.723779 -0.783009 -2.00715 -0.158206 -0.654207 -2.07493 -0.106515 -0.815094 -2.06687 -0.121987 -0.907177 -2.02892 -0.313969 -1.1572 -1.98062 -0.443941 -0.572072 -2.04844 -0.568679 -1.14889 -1.99854 -0.74415 -0.858792 -1.98365 -0.645259 -1.08166 -1.9859 -0.201796 -0.639032 -2.01204 -0.10997 -0.967942 -2.03468 -0.586735 -0.598679 -1.97403 -0.520872 -0.565401 -2.02818 -0.439528 -0.535026 -2.00215 -0.370939 -0.54494 -1.99951 -0.127705 -0.729444 -1.98339 -0.172824 -0.637651 -1.94488 -0.35215 -1.14666 -1.9844 -0.128803 -0.779723 -1.99004 -0.702855 -0.959519 -1.91476 -0.17485 -1.0041 -1.95153 -0.524085 -1.14787 -1.93799 -0.291815 -0.572551 -2.00179 -0.247528 -0.594611 -1.96721 -0.229092 -1.10716 -1.95743 -0.138925 -0.982011 -1.95015 -0.120903 -0.852637 -1.97571 -0.705842 -0.992219 -1.91039 -0.73582 -0.759593 -1.95761 -0.104026 -0.88944 -1.96524 -0.621836 -0.61327 -1.94518 -0.449408 -0.547119 -1.91936 -0.699444 -0.711645 -1.9083 -0.641849 -1.08538 -1.89286 -0.141342 -0.666512 -1.92778 -0.212973 -0.655074 -1.96096 -0.60151 -1.15151 -1.94199 -0.142501 -0.769728 -1.88748 -0.54623 -0.565589 -1.89837 -0.303545 -0.582131 -1.95131 -0.117658 -0.806245 -1.95317 -0.117368 -0.805433 -1.96026 -0.269554 -1.11472 -1.88426 -0.180382 -1.05769 -1.90676 -0.125804 -0.834792 -1.91439 -0.121641 -0.800571 -1.94749 -0.435268 -1.15761 -1.89095 -0.391405 -1.1716 -1.88455 -0.229671 -0.65964 -1.91284 -0.34285 -1.1433 -1.86911 -0.307501 -0.618765 -1.89271 -0.616516 -0.629813 -1.87523 -0.370881 -0.542071 -1.80182 -0.686006 -0.678806 -1.87711 -0.240059 -1.10136 -1.81585 -0.575189 -1.14406 -1.79805 -0.622531 -1.10362 -1.80651 -0.728397 -0.924 -1.80123 -0.146938 -0.972684 -1.80831 -0.12726 -0.886585 -1.8078 -0.749271 -0.877544 -1.80768 -0.49649 -0.567861 -1.81453 -0.140877 -0.78213 -1.80219 -0.48077 -1.16057 -1.80413 -0.23149 -0.608368 -1.81634 -0.237677 -0.661106 -1.83889 -0.178487 -0.712727 -1.77924 -0.230332 -1.05341 -1.78281 -0.186287 -1.03691 -1.80619 -0.332179 -1.1428 -1.80512 -0.301288 -1.09995 -1.76869 -0.623049 -0.609654 -1.80954 -0.651394 -1.00936 -1.78841 -0.738765 -0.734894 -1.8271 -0.316381 -0.624732 -1.77906 -0.439283 -1.14213 -1.7716 -0.706048 -0.72654 -1.77685 -0.511249 -0.597551 -1.75158 -0.569578 -1.08052 -1.74553 -0.600157 -0.694557 -1.73125 -0.620548 -0.981675 -1.74351 -0.717771 -0.869821 -1.76845 -0.230149 -0.992284 -1.7449 -0.519809 -1.10776 -1.74625 -0.162033 -0.830621 -1.76406 -0.407552 -0.58274 -1.74945 -0.275844 -0.719775 -1.74576 -0.596804 -0.927482 -1.71455 -0.663739 -0.807105 -1.73339 -0.383868 -0.663844 -1.72059 -0.315253 -0.999101 -1.71421 -0.250357 -0.925474 -1.72373 -0.46022 -1.06394 -1.71623 -0.459096 -0.671732 -1.71227 -0.317346 -0.822851 -1.70279 -0.585147 -0.829271 -1.70355 -0.512575 -0.940526 -1.6928 -0.480854 -0.784434 -1.68654 -0.43848 -0.953344 -1.68678 -0.399795 -0.784069 -1.69058 -0.486235 -0.864974 -1.68246 -0.34748 -0.891211 -1.6925 -0.405051 -0.891378 -1.68307"/>
    <Normal vector="0.675622 -0.736646 -0.029791 0.792554 -0.608692 -0.0367624 0.781276 -0.620751 -0.0653838 0.685819 -0.727618 -0.015009 0.881141 -0.468771 -0.0620094 0.869652 -0.483506 -0.0996374 0.926647 -0.337822 -0.164929 0.899472 -0.41828 -0.126464 0.928285 -0.359621 -0.0946557 0.975417 -0.216778 -0.0396028 0.976001 -0.176057 -0.128167 0.959216 -0.249672 -0.132544 0.993289 -0.0855692 -0.0778143 0.995009 -0.0995446 -0.00692423 0.998156 -0.0391328 -0.0463939 0.998376 -0.0107461 0.055948 0.99956 -0.0290707 -0.00586546 0.999488 -0.0225021 0.0227366 0.998776 -0.0145312 0.0472801 0.572678 -0.819779 0.00163997 0.509899 -0.859907 0.0237353 0.575742 -0.81763 -0.00136446 0.969418 -0.120516 -0.213785 0.830326 -0.53206 -0.16574 0.910636 -0.370865 -0.182211 0.863762 -0.476569 -0.163698 0.991755 -0.127208 0.0154831 0.998709 0.0248836 -0.0442808 0.993253 0.006332 0.115797 0.989394 -0.0154512 0.144431 0.647087 -0.760779 -0.0499361 0.749325 -0.648723 -0.132931 0.79287 -0.584324 -0.172982 -0.0348454 -0.986164 0.162071 0.138445 -0.98809 0.0671713 0.126424 -0.980364 0.151339 -0.0360036 -0.996665 0.0732332 0.31233 -0.948627 0.0505649 0.289359 -0.950115 0.116418 -0.200841 -0.977574 0.0633346 0.455744 -0.889906 0.0190982 0.424871 -0.903727 0.0525659 0.98566 0.0371342 0.164607 0.719261 -0.680711 -0.138909 0.939931 0.0799081 0.33188 0.545731 0.0543144 0.836198 0.988959 -0.0527459 0.138483 0.965035 0.0111471 0.261884 0.994061 0.0117909 0.108187 0.89807 -0.419904 -0.130958 0.723889 -0.671688 -0.157545 0.452686 -0.887584 0.0852699 0.376825 -0.920016 0.107586 0.521695 -0.852381 0.0357897 0.591321 -0.804746 -0.0521893 0.956355 0.0731681 0.282899 0.749078 -0.00984696 0.662409 0.807853 -0.557715 -0.190598 0.505715 0.586084 0.633055 0.809809 0.451514 0.374625 0.608921 -0.0853471 0.788626 0.219881 -0.0724094 0.972836 0.988854 -0.127043 0.0776342 0.536897 0.0245433 0.843291 0.645341 -0.0236552 0.763528 0.947242 0.144777 -0.285958 0.95204 -0.0203049 -0.305301 0.99612 0.0464376 -0.0747599 0.445225 -0.888645 0.109929 0.358329 -0.914005 0.190253 0.517547 -0.855654 0.00137381 0.630102 -0.767742 -0.11638 0.0989091 -0.943951 0.314917 0.035886 -0.968681 0.245703 -0.0350966 -0.942807 0.331488 0.0305956 -0.949473 0.312353 0.16222 -0.945238 0.283213 0.179049 -0.960278 0.214029 0.231106 -0.936004 0.265494 -0.100547 -0.944376 0.31312 -0.10563 -0.963659 0.245363 0.329337 -0.933919 0.139041 0.287222 -0.934874 0.208601 0.926834 0.00635694 -0.375418 0.882826 -0.00902195 -0.469613 0.938377 0.214349 -0.271114 0.888516 -0.00742652 -0.458785 0.656109 -0.73754 -0.159863 0.928005 -0.242056 -0.283225 0.917617 0.00211919 -0.397461 0.816462 0.168834 -0.552164 0.696136 -0.0283568 -0.71735 0.748032 0.0155507 -0.663481 0.521543 -0.852306 -0.039594 0.726379 -0.618519 -0.29968 0.830528 -0.377274 -0.409741 0.128526 -0.90122 0.413864 0.189892 -0.908374 0.372556 0.244628 -0.912899 0.32676 -0.0875552 -0.89028 0.446919 -0.032112 -0.887665 0.459368 0.304197 -0.912653 0.272999 0.347746 -0.918064 0.190347 0.42697 -0.900296 0.084633 0.543851 -0.837583 -0.0517766 0.0252548 -0.892433 0.450472 0.0754483 -0.894417 0.440824 0.8201 0.0300915 -0.571428 0.806366 -0.453363 -0.379784 0.787727 0.0455605 -0.614337 0.735981 -0.0437144 -0.67559 0.806025 0.108067 -0.581932 0.5948 -0.726725 -0.343633 0.517138 -0.849913 -0.101077 0.351757 -0.917546 0.185407 0.150342 -0.882243 0.446145 0.0979023 -0.864471 0.493056 -0.0623578 -0.823565 0.563784 -0.00344049 -0.821435 0.570291 0.0512263 -0.826034 0.561287 0.0866537 -0.8208 0.564605 0.122066 -0.838139 0.531623 0.167887 -0.863149 0.476222 0.214584 -0.886693 0.409547 0.275151 -0.913979 0.298219 0.329017 -0.917645 0.222879 0.440019 -0.893244 0.0921899 0.983445 1.26106e-05 -0.181205 0.928318 -0.370044 0.0359728 0.998677 0.0380679 0.0345646 0.95642 -0.0264587 -0.290794 0.604028 -0.796884 -0.0112507 0.241357 -0.894241 0.376936 0.195986 -0.861782 0.46789 0.384979 -0.919412 0.0804555 0.0840344 -0.764095 0.639607 0.117337 -0.797512 0.591783 0.0708547 -0.692148 0.718269 0.132146 -0.815952 0.562815 0.200993 -0.87378 0.442844 0.253851 -0.907493 0.334689 0.362065 -0.916424 0.170519 0.0332064 -0.71831 0.69493 -0.00717845 -0.708189 0.705986 0.0595446 -0.738861 0.671222 0.965347 0.00136784 0.260965 0.784319 -0.0449497 0.618727 0.3976 -0.821567 0.408585 0.730495 -0.43719 0.524634 0.0172115 -0.598509 0.800931 0.0405226 -0.644787 0.763288 0.102188 -0.767434 0.632932 0.161321 -0.832507 0.530008 0.209371 -0.886288 0.413106 0.743675 -0.00757426 0.668498 -0.0207766 -0.601018 0.798965 0.00558008 -0.459684 0.888065 0.0128287 -0.476371 0.879151 0.0187679 -0.527204 0.849531 0.0459607 -0.581062 0.81256 0.0634715 -0.663282 0.745673 0.165538 -0.749344 0.641156 0.300134 -0.0200222 0.953687 0.230645 -0.335281 0.913449 0.273797 -0.01708 0.961636 0.00206467 -0.027438 0.999621 0.00544801 -0.00649674 0.999964 0.0252336 -0.0100133 0.999631 0.00275174 -0.00984442 0.999948 -0.000793389 -0.0153924 0.999881 0.00189765 -0.185613 0.982621 0.00193284 -0.00832341 0.999964 0.0072858 -0.193688 0.981036 0.0203086 -0.00857833 0.999757 -0.00364185 -0.0237743 0.999711 -0.002875 -0.223777 0.974636 0.0337182 -0.23276 0.971949 0.0219186 -0.271102 0.962301 0.00411849 -0.0191535 0.999808 -0.000162785 -0.010348 0.999946 -0.0064851 -0.0196094 0.999787 -0.00463422 -0.013285 0.999901 0.000127259 -0.0131547 0.999913 -0.000777726 -0.0159141 0.999873 -0.0053649 -0.0129719 0.999902 0.997731 -0.0159076 0.0654209 0.997787 -0.0237507 0.0621119 0.998314 -0.0367829 0.0448969 0.992831 -0.0471407 0.109839 0.995342 -0.071127 0.0650763 0.980361 -0.0994042 0.170328 0.987197 -0.128427 0.0945963 0.969445 -0.213099 0.121512 0.954511 -0.196305 0.224439 0.920286 -0.310127 0.238527 0.940571 -0.325659 0.0962939 0.882262 -0.463549 0.0820725 0.891239 -0.429275 0.146345 0.925891 -0.377785 -0.00199004 0.951879 -0.296333 -0.0781797 0.91144 -0.407936 -0.0535295 0.953388 -0.295575 -0.0607152 0.984026 -0.168067 -0.0586998 0.980547 -0.182652 -0.0718693 0.992229 -0.111659 -0.0549056 0.993832 -0.109443 -0.0179073 0.990477 -0.0154349 0.136812 0.865273 -0.306204 0.396915 0.77465 -0.506013 0.3793 0.778402 -0.625104 0.0577515 0.77295 -0.541635 -0.330424 0.947237 -0.287932 -0.140845 0.997126 -0.0506741 0.0563228 0.974204 -0.0388259 0.222304 0.996039 -0.00675782 0.088662 0.994465 -0.0128922 0.104278 0.933192 -0.0566154 0.354891 0.519519 -0.843643 -0.135521 0.54247 -0.785032 0.299084 0.962318 -0.0251746 -0.270757 0.998032 -0.0342736 -0.0525144 0.94968 -0.0886497 -0.300416 0.991696 -0.0104028 0.128186 0.975378 -0.0980239 0.197559 0.0472784 -0.998687 0.0197315 0.99158 -0.00967649 0.129131 0.712375 -0.674725 0.193051 0.0561822 -0.994711 0.0859822 0.997325 -0.00222104 0.0730599 0.679289 -0.696624 -0.230827 0.982228 0.0869115 -0.166357 0.421759 -0.660554 0.621118 0.99363 0.0181618 0.111221 0.995104 0.0238735 0.0959096 0.674696 -0.0306896 0.737458 0.799604 0.392068 0.45488 0.67898 -0.0281201 0.733618 0.657697 -0.349903 0.667085 0.0364368 -0.76059 0.648209 0.660503 -0.029929 0.750227 0.779478 0.0150027 0.62625 -0.0256271 -0.730646 0.682275 0.460869 0.0500861 0.886054 0.551607 -0.047519 0.83275 0.223789 -0.320338 0.92049 0.509111 -0.00888208 0.860655 0.665806 -0.0110601 0.746043 0.721177 -0.0070157 0.692715 0.662888 -0.0292638 0.748147 0.643138 -0.0242211 0.765367 0.172983 -0.0409038 0.984075 0.594712 -0.0135802 0.803824 0.994414 0.0488342 -0.0935725 0.603592 0.0205182 0.797029 0.1531 -0.0549101 0.986684 0.870565 -0.0415464 0.490296 0.125989 -0.0373491 0.991328 0.0388663 -0.599 0.799806 0.549926 -0.596396 0.584716 0.948726 0.00384226 -0.316075 0.987175 0.057975 -0.148744 0.987271 -0.000949654 -0.159042 0.605247 -0.435432 0.666389 0.527156 -0.111308 0.842447 0.944404 0.00262881 -0.328778 0.748825 -0.646547 -0.145736 0.119114 -0.992599 -0.0236439 0.982399 -0.0256311 -0.185028 0.870414 -0.00197333 -0.492316 0.886815 0.194788 -0.419066 0.886758 0.254635 -0.385774 0.862777 -0.00867776 -0.50551 0.850573 -0.00740912 -0.525805 0.530427 -0.657637 -0.534941 0.913409 -0.0365795 -0.405396 0.869003 -0.0130217 -0.494636 0.793708 -0.0452971 -0.60661 0.164319 -0.852432 -0.496346 0.749447 0.0414508 -0.660766 0.797495 -0.00953112 -0.60325 0.701681 0.0138153 -0.712357 0.720071 0.213677 -0.660182 0.788487 -0.193246 -0.583905 0.733943 -0.0179929 -0.678973 0.730798 0.0488668 -0.680843 0.731541 -0.0303358 -0.681122 0.805465 -0.0151789 -0.592449 0.647491 -0.597661 -0.472818 0.626907 0.439604 -0.643223 0.8553 -0.00582671 -0.5181 0.739373 -0.050084 -0.671431 0.776868 0.0140133 -0.629507 0.753049 -0.0550306 -0.65566 0.775973 0.0125505 -0.630642 0.830121 0.00676853 -0.557542 0.392975 -0.340728 -0.854093 0.718744 0.382068 -0.580889 0.79233 -0.0167513 -0.609863 0.67349 -0.0131746 -0.739079 0.919056 0.315839 -0.235757 0.517517 -0.641438 -0.566333 0.999937 -0.000451141 -0.0112501 0.964486 0.158259 -0.211472 0.999897 -0.00534263 0.0132953 0.976321 -0.0488085 -0.210749 0.982415 0.0110706 0.186379 0.975046 -0.0184755 -0.221235 0.996393 -0.0735018 0.0424199 0.690638 -0.712972 0.121204 0.887225 -0.0438038 0.459253 0.758129 -0.00380939 0.652093 0.721387 0.00830383 0.692482 0.419461 -0.359303 0.833639 0.828774 -0.0224767 0.559133 0.244561 -0.546563 0.800911 0.26457 -0.00446775 0.964356 0.272073 -0.00964343 0.962228 0.504728 -0.0184004 0.863082 -0.00076921 -0.0133653 0.99991 -0.00162131 -0.00599527 0.999981 0.00120063 -0.00493352 0.999987 0.00863837 -0.00751203 0.999934 0.00374463 0.00578251 0.999976 0.00989346 0.0036095 0.999945 0.000751165 -0.57277 0.819716 -0.0028137 -0.447425 0.894317 0.0119485 -0.762487 0.646894 0.369687 -0.472829 0.799852 0.519087 -0.0207286 0.85447 0.00775615 -0.589585 0.807669 0.00226048 -0.571545 0.820567 0.00345733 -0.357094 0.934062 0.00382004 -0.0102247 0.99994 0.0772499 -0.328598 0.941306 0.0880312 0.0508498 0.994819 0.00357494 -0.340507 0.940235 0.00342355 -0.00226926 0.999992 -0.0010397 -0.00397849 0.999992 -0.529024 -0.848212 0.0258925 -0.441688 -0.896957 0.019495 -0.433532 -0.899995 0.04538 -0.535684 -0.844403 0.00511788 -0.33885 -0.940197 0.0347908 -0.328979 -0.942637 0.0566383 -0.883088 -0.464242 -0.068083 -0.864347 -0.498919 -0.0631194 -0.789792 -0.607613 -0.0838801 -0.792255 -0.60807 -0.0508198 -0.913557 -0.406674 0.00551449 -0.934068 -0.352097 -0.0595325 -0.98468 -0.173474 -0.0176852 -0.974826 -0.218545 0.0441875 -0.997364 -0.0593307 0.0417841 -0.997192 -0.0470643 0.058256 -0.992718 0.00028254 0.120461 -0.997766 -0.0338635 0.0575894 -0.985834 -0.0474541 0.160872 -0.995976 -0.036573 0.0818132 -0.651215 -0.758684 -0.0178476 -0.634879 -0.772513 -0.0123156 -0.718973 -0.693561 -0.0452837 -0.980748 -0.00906024 0.195069 -0.993533 -0.0246675 0.110836 -0.97493 -0.0198495 0.221623 -0.805734 -0.591333 -0.0334352 -0.978169 -0.204264 -0.0382337 -0.972369 0.0417733 0.229683 -0.940442 0.13134 0.313558 -0.918387 -0.0670257 0.389966 -0.956617 -0.0428386 0.288183 -0.699479 -0.714648 0.00273166 -0.953505 -0.28438 0.099784 -0.988736 -0.0692605 0.132682 -0.596528 -0.802591 0.00148259 -0.498722 -0.863814 0.0714232 -0.416087 -0.903452 0.103177 -0.326407 -0.936689 0.126778 -0.192821 -0.969444 0.151649 -0.274689 -0.959686 0.0595807 -0.753566 -0.0555749 0.655019 -0.931425 -0.00397108 0.363912 -0.850118 0.122859 0.51206 -0.783963 0.274287 0.556928 -0.727548 0.165675 0.665752 -0.867339 -0.100677 0.48743 -0.889049 -0.00894885 0.457724 -0.717287 -0.183579 0.672159 -0.621105 -0.154796 0.768288 -0.87773 0.10251 0.468062 -0.622012 -0.0362724 0.782167 -0.831354 -0.540837 0.12785 -0.563918 -0.821005 0.0891424 -0.675053 -0.728987 0.1135 -0.394983 -0.903853 0.16443 -0.295409 -0.934268 0.199694 -0.47426 -0.870815 0.129453 -0.878771 0.155833 0.451085 -0.460068 -0.139286 0.87689 -0.732235 0.384842 0.561897 -0.836245 0.310062 0.452279 -0.93515 -0.161737 0.315175 -0.689515 -0.267698 0.672984 -0.680572 -0.0225115 0.732336 -0.3854 -0.0780435 0.919443 -0.791883 -0.550535 0.264257 -0.541471 -0.819282 0.188643 -0.821596 0.508228 0.258233 -0.790944 0.285506 -0.541196 -0.848919 0.477575 0.226404 -0.971991 0.0711566 -0.223987 -0.983456 0.031355 -0.178412 -0.79013 -0.548871 0.272828 -0.640876 -0.736012 0.218093 -0.293519 -0.913177 0.282763 -0.354901 -0.900038 0.252935 -0.437919 -0.872712 0.215872 -0.167432 -0.934704 0.313519 -0.244284 -0.945413 0.215685 -0.229793 -0.930535 0.285132 -0.962624 0.1384 -0.232809 -0.989014 -0.0953037 0.113001 -0.954483 -0.0895193 -0.284513 -0.836663 -0.0963971 -0.539168 -0.812147 -0.0683963 -0.57943 -0.857065 0.0485213 -0.512919 -0.927564 -0.368852 0.0597773 -0.782011 0.0692125 -0.619409 -0.62813 0.197064 -0.75274 -0.525768 -0.803229 0.279986 -0.423538 -0.860346 0.283585 -0.260214 -0.890163 0.37403 -0.202471 -0.895111 0.397218 -0.141523 -0.892638 0.427983 -0.316932 -0.887523 0.33445 -0.898516 -0.122388 -0.421534 -0.821831 -0.133882 -0.553778 -0.907109 -0.0218648 -0.420327 -0.703644 -0.678606 0.210664 -0.474631 -0.828891 0.296083 -0.808892 -0.587877 0.00971818 -0.971682 0.0544592 -0.229929 -0.944805 -0.0843943 -0.316576 -0.909138 -0.38408 -0.161094 -0.568176 -0.80217 0.183575 -0.374627 -0.850999 0.368041 -0.181456 -0.871397 0.455785 -0.112207 -0.831323 0.544345 -0.316299 -0.851132 0.418962 -0.253376 -0.861379 0.440258 -0.210853 -0.848469 0.48543 -0.152108 -0.830652 0.535612 -0.989655 -0.0403301 -0.137683 -0.995694 0.0918854 -0.0122433 -0.690184 -0.72159 -0.0543573 -0.888167 -0.459142 -0.0186659 -0.96879 -0.206664 -0.136877 -0.258048 -0.837763 0.481211 -0.191013 -0.804538 0.562346 -0.961711 0.0271539 0.272718 -0.651102 -0.755387 0.0738767 -0.372478 -0.856521 0.357256 -0.268357 -0.841792 0.468371 -0.434616 -0.872453 0.223462 -0.0841784 -0.665042 0.742046 -0.138295 -0.772322 0.619995 -0.0938499 -0.739697 0.666364 -0.0522818 -0.72137 0.690574 -0.9203 -0.239617 0.309244 -0.698093 -0.433256 0.570049 -0.458497 -0.78137 0.423368 -0.222943 -0.830918 0.509777 -0.129115 -0.736922 0.663532 -0.0663251 -0.633717 0.770717 -0.918306 0.0222928 0.395244 -0.513374 -0.0470466 0.856875 -0.607823 -0.00824689 0.79403 -0.0280219 -0.584948 0.810587 -0.166342 -0.753216 0.636393 -0.0887407 -0.623759 0.776563 -0.0456398 -0.539385 0.840821 -0.039894 -0.522414 0.851758 -0.190026 -0.0909881 0.977554 -0.226246 -0.395515 0.890158 -0.0959661 -0.309214 0.946138 -0.0336065 -0.226233 0.973493 -0.0234204 -0.294051 0.955503 -0.201295 -0.0187419 0.979351 0.0454849 -0.0037298 0.998958 0.000330146 -0.0436742 0.999046 -0.00799838 -0.0239587 0.999681 -0.00870636 -0.250716 0.968022 0.00912053 -0.00720397 0.999932 -0.0261817 -0.0200934 0.999455 -0.0137492 -0.0188808 0.999727 0.00251087 -0.0123211 0.999921 0.00406221 -0.01523 0.999876 -0.00732049 -0.0178076 0.999815 0.00181779 -0.0150832 0.999885 0.000374574 -0.00944938 0.999955 0.000376248 -0.00762544 0.999971 -0.00349598 -0.0161485 0.999864 0.00326315 -0.00333379 0.999989 -0.969553 -0.0669694 0.235546 -0.990188 -0.067241 0.122503 -0.987092 -0.129718 0.0939282 -0.969488 -0.111066 0.218536 -0.978568 -0.155489 0.135009 -0.95567 -0.113315 0.271762 -0.937241 -0.191095 0.291655 -0.942341 -0.287578 0.171147 -0.733542 -0.621443 0.275182 -0.714184 -0.66891 0.206158 -0.743201 -0.655442 0.13434 -0.879099 -0.438825 0.186056 -0.876574 -0.347042 0.333436 -0.810732 -0.497195 0.309047 -0.82027 -0.544391 0.175486 -0.924732 0.019113 0.380139 -0.90384 -0.0767229 0.420935 -0.914284 -0.0976159 0.393136 -0.877038 -0.0803178 0.47366 -0.748357 -0.402241 0.527413 -0.707833 -0.510666 0.48805 -0.801476 -0.219193 0.556408 -0.629321 -0.609564 0.482066 -0.816962 0.302138 0.491209 -0.811896 0.0155329 0.583596 -0.838379 -0.105481 0.534785 -0.936657 -0.0036501 0.35023 -0.752617 -0.249335 0.609425 -0.726919 0.19696 0.657872 -0.695665 -0.402292 0.595156 -0.593393 -0.493672 0.635746 -0.431383 -0.427103 0.794665 -0.815653 0.0480339 0.576544 -0.808669 -0.262376 0.52651 -0.864271 -0.202785 0.460341 -0.583515 0.166673 0.794815 -0.873767 0.0148992 0.486116 -0.558925 -0.0704728 0.826218 -0.544526 -0.0389418 0.837839 -0.810876 0.251947 0.528207 -0.801132 0.0846365 0.592472 -0.275579 0.356398 0.892769 -0.800172 0.255639 0.542561 -0.390429 -0.393999 0.832064 -0.559263 -0.353379 0.749898 -0.36177 -0.373481 0.854186 -0.257129 -0.202005 0.945028 -0.4371 0.310344 0.844174 -0.645962 0.0889331 0.758172 -0.732428 0.222601 0.643427 -0.351187 0.0535744 0.934771 -0.813152 -0.0346562 0.581019 -0.519941 0.547779 0.655439 -0.631386 0.179259 0.754465 -0.856768 -0.0399618 0.514152 -0.527216 0.505787 0.682805 -0.922731 0.309901 -0.229193 -0.561529 0.187884 0.805844 -0.472196 -0.503145 0.723793 -0.765563 0.236821 0.598188 -0.581609 -0.191174 0.790685 -0.637659 0.0641066 0.767647 -0.334072 -0.418899 0.844345 -0.44248 -0.619106 0.648784 -0.894029 0.321205 0.312312 -0.534831 0.0405214 0.843987 -0.93938 -0.171352 0.296991 -0.898571 0.271446 -0.3448 -0.976527 -0.209864 -0.0485002 -0.119011 -0.299544 0.946631 -0.589713 0.132712 0.796634 -0.855381 -0.439902 0.273512 -0.815021 0.431706 -0.386485 -0.319253 -0.165632 0.933083 -0.039959 0.106172 0.993545 -0.363166 0.466185 0.806711 0.0608264 0.0518738 0.9968 -0.243463 0.0229113 0.96964 -0.491769 -0.143297 0.858854 -0.446411 -0.683725 0.577267 -0.469487 -0.858847 0.204851 -0.61466 -0.163747 0.771609 -0.32349 0.150702 0.934154 -0.269011 0.387023 0.881956 -0.959368 -0.0141308 0.281805 -0.910588 0.377186 0.168999 -0.224347 -0.957367 0.181981 -0.914029 -0.404074 -0.035712 -0.935905 0.176913 -0.304605 -0.630696 0.111616 0.767961 -0.855212 0.280375 0.435892 -0.951919 -0.0508561 -0.3021 -0.751756 -0.151441 0.641817 -0.924661 0.368944 -0.0942491 -0.706796 0.558068 -0.43474 -0.849243 -0.433593 0.301303 -0.988899 0.141356 0.0457993 -0.941861 0.0203075 -0.33539 -0.962771 -0.267323 -0.0401352 -0.877515 0.0718769 -0.474132 -0.957996 -0.0569125 -0.281077 -0.671844 -0.708067 -0.217409 -0.717121 -0.652783 -0.244157 -0.618824 -0.749883 0.233948 -0.936091 -0.344724 0.0699989 -0.986077 -0.16241 -0.035702 -0.762281 0.0519133 -0.645161 -0.91986 -0.233775 -0.31497 -0.619994 -0.505574 -0.600002 -0.701868 -0.175533 -0.69034 -0.875348 0.47596 0.0850189 -0.803328 0.595414 0.0121323 -0.655811 0.147033 -0.740468 -0.686545 0.014629 -0.72694 -0.925104 0.29955 -0.233349 -0.826788 0.232187 0.512357 -0.654964 0.0817041 -0.75123 -0.842014 0.362593 -0.399422 -0.712693 -0.166529 -0.681422 -0.744728 -0.444945 -0.497397 -0.813342 -0.0844906 -0.575618 -0.91009 0.0927461 -0.403899 -0.830158 -0.22282 -0.511067 -0.716574 0.0715891 -0.693828 -0.964906 0.0792087 -0.250365 -0.817094 0.368359 -0.443474 -0.816556 0.33632 -0.469175 -0.826267 0.0482364 -0.561209 -0.456358 0.888035 0.0559512 -0.949114 -0.081878 -0.304103 -0.92424 0.048255 -0.37875 -0.960047 0.170462 -0.221929 -0.755083 0.634183 -0.16632 -0.889214 -0.238452 -0.390434 -0.996325 0.0403467 -0.0755499 -0.880867 0.444007 -0.16411 -0.969937 0.0204429 -0.242495 -0.93938 -0.294057 -0.176341 -0.986438 0.00936105 -0.163865 -0.999813 0.00164038 0.019272 -0.999375 0.0146301 -0.032193 -0.999349 -0.0294796 -0.0207948 -0.936963 -0.101402 0.334391 -0.994945 0.100345 0.00394384 -0.954368 -0.0114197 0.298415 -0.990579 -0.0422807 0.130253 -0.994136 -0.0552104 0.0929778 -0.95689 0.00453734 0.290415 -0.834023 0.00539204 0.551704 -0.850103 -0.0139465 0.526432 -0.941211 -0.0344595 0.336056 -0.50294 -0.651684 0.567766 -0.699857 -0.528536 0.480468 -0.517983 -0.0189144 0.855182 -0.67947 -0.0162821 0.733522 -0.26928 -0.0328043 0.962503 -0.623269 -0.0503079 0.780388 -0.209221 -0.00143735 0.977867 -0.0197087 -0.0183866 0.999637 -0.300287 -0.572814 0.762701 -0.00312512 -0.00857285 0.999958 0.00103015 0.000584184 0.999999 0.00270454 -0.00285825 0.999992 0.00496717 -0.272218 0.962223 -0.00386313 -0.0118356 0.999923 -0.00974313 -0.643621 0.765282 -0.00275677 -0.819131 0.5736 0.00195344 -0.608842 0.793289 -0.0851609 -0.615509 0.783516 -0.292101 -0.0125106 0.956306 0.0216915 -0.664462 0.747007 0.00207056 -0.591858 0.80604 -0.0134932 -0.828311 0.560107 0.00699269 -0.123703 0.992295 0.00523727 -0.32329 0.946286 -0.00262201 0.00299036 0.999992 0.00123446 0.000386823 0.999999 -0.021743 -0.312653 0.949619 0.000839547 -4.53576e-05 1 -0.00783643 -0.00688195 0.999946 -0.004693 -0.00348997 0.999983 -0.00223435 -0.0114322 0.999932 -0.00146926 -0.588605 0.808419 -0.00020813 -0.00610733 0.999981 0.00910767 -0.601419 0.798882 0.00447122 -0.597844 0.8016 0.00843877 -0.690555 0.723231 0.00365611 0.000643762 0.999993 0.00534039 -0.00122322 0.999985 -0.975953 0.00889654 0.217801 -0.9752 0.0254293 0.219858 -0.992522 0.0197932 0.120448 -0.99148 0.0598918 0.115672 -0.973606 0.0590622 0.220461 -0.972658 0.125156 0.195634 -0.98408 0.147324 0.0994104 -0.962943 0.203837 0.176608 -0.969979 0.234406 0.0647617 -0.93209 0.361446 0.0237729 -0.940598 0.323759 0.102253 -0.907083 0.413246 0.080182 -0.878668 0.47604 0.0364406 -0.872352 0.487098 0.0416985 -0.784076 0.620294 0.0214781 -0.793797 0.605301 0.0591375 -0.621382 0.781606 0.0545534 -0.635846 0.77174 -0.0107694 -0.477353 0.878144 0.0315715 -0.497755 0.867199 0.0143317 -0.337083 0.938973 0.0685853 -0.332373 0.943034 0.0146922 -0.239265 0.965072 0.106712 -0.190377 0.980945 0.0387673 -0.148409 0.978628 0.142346 -0.0707962 0.986249 0.149336 -0.0735031 0.995692 0.0565275 0.0459101 0.996516 0.0696219 0.0260273 0.985875 0.16545 0.416787 0.837807 0.352658 0.527577 0.823899 0.20701 0.603775 0.708888 0.3646 0.742619 0.646564 0.174562 0.695421 0.70763 0.125095 0.719663 0.69147 0.0628887 0.73196 0.625399 0.270388 0.319705 0.929547 0.183662 0.255268 0.908198 0.331683 0.210334 0.967348 0.141414 0.141785 0.980358 0.137092 0.221112 0.969648 0.104368 0.170915 0.98438 0.0422467 0.29966 0.953837 0.0199696 0.281774 0.95683 0.0712703 0.681085 0.726114 0.0942485 0.549553 0.830438 0.0914589 0.703836 0.705547 0.082577 0.576067 0.817384 0.00560114 0.418123 0.9082 0.0186001 0.416865 0.908123 0.0391887 -0.9282 0.0158691 0.371742 -0.929042 0.0352077 0.368296 -0.910017 0.0665015 0.409203 -0.919189 0.107046 0.37899 -0.949264 0.199849 0.242815 -0.94323 0.293976 0.154578 -0.917762 0.397131 0.000233312 0.454333 0.649364 0.609843 0.694189 0.536764 0.479568 0.820634 0.522182 0.232135 0.821653 0.534818 0.19712 -0.0582415 0.951472 0.302173 0.0135585 0.942909 0.332775 0.226393 0.84674 0.481433 0.0843498 0.953233 0.290227 0.15055 0.964745 0.215877 0.133659 0.91068 0.390892 0.813738 0.580026 -0.037426 0.156076 0.949999 0.270447 0.800497 0.209441 0.56155 0.487648 0.373524 0.7891 0.224151 0.759353 0.610852 0.891227 0.379254 0.24876 -0.86682 0.0231855 0.498082 0.723352 0.679971 -0.120005 0.274372 0.948536 0.158113 -0.690714 0.717292 -0.091684 -0.27055 0.939952 0.208071 -0.206083 0.969981 0.129103 -0.150588 0.959534 0.237945 0.0714993 0.959634 0.272011 0.0557167 0.975777 0.211553 0.037127 0.98963 0.13876 0.617103 0.638366 0.46008 0.827646 0.0529181 0.55875 0.968798 0.187348 0.162269 0.0486873 0.858596 0.510335 0.0360029 0.905158 0.423547 -0.793833 0.0161005 0.607923 -0.843103 0.0447892 0.535883 -0.781277 0.0477666 0.622354 -0.93458 0.148622 0.323222 -0.934086 0.356819 0.0128289 -0.730852 0.681669 0.0344027 -0.037424 0.900671 0.432887 -0.0826858 0.901551 0.424698 0.611089 0.0263741 0.791123 0.608966 -0.0356073 0.792397 0.000769238 0.950496 0.310735 0.734176 0.490997 0.468943 -0.0322785 0.721216 0.691958 0.0160354 0.79722 0.603475 -0.597826 -0.00637196 0.801601 -0.588667 -0.00280686 0.808371 -0.7043 0.012396 0.709795 -0.881986 0.160656 0.443047 0.124796 0.919231 0.373417 0.540726 0.439706 0.717129 0.0154434 0.38855 0.921298 0.0230703 0.396232 0.917861 0.0689559 0.532892 0.843369 -0.313041 -0.0117628 0.949667 -0.225582 -0.0163118 0.974088 -0.338955 0.00462398 0.940791 -0.376201 0.0198077 0.926326 -0.472551 0.499249 0.726255 -0.0354813 0.489535 0.871262 0.000528046 0.397765 0.917487 0.00965654 -0.00153677 0.999952 0.00703315 0.0165812 0.999838 0.0095324 0.0226461 0.999698 -0.00462716 -0.00388928 0.999982 0.0237565 0.208522 0.977729 -0.00226172 -0.00802902 0.999965 -0.0174175 0.00164196 0.999847 -0.0322912 -0.000321829 0.999478 0.0042394 0.684223 0.729261 -0.0211081 0.585978 0.810052 0.0112048 0.0111824 0.999875 -0.0027082 0.90551 0.424316 -0.0936582 0.0313198 0.995112 -0.210564 0.106828 0.971725 -0.189273 0.0213575 0.981692 -0.747747 0.0332727 0.66315 -0.0204792 0.0133206 0.999702 -0.352952 0.410132 0.840962 -0.0222903 0.986245 0.163779 -0.752478 0.0703955 0.654845 0.00935741 0.935585 -0.352977 -0.505792 0.604094 0.615829 -0.566973 0.657733 -0.495912 0.0138074 0.97403 0.225999 -0.0092566 0.946331 0.323068 -0.934556 0.0464062 -0.352776 0.0184925 0.970466 0.24053 -0.00576722 0.92828 -0.371838 0.00389312 0.926672 -0.375851 0.00141945 0.930308 -0.366775 -0.830907 0.0428828 -0.554757 -0.00615379 0.895624 -0.444769 -0.00426615 0.870974 -0.491311 -0.0170487 0.888994 -0.457601 0.00210876 0.870335 -0.492457 -0.588566 0.743606 -0.317238 -0.00154382 0.838534 -0.544847 -0.245121 0.822116 -0.51385 -0.0130983 0.904028 -0.427272 0.0336227 0.874528 -0.483808 0.00593585 0.885288 -0.465005 -0.00622474 0.903882 -0.427736 -0.890786 0.00679242 -0.454371 -0.752553 0.250273 -0.60912 0.0414669 0.694558 -0.718241 -0.0778508 0.670104 -0.738174 0.00608169 0.722424 -0.691423 0.0379272 0.701153 -0.712002 -0.703407 0.035721 -0.709889 -0.379149 0.319844 -0.868301 0.0300877 0.757488 -0.652155 0.0172336 0.730802 -0.682372 0.0138728 0.790952 -0.611721 -0.0928281 0.599697 -0.794825 -0.730069 0.0289205 -0.682761 -0.235844 0.486808 -0.841068 0.0104269 0.907181 -0.420611 -0.489701 0.496082 -0.717005 0.0109556 0.949255 -0.314318 0.00346002 0.912198 -0.409735 -0.649284 0.679362 -0.341902 -0.00395287 0.999991 -0.00134248 1.11744e-05 0.98569 -0.168569 -0.682296 0.720635 0.123118 0.00809967 0.993353 0.114824 0.00730327 0.907581 0.419814 -0.546214 0.560955 0.622078 -0.00491783 0.766665 0.642028 0.146447 0.956634 0.251802 0.109164 0.989369 0.0960883 0.189428 0.973782 0.125962 0.0974712 0.974241 0.203358 0.0726127 0.982118 0.1737 0.0755678 0.993999 0.0790876 0.073299 0.992562 0.097205 0.0998525 0.953645 0.283884 0.0595519 0.975832 0.210251 0.0355386 0.995595 0.0867591 0.0348095 0.955143 0.294091 0.000153522 0.967398 0.253259 0.0137027 0.967216 0.253587 -0.0674935 0.997654 0.0114411 -0.00531613 0.936777 0.349886 -0.050575 0.889657 -0.453819 0.00750671 0.897391 -0.441172 0.0014573 0.905087 -0.425224 0.0177686 0.865067 -0.501342 0.0126722 0.885357 -0.464739 -0.0254265 0.883001 -0.468681 -0.0244297 0.708333 -0.705455 -0.0567683 0.686523 -0.724888 -0.0231935 0.771557 -0.635738 0.999809 0.0147979 -0.0128016 0.999688 -0.00803795 0.0236586 0.999639 -0.0267294 -0.00284071 0.998542 0.0516978 -0.0155323 0.99902 0.0417982 0.0145879 0.996903 0.0735054 0.0279571 0.995933 0.0785654 -0.0441033 0.998426 0.0558941 -0.0046421 0.994923 0.0875841 -0.0495632 0.98649 0.142268 -0.0812285 0.885564 0.428031 -0.180462 0.898107 0.367921 -0.24091 0.959998 0.253495 -0.118928 0.964133 0.221201 -0.146687 0.687451 0.667021 -0.287217 0.819995 0.499678 -0.27916 0.717707 0.678977 -0.154554 0.983764 0.144484 -0.106453 0.0842536 0.994717 0.0586509 0.0866177 0.996221 0.00638457 0.157989 0.987428 0.00506077 0.140894 0.988545 -0.0541017 0.225626 0.960984 -0.160007 0.384009 0.895821 -0.223701 0.259107 0.964125 -0.057673 0.459142 0.879588 -0.124555 0.546535 0.797728 -0.254813 0.995531 0.0484927 0.0810384 0.98966 0.113582 0.0875901 0.98171 0.0753005 0.174856 0.993461 0.0253564 0.11132 0.99947 0.029686 0.013342 0.928404 0.233406 -0.289115 0.83264 0.352043 -0.427524 0.593309 0.550645 -0.587174 0.975739 0.141951 -0.166684 0.0420106 0.997919 0.0489125 0.234813 0.906408 -0.351123 0.0830815 0.973265 -0.214134 0.453584 0.780686 -0.429873 0.996507 -0.013679 0.082383 0.909484 0.160958 -0.383316 0.993317 0.0971529 -0.0623085 0.0619368 0.997959 -0.0155608 0.0241093 0.995803 -0.0882911 0.290451 0.751217 -0.592715 0.164051 0.913667 -0.371886 0.785018 0.196969 -0.587325 0.995114 0.0918269 0.0362895 -0.00923111 0.99907 -0.0421218 0.983433 -0.0282637 0.179054 0.987431 0.0544289 0.148381 -0.00803656 0.999915 0.0102463 0.111461 0.993565 0.020124 -0.0141276 0.999217 -0.0369627 0.186952 0.977986 -0.0926979 0.402489 0.800596 -0.443903 0.983252 -0.0178417 -0.181375 0.873726 0.202708 -0.442167 -0.0143552 0.943543 0.330939 -0.0293736 0.933712 0.356818 0.223138 0.974772 -0.00544297 -0.143463 0.988174 0.0541278 0.28577 0.93469 -0.211401 0.992533 0.0690133 0.100579 0.701086 -0.00530334 0.713058 0.0151182 0.936251 0.351006 0.946012 0.217887 0.239972 0.995788 -0.000155225 0.09169 -0.00860752 0.947596 0.319354 0.037866 0.977934 0.205454 -0.19827 0.977475 0.072326 0.807794 0.0368701 0.588311 0.920502 0.00451577 0.390711 0.979726 -0.0197735 0.199362 -0.0129168 0.988679 0.149489 -0.204877 0.978592 0.0195799 0.542196 0.522198 0.65828 0.740089 0.0557511 0.670194 0.647352 -0.0258353 0.761753 0.00245647 0.963956 0.266051 0.0381474 0.994938 0.0929644 0.913806 -0.0254117 0.405356 0.48383 -0.0420971 0.874149 0.158791 0.931157 0.328227 0.546027 0.0167288 0.8376 -0.0027564 0.919097 -0.394021 0.559225 0.00903232 0.828967 0.492872 -0.0157671 0.869959 0.998531 -0.0175347 -0.0512611 0.281101 -0.00784923 0.959646 0.59326 -0.0260826 0.804588 0.637937 -0.0220205 0.769773 0.626796 0.0116909 0.779096 -0.0114378 0.908179 -0.418426 0.923797 0.0147519 0.382599 0.988626 -0.00853432 -0.15015 0.674994 -0.0262489 0.737356 0.979091 -0.010964 -0.203126 0.946756 -0.029379 0.32061 0.0141573 0.926677 -0.375592 0.867182 0.299343 0.397981 0.129038 0.866089 -0.482949 0.977533 0.016008 -0.210172 0.978169 0.067803 -0.196437 0.00646548 0.822736 -0.568388 0.00354834 0.85232 -0.523009 -0.00952239 0.842277 -0.538961 0.927361 -0.0173263 -0.373766 0.942586 -0.00722304 -0.333884 0.487463 0.639529 -0.59446 0.87996 0.00134718 -0.475046 0.918794 -0.00567869 -0.394698 0.8689 -0.0154372 -0.494746 -0.010984 0.887909 -0.459887 0.00160308 0.881618 -0.471961 -0.00698222 0.867649 -0.497129 -0.014135 0.881888 -0.471246 0.00123993 0.916763 -0.399429 0.870793 0.00392942 -0.491634 0.873772 -0.00311246 -0.486325 0.856374 -0.01658 -0.51609 0.871653 -0.00857488 -0.490049 0.687815 0.487819 -0.537534 0.737427 -0.0144758 -0.675272 0.0141 0.744986 -0.666931 -0.0044376 0.85486 -0.51884 -0.0110787 0.773948 -0.633153 0.0204704 0.744007 -0.667858 0.0672613 0.693215 -0.717586 0.715456 -0.00573984 -0.698634 0.723751 0.0016157 -0.690059 0.728066 0.0205183 -0.6852 0.694974 7.1511e-05 -0.719035 -0.026406 0.825129 -0.564326 0.69632 -0.00719408 -0.717695 0.0179015 0.830149 -0.557254 -0.00877608 0.747525 -0.664176 -0.00599142 0.740579 -0.671943 0.316554 0.415145 -0.852906 0.00562979 0.726184 -0.687477 0.793557 -0.00182738 -0.608493 -0.0101836 0.726751 -0.686826 0.667297 0.0166077 -0.744606 0.842402 -0.00416866 -0.538833 0.0103923 0.869714 -0.493447 -0.0155284 0.733106 -0.679937 -0.0277004 0.851916 -0.522946 0.279764 0.430947 -0.857914 0.84039 -0.00252691 -0.541976 0.735772 0.00147412 -0.677228 0.675429 0.655879 -0.337073 -0.0211982 0.894887 -0.44579 0.83586 -0.0185035 -0.548631 0.00293269 0.918789 -0.394737 -0.00903432 0.944594 -0.328117 0.971988 0.00442662 -0.234988 0.999925 -0.000348159 0.0122645 0.0162366 0.997855 -0.0634128 0.00963671 0.999404 -0.0331592 0.997377 -0.0118941 -0.071398 -0.00401423 0.984057 0.177806 0.987768 -0.0101241 0.155604 0.983066 -0.0018028 0.183244 -0.00233534 0.986748 0.162244 0.0247626 0.954811 0.296182 0.649841 0.648918 0.395741 0.95789 -0.0082408 0.287016 0.840363 -0.00332747 0.542013 0.834948 -0.00469607 0.550308 0.00141434 0.711569 0.702615 0.706244 0.0101757 0.707896 0.00578703 0.685887 0.727685 0.41975 0.42842 0.800166 0.537757 0.00215714 0.843097 0.469965 0.000229224 0.882685 0.24642 0.225519 0.942559 0.3858 0.00234646 0.922579 0.432998 0.00324233 0.901389 0.00731919 0.351411 0.936193 0.589115 -0.00868315 0.808003 0.00518274 0.333914 0.942589 -0.00118371 0.361643 0.932316 0.405626 0.397174 0.823238 0.93199 -0.0298702 0.361252 0.826966 -0.000451353 0.562252 0.00280752 0.780841 0.624723 0.00319462 0.774516 0.632546 0.00412567 0.776334 0.630308 0.999967 -0.000567825 -0.00811677 -0.00150735 0.999986 -0.00513799 0.708445 0.705755 -0.00400147 -0.00371642 0.999992 -0.00144947 0.0072961 0.999972 0.00135945 0.999972 0.000507192 -0.00744387 -0.00162722 0.999771 -0.0213193 0.578379 0.578328 0.575339 0.00750166 0.717018 0.697014 0.0172564 0.893724 0.448285 0.912339 0.0034842 0.409422 0.87156 0.00136545 0.490288 -0.0220956 0.927052 0.374281 -0.000663027 0.708248 0.705963 0.703911 -0.000120254 0.710288 -0.00658286 0.912145 0.409815 0.942518 -0.00921714 0.33403 0.221964 -0.139673 0.964999 0.757957 -0.453912 0.468472 0.43117 -0.210737 0.877315 -0.0140324 -0.00471112 0.999891 0.559515 -0.451607 0.694978 0.284862 -0.0239547 0.958269 0.265088 0.00382009 0.964217 0.459933 0.0171349 0.887788 -0.226498 0.457358 0.859955 -0.219303 0.365078 0.904779 0.00111122 0.000664584 0.999999 -0.451112 0.549664 0.703113 0.00591255 0.262573 0.964894 -0.00548302 0.346126 0.938172 0.0293535 0.349817 0.936358 0.493748 0.501509 0.710424 -0.489513 0.808207 0.327381 0.852128 -0.33096 0.405393 0.0340932 0.984539 0.171813 0.649607 -0.645617 0.401484 0.847854 0.0422866 0.52854 0.674425 -0.400884 0.620035 -0.459704 0.616907 0.638825 -0.46003 0.701407 0.544426 -0.435336 0.900266 -0.00168589 0.702733 -0.309255 0.640724 0.0557 0.821408 0.567614 0.543066 0.549396 0.635015 0.747123 -0.499935 0.438032 -0.398431 0.706413 0.585008 0.592894 -0.498422 0.632497 -0.439361 0.810784 0.386771 -0.403277 0.792339 0.457784 0.667747 -0.39402 0.631555 0.766327 -0.377923 0.519535 0.808072 -0.515694 0.284744 0.398365 0.30234 0.865965 0.488904 0.114395 0.864805 0.170793 0.0935136 0.980859 -0.605332 0.554429 0.571123 0.132952 0.457437 0.879247 0.209062 0.319706 0.924165 0.941034 0.103491 0.322095 -0.0673827 0.997727 -0.000109322 0.790029 0.534711 0.299898 0.800292 -0.59253 0.0918814 0.868292 0.438352 -0.232199 0.874297 -0.45395 -0.171858 -0.551858 0.795137 -0.251415 0.874665 -0.46528 0.135925 0.688472 0.447049 -0.571098 0.699939 0.485878 -0.523457 0.797922 -0.528768 -0.289351 0.00708198 0.923844 -0.382703 0.768306 0.477226 -0.426569 0.645735 -0.612348 0.456132 0.9192 -0.0808671 -0.385399 0.507255 -0.83598 0.209353 0.791287 -0.595504 -0.138711 0.747492 0.512296 -0.422857 0.495841 -0.867584 -0.0379346 0.766107 -0.625914 0.145983 0.557745 -0.726526 -0.401348 0.433779 0.858628 -0.273119 0.480982 -0.875118 0.0531387 0.932174 0.207027 -0.29697 0.423303 -0.904687 -0.048546 0.538992 -0.818214 0.200034 0.915935 -0.401299 0.00472669 0.998212 -0.0455294 0.0387194 0.997877 -0.0639202 0.012452 0.997649 -0.060312 -0.0325398 0.990407 -0.0407234 0.132047 0.985741 -0.0527444 0.159787 0.997262 -0.00116904 -0.0739419 0.999692 -0.0188146 0.0161857 0.998181 -0.0241607 0.0552319 0.923768 0.00674014 0.382893 0.998971 -0.0366822 0.0266912 0.99697 0.0292106 0.0720918 0.924204 0.0061974 0.381849 0.536044 -0.0160076 0.844038 0.667306 -0.00719531 0.744749 0.235918 -0.000646149 0.971773 0.174917 -0.00593506 0.984565 0.542671 -0.0133893 0.839839 0.325571 -0.017939 0.945347 0.579432 -0.0229188 0.814698 0.985166 -0.030812 -0.168815 0.980383 0.00891813 -0.196899 0.990609 -0.00650032 -0.136569 0.821027 -0.429131 -0.376513 0.985434 0.000952583 -0.170058 0.612552 -0.631825 -0.474949 0.926153 -0.00641508 -0.377094 0.9133 0.0520324 -0.403951 0.888921 0.0175948 -0.457722 0.879296 -0.0101802 -0.476167 0.8402 -0.0111558 -0.542161 0.842827 0.0005675 -0.538184 0.864047 0.00844247 -0.50334 0.612027 -0.454741 -0.647019 0.520515 -0.547989 -0.654807 0.743217 -0.00261305 -0.669046 0.773314 -0.00758854 -0.633978 0.690505 -0.0115062 -0.723236 0.771358 -0.0128218 -0.636273 0.683845 -0.0686533 -0.72639 0.711584 -0.00455983 -0.702587 0.770295 -0.00676641 -0.637652 0.752013 -0.0210805 -0.658811 0.239164 -0.495555 -0.835001 0.67919 -0.00867738 -0.733912 0.232215 -0.46878 -0.852245 0.825462 -0.00834075 -0.564396 0.716866 0.0113843 -0.697118 0.827485 0.00726778 -0.561441 0.797841 -0.00850227 -0.602808 0.748267 -0.114877 -0.653375 0.573133 -0.659218 -0.486776 0.976933 0.00586305 -0.213465 0.971771 -0.00164045 -0.235921 0.999594 -0.00370062 -0.0282412 0.990597 0.00277022 -0.136782 0.846085 -0.532511 -0.0239031 0.998961 0.00489521 0.0453123 0.294758 -0.927455 0.230099 0.981702 -0.00195617 0.190414 0.723215 -0.443246 0.529615 0.880379 -0.0103536 0.474157 0.850327 -0.00494888 0.526232 0.404602 -0.473515 0.782356 0.777793 -0.00773247 0.628473 0.533055 -0.00241842 0.846077 0.543382 0.00102645 0.839485 0.474922 -0.00560556 0.88001 0.0938192 -0.156991 0.983134 0.445621 -0.467243 0.763614 0.806024 -0.00517099 0.591861 0.828091 -0.00237494 0.560588 0.807428 0.00299426 0.589958 0.796727 0.0112843 0.604234 0.597198 -0.0116815 0.802008 0.00817261 -0.404149 0.914657 0.978262 0.00251376 0.20736 -0.00346686 -0.910922 0.412565 -0.00139494 -0.93804 0.346525 -0.0133298 -0.770761 0.636985 0.999997 -0.000420397 -0.00237285 0.999987 -0.001581 -0.00483979 -0.0024401 -0.999886 0.0149202 0.704776 -0.709409 -0.00540732 0.999981 0.00328235 -0.00512843 0.635746 -0.662548 0.396052 0.965899 -0.000509374 0.258917 -0.00455983 -0.870123 0.492814 0.881473 0.000943668 0.472234 0.985237 -0.00501081 0.171124 0.00582382 -0.982035 0.188611 0.967597 4.79232e-05 0.252501 -0.00143279 -0.698834 0.715282 0.00576345 -0.705042 0.709143 0.334704 0.00767155 0.942292 0.566033 -0.00555689 0.824364 0.679923 -0.00932302 0.733224 0.0183955 -0.568847 0.822237 -0.00741345 -0.307497 0.95152 0.506347 -0.00194574 0.862328 0.488583 0.00250203 0.872514 0.348431 -0.233545 0.907774 0.577802 -0.402643 0.709946 0.00417717 -0.501951 0.864886 0.228488 0.12454 0.965548 0.996571 -0.0641384 -0.0522679 0.236984 0.193227 0.952104 0.715506 0.545826 0.436032 -0.0243516 -0.131318 0.991041 0.00331654 -0.149209 0.9888 -0.0791654 -0.841406 0.534573 -0.167512 -0.716751 0.676911 0.664938 0.281892 0.69166 0.802697 0.476229 0.359002 0.320882 0.198585 0.926066 0.0536763 0.00712967 0.998533 -0.00761492 -0.00435405 0.999962 0.695416 0.197291 0.690995 0.421332 0.0111229 0.906838 -0.00711312 -0.00308101 0.99997 0.715913 -0.124941 0.68692 0.701773 -0.193031 0.68575 0.137873 -0.0109819 0.990389 0.708938 0.122427 0.694563 0.216574 -0.103444 0.97077 0.940434 0.055712 0.33538 0.912962 -0.029343 0.406988 -0.0949429 -0.280007 0.955292 -0.355296 -0.61186 0.706676 -0.306713 -0.850103 0.428079 -0.315371 -0.665591 0.67641 -0.431614 -0.574857 0.695161 0.749912 0.271834 0.603107 0.0378355 -0.999282 -0.00219942 -0.526715 -0.850041 -0.000898927 0.863547 0.503339 -0.0306082 0.794923 0.606116 -0.0268575 0.998444 -0.050717 -0.0231834 -0.110859 -0.928474 0.354467 -0.456296 -0.72745 0.512456 -0.217423 -0.975969 0.0145224 0.7966 0.156884 0.583795 0.776937 0.069415 0.62574 0.767671 -0.0471201 0.63911 0.867688 -0.032767 0.496028 0.768579 -0.205455 0.605866 0.632059 0.466852 0.618506 -0.15117 -0.779468 0.607929 0.703295 0.304469 0.642397 -0.386533 -0.636445 0.667481 -0.37729 -0.65664 0.653051 -0.245634 -0.749694 0.61451 -0.326252 -0.720374 0.612063 -0.397613 -0.674 0.622597 0.132569 -0.851796 0.506822 0.51043 -0.566156 0.647247 0.676073 0.395754 0.621534 0.00679213 -0.983143 0.182712 -0.0537334 -0.483913 0.873465 0.525351 0.317859 0.789286 0.0511595 -0.415358 0.908218 0.135197 -0.324694 0.936107 0.136409 -0.195932 0.971083 -0.211749 -0.31376 0.92559 -0.335101 -0.744966 0.576831 0.234665 -0.00340118 0.97207 0.656445 0.581075 0.481074 -0.142801 -0.701468 0.698248 -0.0257501 -0.717729 0.695846 -0.237749 -0.665024 0.707968 -0.402025 -0.678699 0.614608 0.725092 0.364486 0.584287 0.732692 0.337747 0.590838 0.718924 0.180446 0.671258 0.731999 0.0991262 0.674056 -0.10458 -0.160174 0.981533 -0.0978467 -0.89744 0.430149 0.755818 0.0224591 0.654396 0.711836 -0.08635 0.697017 0.330762 -0.323754 0.886442 0.375846 0.030814 0.92617 0.709315 -0.211885 0.672292 -0.120052 -0.985337 0.121237 -0.270639 -0.928976 0.252505 -0.33834 -0.940156 -0.0404027 0.651926 -0.349464 0.672954 0.893316 0.446279 -0.0531182 -0.55872 -0.826399 0.0699734 0.488616 -0.856455 -0.166551 0.958097 0.286443 -0.000147951 0.982567 0.135219 0.127588 0.553678 -0.650682 -0.519667 0.878768 0.469923 0.0833045 0.844308 0.521181 -0.124554 0.604994 -0.784758 0.134677 0.0851713 -0.7851 -0.613485 0.88611 -0.05507 -0.460192 0.85043 0.431571 -0.300858 0.975243 -0.21952 0.0266834 0.998679 -0.0477868 0.018899 -0.535143 -0.840221 0.087463 -0.274838 -0.960271 0.0484149 0.994174 0.0285701 0.103934 0.911302 0.352777 0.212313 0.988973 -0.127758 0.0748971 0.948992 -0.289971 0.123823 -0.153001 -0.981207 0.117571 -0.577249 -0.801437 0.156471 0.964587 0.0871541 0.248949 0.387427 -0.755923 -0.527712 -0.653342 -0.616782 0.439004 0.47244 -0.701223 -0.533935 -0.00774787 -0.969932 0.243254 -0.278486 -0.957638 0.0733107 0.973654 0.215749 0.0738263 -0.472312 -0.845174 -0.250204 0.643951 0.755479 0.120739 0.587341 0.602159 0.540773 -0.170975 -0.873775 0.455284 -0.354181 -0.928093 0.114888 0.836895 0.210443 0.505292 0.917475 0.0696784 0.391644 -0.784478 -0.619842 0.0197559 0.584643 -0.625008 -0.51726 0.785979 0.28759 0.547292 0.91597 -0.0591013 -0.396869 0.806236 -0.18345 0.562431 0.909943 -0.341575 0.235223 0.932193 -0.0401871 0.359725 0.871078 -0.0720439 0.485831 -0.00640818 -0.95686 0.290478 -0.230867 -0.820934 0.522271 0.902339 -0.0215144 0.430491 0.828233 -0.333492 0.450348 0.969388 0.112029 0.218487 0.77262 0.541334 0.331686 0.877603 0.281302 0.388177 0.761376 0.643677 -0.0773782 0.915006 -0.0486316 0.4005 0.86369 -0.199117 0.463025 0.0336211 -0.951348 0.30628 0.0176152 -0.989379 0.144287 -0.360754 -0.879469 0.310469 0.13586 -0.908943 0.394164 -0.0571189 -0.881954 0.467862 0.451573 -0.719228 -0.528008 -0.328698 -0.915422 0.232292 0.843277 0.177686 0.507259 0.939141 -0.0933744 0.330598 0.968392 0.0112167 0.249182 0.999141 0.0200137 0.0362769 0.982012 -0.022853 0.187429 0.975094 0.00667161 -0.221692 -0.0237079 -0.955264 0.294802 -0.801124 -0.597449 -0.0354165 0.973772 0.222007 0.0498175 0.94272 0.311317 0.119841 0.657832 0.753108 -0.00925127 0.929073 0.353681 -0.108316 0.958119 0.28424 0.0348661 0.926852 -0.375257 -0.0113241 -0.463486 -0.875728 0.135212 -0.410699 -0.894178 -0.17825 0.987945 -0.105587 0.113204 0.957899 -0.270081 -0.0973996 -0.044024 -0.997777 0.0500396 0.26424 -0.964416 -0.00889007 0.229694 -0.970994 -0.0664238 -0.285423 -0.957653 -0.0378769 0.998713 -0.00289458 -0.0506424 0.996339 0.0711164 0.0474493 0.980643 0.195772 -0.00353031 0.942728 -0.333539 0.00408531 -0.368587 -0.915772 0.159701 0.531885 0.84212 -0.0890642 -0.0999447 -0.960389 -0.260124 0.802519 -0.468596 -0.369297 0.0026215 -0.999997 2.95176e-05 -0.457803 -0.888399 -0.0341195 0.915662 0.399591 0.0434803 0.967425 0.190053 -0.167241 0.998185 -0.0511589 0.0317846 0.962774 -0.23805 0.128055 0.0278214 -0.995319 -0.0925564 -0.293641 -0.924065 0.244702 0.950452 0.295345 0.0970207 -0.781497 -0.623706 -0.015896 0.761671 0.645669 -0.0544936 -0.292991 -0.936548 0.192444 0.92286 0.24804 0.294629 0.919746 -0.380097 0.0979502 0.780442 -0.624816 0.0227059 0.997783 -0.066292 -0.00580227 0.925889 -0.372313 0.0641382 0.231335 -0.966986 -0.106874 -0.43191 -0.893877 0.120157 0.987777 0.1374 0.0736127 0.949338 -0.314254 0.00127287 -0.766643 -0.641518 -0.02671 -0.332564 -0.940887 0.0642822 -0.280912 -0.93384 0.22143 0.583263 0.812021 -0.0206222 0.971945 0.220957 0.0806245 -0.471559 -0.85347 0.221859 0.484417 -0.858274 -0.169428 -0.755327 -0.637589 -0.151529 0.867148 0.494584 0.0586591 0.999719 0.0230353 0.00565478 0.885769 -0.46346 -0.0248405 0.75708 0.653117 -0.0163527 0.0113255 -0.989423 -0.144614 0.905131 0.423279 0.0396625 0.996429 0.0818341 0.0208061 0.977774 0.204893 -0.044458 0.851933 0.501843 -0.149548 0.981114 -0.106255 0.161636 -0.742455 -0.66855 -0.04245 -0.714868 -0.630964 -0.30141 -0.0395016 -0.997258 0.0625811 0.998907 -0.0219773 -0.0412625 0.988331 0.132357 0.0753833 -0.0199582 -0.987673 -0.155257 -0.132671 -0.987296 0.0874337 0.984528 -0.175177 -0.0041685 0.910946 0.406355 -0.0710849 0.904536 -0.420543 0.0704145 0.938318 -0.298641 0.174277 -0.214627 -0.950284 0.225601 0.698231 0.693296 -0.178365 -0.0264615 -0.998587 -0.0460872 -0.180582 -0.978092 -0.10357 -0.395849 -0.898659 -0.188986 -0.441861 -0.884315 -0.150818 0.954872 0.221613 0.197755 0.993754 0.0269365 -0.108297 0.997584 0.0465071 -0.0516029 0.0339963 -0.999055 -0.0270715 0.990513 0.0244749 -0.135223 -0.34557 -0.930306 0.122934 0.98247 0.17457 0.0654041 -0.439257 -0.891346 -0.112057 0.985128 0.130331 0.111963 0.512569 -0.854451 0.0847725 0.991057 0.0655309 -0.116238 0.988782 -0.0393036 -0.1441 0.907407 -0.373644 -0.192362 0.829382 0.537529 0.152279 0.909229 0.29127 -0.297429 0.989062 0.128014 0.0732674 0.983781 0.103572 -0.146449 0.93368 0.177654 -0.310937 0.975646 -0.0668599 -0.208912 0.853536 -0.465925 -0.233217 -0.760954 -0.629301 0.157892 0.667181 0.692956 0.273279 0.0506134 -0.956153 -0.288462 -0.125556 -0.936018 -0.328794 0.788888 0.467471 -0.398906 0.806522 0.556086 -0.200726 0.956077 0.256551 -0.141771 0.966476 0.0741165 -0.245827 -0.480602 -0.735953 -0.476859 0.932807 -0.0773841 -0.351971 -0.348857 -0.768291 -0.536682 -0.635481 -0.707389 -0.30946 0.929508 0.00263802 -0.368793 0.172329 0.69623 -0.696826 -0.0742429 -0.981353 -0.1773 -0.335574 -0.86398 -0.375404 0.941878 0.0556963 -0.331306 0.943784 0.0131602 -0.330301 -0.610962 -0.751348 0.249403 0.924896 0.351198 0.145699 0.0332724 -0.967396 -0.251075 0.822061 0.569398 -0.00136984 -0.194616 -0.977338 0.0832743 0.867386 0.475228 0.147645 0.845959 -0.123979 -0.518635 0.834943 -0.29611 -0.463884 -0.0210454 -0.949628 -0.312671 0.952428 0.0478713 -0.300981 0.895202 -0.445232 0.0195488 0.737921 0.569752 0.361739 -0.0146062 -0.966489 -0.256292 -0.0341902 -0.943189 -0.330494 0.288118 -0.955939 -0.0562858 0.961737 0.217296 0.166869 -0.209706 -0.950558 0.229049 0.950372 0.0434892 -0.308062 0.00731674 -0.986523 -0.163457 -0.419089 -0.878144 -0.230714 -0.59381 -0.510656 0.621788 -0.346288 -0.824757 -0.447057 0.865083 0.440527 -0.23993 0.846733 0.452021 -0.280571 -0.638784 -0.766835 -0.0626066 -0.825572 -0.431721 0.363384 0.933513 0.191892 0.302872 -0.261952 -0.656593 -0.707295 0.609227 -0.792911 -0.0116121 -0.0798311 -0.632147 0.770725 0.0123837 -0.621731 0.783133 -0.445639 -0.772187 0.452916 -0.420982 -0.83211 0.361065 -0.33157 -0.859225 0.389608 0.441658 0.786269 0.432109 0.467368 0.233449 0.852683 0.807843 0.368056 0.460353 0.754249 0.344934 0.558686 0.863101 0.252545 0.437354 -0.286326 -0.85993 0.422538 0.123001 -0.819727 0.559391 0.948037 0.0496618 -0.314261 -0.039288 -0.936774 0.347722 0.997288 -0.0247002 -0.0693285 0.889801 -0.116251 0.441293 0.700199 0.342468 0.626448 0.673371 -0.177513 0.717677 0.0870436 -0.131032 0.98755 0.726291 0.0448575 0.685922 -0.374143 -0.713928 0.591881 0.753122 0.0282557 0.657274 -0.320953 -0.788693 0.524359 0.174531 -0.745685 0.643034 -0.452113 -0.132557 0.882056 0.0288169 0.442435 0.896337 -0.168502 -0.780517 0.601997 0.580562 -0.0825568 0.81002 0.648367 0.343641 0.679361 0.092245 -0.637512 0.764898 0.748653 0.0588695 0.660344 0.753433 0.209335 0.623311 0.711192 0.285992 0.642195 0.779517 -0.109989 0.616649 0.143687 -0.863445 0.483547 -0.328672 -0.865618 0.377731 0.906474 0.115246 0.40623 0.84366 0.361229 0.39718 0.873608 -0.211226 0.438398 -0.205413 -0.917491 0.340612 0.0849181 -0.925167 0.36994 0.846638 0.245088 0.472373 0.864022 0.383384 0.326315 -0.680643 0.732308 0.0212243 -0.478835 0.874628 -0.0757746 -0.783978 0.619658 0.0374446 -0.818798 0.564561 0.104122 -0.655075 0.753811 -0.0514406 -0.805268 0.592885 -0.00549774 0.72413 -0.661202 0.196079 0.980657 -0.193884 -0.0268603 0.851395 -0.498644 -0.162729 0.657163 -0.742791 -0.128059 -0.593457 0.79143 0.146452 -0.00915664 0.999688 -0.02324 0.965218 0.260368 -0.0237214 0.525881 0.850558 0.000741044 0.425074 -0.880166 0.211233 0.884766 -0.415347 -0.211368 0.642335 -0.723069 -0.254119 -0.0632389 0.993886 0.0905033 0.763175 0.63997 0.0894581 0.733368 -0.514251 -0.444654 0.982588 -0.172104 0.0700024 -0.593306 0.770773 0.232157 0.785122 -0.456549 -0.418506 0.906842 -0.383306 0.175254 0.49714 0.860231 -0.113374 0.595298 -0.778616 0.198437 0.970785 0.23451 -0.0508074 0.779909 -0.624065 0.0478044 0.877613 -0.418433 -0.233901 0.945343 -0.0251001 -0.325111 0.480825 -0.69637 0.5328 -0.018045 0.997552 0.0675665 0.79423 -0.599642 0.0981263 -0.792816 0.513601 0.328112 0.776152 -0.287443 0.561217 0.941994 -0.304929 0.140235 0.704718 0.688752 -0.170274 0.720757 -0.225194 0.655589 0.805311 -0.0335026 0.591905 0.797061 -0.47169 0.377097 0.345775 -0.752537 0.56047 0.251839 0.967265 -0.0312251 -0.0865513 0.816137 0.571339 -0.0755139 -0.651541 0.754846 0.424314 0.781898 0.45672 -0.0204998 -0.797865 0.602488 -0.0895828 -0.947765 0.306132 0.953432 -0.0480101 -0.297762 0.869084 -0.268125 -0.415696 0.915202 -0.122956 0.383781 0.894126 -0.237023 0.379946 -0.976634 -0.0749305 0.201422 -0.979717 -0.0360975 0.197108 -0.991483 -0.0649413 0.112887 -0.992825 -0.0288473 0.116049 -0.980485 -0.0108091 0.196299 -0.99224 0.00108983 0.124332 -0.980775 -0.170084 0.0956694 -0.960839 -0.268935 0.0668019 -0.964594 -0.198059 0.174156 -0.972528 -0.119398 0.199833 -0.988643 -0.101689 0.110658 -0.938606 -0.00607835 0.344937 -0.928158 -0.185795 0.322494 -0.89511 -0.111919 0.431569 -0.941757 -0.0499547 0.332563 -0.866152 0.0113048 0.499653 -0.876235 -0.0491216 0.479373 -0.879063 -0.00814021 0.476635 -0.769012 0.00836179 0.63918 -0.748822 -0.0117409 0.662667 -0.747835 -0.0727815 0.659883 -0.670005 -0.0872909 0.737207 -0.472682 -0.0321685 0.880646 -0.511739 -0.00795692 0.859104 -0.49624 -0.0244245 0.867842 -0.651395 -0.00748681 0.758702 -0.237486 -0.0616 0.969436 -0.178016 -0.014871 0.983915 -0.038643 -0.0320244 0.99874 -0.20775 -0.0256726 0.977845 -0.229117 -0.471929 0.851345 -0.647758 -0.141097 0.748666 -0.0642638 -0.0216312 0.997698 -0.497626 0.267465 0.825125 -0.23999 -0.0155502 0.970651 -0.0300548 -0.00101654 0.999548 -0.365744 0.015305 0.93059 -0.360151 -0.156895 0.919606 -0.512745 0.205056 0.833693 -0.333943 -0.158086 0.929242 -0.0262209 -0.00215331 0.999654 -0.580511 0.0830834 0.810002 -0.149679 0.00516757 0.988721 -0.619056 0.225114 0.752391 -0.528967 0.0787784 0.844978 -0.697834 0.0911285 0.710439 -0.853573 0.103981 0.510491 -0.734998 -0.338532 0.587515 -0.990665 -0.119607 -0.0654011 -0.746972 0.663025 0.0493089 -0.613093 0.546508 0.570479 -0.566643 0.0685426 0.821107 -0.53902 0.0870669 0.837781 -0.733958 0.679189 0.00282587 -0.482313 0.147757 0.863448 -0.625095 -0.486114 0.610696 -0.616424 0.495334 0.6121 -0.627029 0.763349 -0.155346 -0.934892 0.0774597 0.346376 -0.892925 -0.0220069 0.449668 -0.644664 -0.748433 -0.155744 -0.946326 -0.00515685 -0.323174 -0.83791 -0.431316 -0.334474 -0.635606 0.721214 0.275418 -0.269836 0.545567 0.793439 -0.968593 0.242518 -0.0548833 -0.535913 0.837609 -0.105868 -0.571412 0.663975 0.482313 -0.94168 0.303341 -0.145684 -0.924812 0.00777827 -0.380346 -0.820069 0.269199 -0.504993 -0.849086 0.0487575 -0.526 -0.753816 -0.0664811 -0.653714 -0.599326 0.781659 0.172678 -0.722059 0.690069 0.04935 -0.750763 0.147972 -0.643785 -0.795762 0.599926 0.0827718 -0.833087 -0.188675 -0.51997 -0.78754 0.355194 -0.503605 -0.80616 0.527923 -0.267216 -0.818871 0.519687 -0.243671 -0.859609 0.0971756 -0.501626 -0.63507 0.159158 -0.755881 -0.849376 -0.277027 -0.449239 -0.784757 -0.0944405 -0.612566 -0.760378 0.0957326 -0.642387 -0.754042 -0.34494 -0.558961 -0.672192 -0.37272 -0.639717 -0.688516 0.365285 -0.626509 -0.91867 -0.165609 -0.358636 -0.704424 0.0623104 -0.707039 -0.927543 -0.140654 -0.346239 -0.756679 0.0635912 -0.650686 -0.814329 -0.248327 -0.524597 -0.807488 0.0179928 -0.58961 -0.917706 -0.362584 -0.16232 -0.774648 0.585004 -0.240187 -0.945122 -0.00600683 -0.326661 -0.97654 0.215246 -0.00622137 -0.950417 -0.249372 -0.185799 -0.925421 0.198506 -0.322786 -0.996647 0.0256672 -0.0776937 -0.967318 0.0785632 -0.241088 -0.975074 0.135151 -0.175968 -0.796925 0.424667 -0.429614 -0.91913 0.392827 -0.029792 -0.996098 0.0100487 0.0876755 -0.986326 -0.0891185 0.138634 -0.99596 0.0118797 -0.0890106 -0.91287 -0.170724 0.370839 -0.959933 0.00584379 0.28017 -0.942639 0.29184 0.162053 -0.876403 0.238991 0.418093 -0.909803 0.0131328 0.414833 -0.741329 -0.255782 0.620489 -0.539242 -0.187969 0.820905 -0.0511466 0.73128 0.680157 -0.570652 -0.00112167 0.821191 -0.538127 0.000491831 0.842864 -0.370436 0.165418 0.91401 -0.304547 0.453327 0.837702 -0.257235 0.251208 0.933126 -0.61605 -0.00229718 0.787703 0.137043 0.0191331 0.99038 0.0707136 0.549282 0.83264 -0.507092 0.0117028 0.861812 -0.788115 0.00791232 0.615477 -0.969334 0.00154981 0.245742 -0.977386 -0.00168282 0.211456 -0.972405 0.00301776 0.233278 -0.999951 -0.0024443 0.00962837 -0.993324 -0.0702896 -0.0914665 -0.942899 0.329888 0.0459961 -0.624322 -0.222858 -0.748703 -0.962024 -0.00799073 0.272847 -0.940686 -0.0303302 0.337921 -0.944077 -0.288018 0.160515 -0.729451 -0.64923 0.21541 -0.794877 -0.58274 0.169068 -0.7854 -0.613522 0.0820759 -0.859515 -0.508371 0.052839 -0.852822 -0.501178 0.146679 -0.919982 -0.387386 0.0597031 -0.893045 -0.403724 0.19869 -0.628211 -0.650829 0.426348 -0.907218 -0.263504 0.327904 -0.787721 -0.527537 0.318122 -0.853507 -0.15508 0.49747 -0.682056 -0.584299 0.439765 -0.781298 -0.357867 0.511375 -0.733446 -0.470325 0.490765 -0.381614 -0.565231 0.731358 -0.356217 -0.487463 0.797176 -0.747421 -0.150671 0.64704 -0.421728 -0.303402 0.854455 -0.416855 -0.170116 0.892912 -0.308006 -0.0548552 0.949802 -0.359023 -0.221554 0.906651 -0.0525105 -0.277557 0.959273 -0.872318 -0.138316 0.468968 -0.0528185 -0.0273774 0.998229 -0.588991 -0.43605 0.680405 -0.338255 0.134273 0.931426 -0.154303 -0.00742724 0.987996 -0.132837 -0.580236 0.803542 -0.642434 -0.289489 0.70956 -0.0372971 -0.0370552 0.998617 -0.389414 -0.905555 0.168306 -0.491101 0.390467 0.778688 -0.604344 -0.786713 0.125901 -0.577527 -0.174389 0.797528 -0.519267 -0.000813245 0.854612 -0.608048 0.336343 0.719132 -0.158311 -0.0331886 0.986831 -0.36074 0.0416275 0.931737 -0.526102 0.0862109 0.84604 -0.552005 -0.037604 0.832993 -0.991924 0.126711 -0.00560628 0.149959 0.217761 0.964413 -0.120488 0.214117 0.969349 -0.618082 0.53078 0.579869 -0.470506 0.0248373 0.882047 -0.639096 0.120162 0.759682 -0.777617 -0.622168 0.0906575 -0.317964 -0.858755 -0.401795 -0.156726 0.741675 0.652193 -0.743019 -0.0823242 0.664188 -0.976682 0.132712 0.168762 -0.670824 0.734812 0.100234 -0.315049 -0.415346 0.853365 -0.581572 0.221314 0.782812 -0.812927 0.14075 0.5651 -0.860647 0.0398383 0.507642 -0.852444 0.0943533 0.514234 -0.843075 -0.516784 0.14886 -0.586965 -0.809518 0.0123418 -0.721035 -0.51206 0.4668 -0.737653 -0.61478 0.27913 -0.683054 0.155872 0.713541 -0.784594 -0.40027 0.473494 -0.94426 0.298265 0.139324 -0.0275245 -0.946575 0.321308 -0.966967 0.254569 -0.0130039 -0.900222 -0.319064 0.29631 -0.371763 0.753998 0.541553 -0.090306 -0.952492 0.290866 0.0787411 0.751828 0.654641 -0.833198 -0.543482 0.102026 -0.874743 -0.436836 -0.209759 -0.961085 0.0344853 -0.274092 -0.942161 0.0402281 -0.332738 -0.395445 -0.913004 -0.100235 -0.605625 0.655129 0.451691 -0.9863 0.124949 -0.107703 -0.973153 -0.0548572 0.223528 -0.727427 0.0686655 0.68274 -0.915064 0.0728027 0.396684 -0.886569 -0.409896 -0.214429 -0.280934 -0.951684 0.123992 -0.606589 -0.547932 0.576039 -0.148477 -0.0507808 0.987611 0.119269 -0.257533 0.95888 -0.317503 0.230931 0.919708 -0.430796 0.0860003 0.898342 -0.0648099 0.853129 0.517659 -0.986222 -0.162961 -0.0284685 -0.683989 0.551419 0.477594 -0.959872 0.180758 0.214411 -0.893812 -0.00338337 0.448429 -0.972664 -0.17076 0.157374 -0.973533 -0.138406 0.181873 -0.966916 0.0685671 -0.245707 -0.905408 0.087632 -0.415399 -0.787914 -0.494662 -0.366745 -0.852585 0.0283699 -0.521818 -0.976977 0.0133755 -0.212927 -0.605547 -0.491316 -0.626037 -0.415279 -0.76598 -0.490733 -0.949229 -0.310497 -0.0505649 -0.864367 0.0187742 -0.50251 -0.887063 -0.182539 -0.424026 -0.921562 -0.368149 -0.123247 -0.905221 -0.0427673 -0.422785 -0.870706 0.0173351 -0.491499 -0.747339 -0.00776796 -0.664397 -0.75614 -0.465795 -0.45966 -0.710193 0.692666 0.125853 -0.648595 -0.550208 -0.525924 -0.573632 -0.240822 -0.782912 -0.752228 0.00428765 -0.658889 -0.716051 -0.127867 -0.686236 -0.596418 -0.400966 -0.69535 -0.934887 -0.0428849 -0.352347 -0.735979 -0.00704021 -0.676968 -0.99413 -0.0995802 -0.0423032 -0.701448 0.701789 -0.124355 -0.967457 -0.160392 0.195705 -0.707338 -0.000125806 -0.706875 -0.917856 0.390671 -0.0701214 -0.86237 0.243591 -0.443825 -0.584091 -0.2009 -0.786433 -0.918491 -0.317154 0.236195 -0.2709 -0.852263 -0.447505 -0.816328 0.0309204 -0.57676 -0.714816 0.00267618 -0.699308 -0.87214 -0.0206266 -0.488821 -0.832345 -0.0160405 -0.554025 -0.915852 0.0811751 -0.393224 -0.824913 -0.233681 -0.514696 -0.900376 0.0107105 -0.43498 -0.26691 -0.935942 -0.229721 -0.903159 -0.315733 -0.290889 -0.931005 0.0846546 -0.355055 -0.707449 -0.677955 -0.199733 -0.943483 -0.00228767 -0.331413 -0.353197 -0.934635 0.0413442 -0.896175 -0.358304 -0.261704 -0.970221 0.139458 -0.198048 -0.943104 -0.0383863 -0.330275 -0.998803 0.00182821 0.04888 -0.999651 -0.0204468 0.0167274 -0.935966 0.351325 -0.0231884 -0.480805 -0.542685 0.688709 -0.908639 -0.171064 0.380937 -0.837745 -0.127888 0.530875 -0.990594 0.0911933 0.10202 -0.666485 -0.677068 0.312051 -0.960192 0.0142049 0.27898 -0.778563 -0.506646 0.370338 -0.91392 -0.162678 0.371868 -0.400608 -0.650476 0.645286 -0.849503 0.510956 0.131411 -0.791503 0.125154 0.598214 -0.807702 0.00849188 0.58953 -0.362862 -0.497663 0.787821 -0.990188 0.110669 -0.0853202 -0.737984 0.00969385 0.674749 -0.705155 -0.00284756 0.709047 -0.444767 -0.467448 0.763986 -0.525367 -0.646099 0.553665 -0.123461 0.201367 0.971704 -0.130746 -0.135277 0.982143 -0.372399 -0.00645173 0.92805 -0.350422 -0.00383991 0.936584 -0.224021 0.919243 0.323739 -0.333059 -0.00168358 0.942904 -0.401578 -0.00413809 0.915816 -0.234142 -0.194328 0.952583 -0.16783 -0.00923412 0.985773 -0.231854 0.0669156 0.970446 -0.00670196 -0.70465 0.709523 -0.0157386 -0.349401 0.936841 -0.00148211 -0.912085 0.409998 0.00137069 -0.905409 0.424538 -0.255002 -0.0164893 0.9668 -0.37616 -0.358576 0.854358 -0.603515 -0.00783469 0.797313 -0.540069 -0.0045491 0.841608 -0.581851 -0.00305758 0.81329 -0.624177 0.00317814 0.781277 -0.964913 -0.000435367 0.26257 -0.962092 -0.0112014 0.272497 -0.96709 0.00250332 0.254422 -0.999955 0.00186727 0.00927174 -0.99999 -0.00391134 0.0021031 -0.999987 -0.00384424 0.00339591 -0.999968 -0.00227806 0.00765042 -0.705482 -0.708728 -0.000426133 -0.00153365 -0.999999 -0.00021984 -0.0029764 -0.999805 0.0195172 -0.999367 -0.010876 0.0338783 -0.993187 -0.00316709 0.116492 0.000549401 -0.73188 0.681434 -0.87735 -0.0100465 0.479745 0.00461624 -0.88691 0.46192 -0.907595 0.00464422 0.419822 -0.637223 -0.652804 0.409626 -0.893827 0.00239116 0.448406 -0.856689 -0.00487278 0.515811 -0.00571662 -0.88893 0.458007 -0.897328 0.00338207 0.441352 0.00597313 -0.706499 0.707689 -0.894621 -0.00896244 0.446736 -0.315416 -0.221986 0.922624 -0.590498 0.0365005 0.806213 -0.603752 0.00582065 0.797151 -0.0774081 -0.172401 0.981981 -0.152179 -0.0697806 0.985887 -0.562406 -0.531787 0.633169 -0.641806 -0.652199 0.403388 -0.257431 -0.00927422 0.966252 -0.261884 0.244088 0.933722 -0.00504158 0.00406972 0.999979 -0.0286055 -0.493084 0.869511 0.0204867 -0.269571 0.962763 0.154192 -0.165881 0.974017 0.544047 -0.675393 0.497853 -0.001987 0.00130197 0.999997 0.0896423 -0.253104 0.963277 0.376539 -0.625205 0.683621 0.364135 -0.812711 0.454869 -0.0124098 -0.262962 0.964727 -0.601625 0.400703 0.691003 0.00413496 -0.00555968 0.999976 -0.298059 -0.00557209 0.954531 0.118294 -0.435802 0.892235 0.00141699 -0.00602984 0.999981 0.283889 -0.790608 0.542536 -0.628228 0.360733 0.689348 -0.0459373 0.00792958 0.998913 -0.686813 0.292566 0.665352 -0.74252 0.228772 0.629546 -0.708443 0.112376 0.696764 -0.264581 -0.00145136 0.964363 -0.00172826 -0.000451648 0.999998 -0.292932 -0.0214656 0.955892 -0.927526 0.370897 0.0461563 -0.698608 0.60034 0.38928 0.174654 -0.882102 0.437483 -0.304083 -0.0704691 0.950036 -0.884856 0.0261061 0.465133 -0.832761 -0.0417084 0.552059 -0.121042 -0.0230147 0.992381 -0.640137 0.479272 0.600436 -0.0507133 -0.829254 0.556567 -0.939801 0.341719 -0.0013797 -0.796553 0.134041 0.589522 -0.930564 -0.365897 0.0130455 0.293475 -0.711533 0.63843 -0.711609 0.378622 0.591826 0.389333 -0.697182 0.601961 -0.788091 -0.00185844 0.615555 0.526259 -0.679021 0.511842 -0.875799 0.220437 0.429399 -0.603474 0.507864 0.614731 0.494775 -0.633913 0.594434 0.244424 -0.799683 0.54842 0.156065 -0.813162 0.560724 -0.688752 -0.355562 0.63182 -0.739202 0.308149 0.598853 -0.73231 0.198094 0.651522 -0.264434 0.0950025 0.959713 -0.310099 0.337875 0.888639 0.396674 -0.748362 0.531605 -0.464067 -0.883979 -0.0567643 -0.543175 -0.101422 0.833471 -0.270586 -0.581874 0.766946 -0.122735 -0.337097 0.933436 0.217411 -0.596336 0.772733 -0.658147 -0.460329 0.595769 -0.459324 0.237 0.856068 -0.732447 0.447801 0.512831 -0.643513 0.283827 0.710868 0.376537 -0.844528 0.38078 -0.693544 0.187335 0.695631 0.32296 -0.82224 0.468634 0.378248 -0.662937 0.646098 0.229165 -0.758674 0.609833 0.106299 -0.742966 0.660835 -0.775288 0.0267299 0.631042 0.242907 -0.964922 0.0996104 -0.964872 0.203919 0.165649 -0.944785 -0.246417 -0.216009 -0.803978 0.51994 0.288586 -0.929953 0.367663 0.00336999 -0.928907 0.336798 0.153945 0.359517 -0.877509 -0.317373 0.62838 -0.773103 0.0863198 0.579896 -0.781802 0.229143 -0.543949 -0.732358 -0.4096 -0.839172 0.540702 0.058582 -0.863861 0.476073 0.164619 -0.768164 -0.60306 -0.21504 0.811653 -0.581543 0.055013 -0.820616 0.496369 -0.283209 -0.706555 0.704051 0.0713609 -0.939123 0.310536 0.147021 0.182768 -0.977159 0.108428 0.292396 -0.950586 0.104361 -0.682664 -0.445914 -0.578905 0.603621 -0.77273 -0.196292 0.577094 -0.706335 0.409944 -0.683551 -0.506578 -0.525488 -0.865504 0.217177 0.451372 -0.0359965 -0.935771 -0.350767 -0.854407 -0.251303 -0.454793 0.373933 -0.903303 0.210279 -0.610748 0.630678 0.478782 0.154777 -0.810264 0.565258 -0.873489 0.448556 -0.189247 0.839039 -0.540673 0.0607181 -0.635658 0.769185 0.065524 0.114292 -0.841168 0.528559 0.306166 -0.912562 0.271094 0.00995617 -0.920708 0.390126 -0.668966 -0.549077 -0.500997 0.709145 -0.690766 0.141263 -0.933415 0.331221 0.137944 -0.800962 0.565064 0.197896 -0.95884 0.165826 -0.230496 0.0376424 -0.997971 0.0513467 0.457017 -0.886978 0.0663767 0.393044 -0.917633 -0.0588761 0.233276 -0.969465 0.0756341 0.680504 -0.726963 -0.0918633 -0.524387 -0.756655 -0.390502 -0.592169 0.80581 -0.0024829 0.390689 -0.911403 0.129253 -0.532485 0.846043 0.0258954 -0.802446 0.588138 -0.100864 -0.863907 -0.31637 -0.391885 0.783588 -0.617974 -0.0640172 0.275952 -0.931277 0.237852 0.504076 -0.862469 0.0453239 -0.71141 0.702461 -0.021067 0.865885 -0.495229 -0.0706475 -0.941613 0.308956 0.133831 -0.103975 -0.993059 -0.0549854 0.420827 -0.905891 -0.047598 0.368307 -0.928101 0.0545804 -0.954697 0.268241 0.12884 -0.754595 0.627174 0.192974 0.447945 -0.866738 0.21934 0.546492 -0.828739 -0.120574 -0.779948 0.620161 0.0841511 -0.686106 -0.699129 -0.201189 -0.969404 0.242341 0.0390681 0.246498 -0.968781 -0.0265097 -0.714172 0.691955 -0.105624 0.234808 -0.971069 -0.0434817 0.63117 -0.762982 0.139581 0.875059 -0.475236 -0.0917772 0.35484 -0.909913 0.214821 0.576344 -0.775861 -0.256645 -0.943871 -0.329944 0.0156436 0.700377 -0.683006 -0.207303 0.498814 -0.849272 -0.17298 0.0550008 -0.996565 -0.0619168 -0.721314 0.677762 0.142633 0.446317 -0.876901 -0.178456 -0.516705 -0.85456 0.0523711 -0.0412961 -0.989118 -0.141209 -0.668007 0.720521 -0.186054 0.517363 -0.820358 -0.243614 -0.052828 -0.980595 -0.188794 0.135978 -0.986117 0.095304 0.617389 -0.784562 -0.0573905 -0.231816 -0.971028 0.0580111 0.369259 -0.798798 -0.474942 0.313425 -0.865965 -0.389704 0.529925 -0.728351 -0.434378 0.62984 -0.726257 0.275411 0.228704 -0.948312 0.219996 -0.568413 -0.820947 -0.0543422 -0.988373 -0.151563 -0.012145 -0.815043 0.573077 0.0853691 0.650465 -0.716222 0.252825 0.318014 -0.90044 -0.296773 0.0345849 -0.920467 -0.389287 0.613898 -0.78135 0.112341 -0.341816 -0.822898 0.453873 0.284057 -0.958204 0.0340004 0.53911 -0.603337 0.58766 0.474664 -0.870834 -0.127837 -0.932383 0.345702 0.105606 -0.77749 -0.623823 -0.0797161 0.180743 -0.950164 0.254007 0.469181 -0.753533 0.460497 -0.816816 -0.102104 0.567792 -0.138651 -0.740301 0.657823 -0.393436 0.182593 0.901037 -0.00033212 -0.42037 0.907353 -0.00939998 -0.968665 0.248193 -0.00134873 -0.999966 0.00809961 -2.21717e-06 -0.704426 0.709778 0.0415003 -0.719049 0.693719 0.0346284 -0.999398 0.00189175 0.0321978 -0.393169 0.918902 0.0784239 -0.982469 0.169127 0.061223 -0.924253 0.37684 0.0375153 -0.998068 0.04953 0.0520697 -0.998123 -0.0322409 0.100656 -0.925319 -0.365586 -0.00298208 0.975094 0.221774 0.0241939 0.968961 0.246028 0.00655635 0.80327 0.59558 0.0203689 0.600265 0.799542 -0.000449974 0.457979 0.888963 0.00481868 0.335973 0.941859 -0.79001 -0.00802464 0.613042 0.172994 0.565416 0.80646 0.00288266 0.604889 0.796305 0.00246442 0.621442 0.783456 -0.00275532 0.786409 0.6177 -0.459716 0.620982 0.634856 0.000830878 0.943078 0.33257 0.000557032 0.960572 0.27803 0.00652242 0.981861 0.189489 -0.99988 0.00168714 0.0154252 0.00086727 0.999991 -0.00403472 -0.705288 0.708803 -0.0129273 -0.0011446 0.999851 -0.0172182 -0.00550743 0.999939 0.0095383 -0.627883 0.476787 0.615172 -0.126079 0.972198 0.197318 -0.88146 -0.0180117 0.471915 0.000366854 0.963279 0.268503 0.0075695 0.693437 0.720478 -0.690792 -0.000790526 0.723053 0.00972418 0.708662 0.705481 -0.00281517 0.528568 0.848886 -6.09522e-05 0.478801 0.877924 -0.466354 -0.0281796 0.884149 -0.00799787 -0.0136513 0.999875 -0.623895 -0.385718 0.679689 -0.568417 -0.444544 0.692303 -0.534443 -0.0620328 0.842925 -0.558468 0.457552 0.691925 -0.47934 0.505276 0.717586 0.0332029 0.247838 0.968232 0.439856 0.536667 0.72008 -0.141068 0.944102 0.297947 -0.998282 0.0585084 -0.00298321 -0.824438 -0.565368 -0.0257251 -0.836221 0.0587821 0.545234 0.0174485 0.926662 -0.37549 -0.00751454 0.942021 -0.33547 0.0264171 0.99959 0.0110349 0.0141997 0.752259 0.658715 0.00775015 0.404967 0.914298 0.00430458 0.778312 0.627863 -0.00383403 0.999993 -0.000242703 -0.0288233 0.755782 0.654188 -0.000909873 0.704984 0.709223 -0.178584 0.694326 0.69715 0.00327525 0.0255551 0.999668 -0.14658 0.748885 0.646286 -0.15124 0.381032 0.912108 0.00759077 0.0196351 0.999778 -0.360195 0.861411 0.358093 -0.221358 0.767922 0.60108 -0.87974 -0.165759 0.445625 -0.800837 -0.238837 0.549197 -0.665545 -0.285833 0.689456 -0.640355 -0.357633 0.679738 -0.99506 -0.0990175 -0.00718062 -0.778339 -0.254638 0.573888 -0.791523 -0.147411 0.593095 -0.703323 -0.366329 0.609212 -0.708945 -0.131603 0.692876 -0.769701 -0.243018 0.590341 -0.974887 -0.152718 0.162086 -0.990074 0.033176 0.136578 -0.98975 -0.0869628 0.113283 -0.960661 0.0741581 0.26764 -0.972273 0.0988369 0.211937 -0.908643 -0.00279305 0.417563 -0.909786 0.0985232 0.403216 -0.933736 0.318336 0.163708 -0.852103 0.14748 0.502166 -0.904205 -0.392356 0.168729 -0.920198 0.389987 -0.0338592 -0.904096 0.384153 -0.187181 -0.971211 0.238086 -0.00798743 -0.979625 -0.200737 -0.00632238 -0.906363 -0.0346037 0.42108 -0.997944 0.0372267 0.0521668 -0.998523 -0.0416486 0.0348893 -0.93601 0.286119 0.204989 -0.945594 0.325329 0.00366983 -0.922993 0.357041 -0.143544 -0.979942 0.187042 0.0687623 -0.98429 0.136908 0.111483 -0.997621 -0.0503265 0.0471174 -0.872022 0.465871 -0.150144 -0.996753 -0.00140717 -0.0805107 -0.908396 0.397355 -0.1301 -0.887111 0.407692 0.216383 -0.956252 0.12602 0.264011 -0.996608 0.0264153 -0.077937 -0.878975 0.437245 -0.190314 -0.989236 0.107253 -0.0995463 -0.99544 0.0381778 -0.087418 -0.949038 0.165222 -0.268382 -0.752184 0.490618 -0.439901 -0.877543 0.320543 -0.35661 -0.769806 0.598096 0.222891 -0.94117 0.0974291 0.323584 -0.867751 0.493298 0.0605398 -0.518183 0.708813 0.478613 -0.909615 0.390744 -0.141138 -0.892943 0.22017 -0.392655 -0.303874 0.584643 0.752232 -0.790547 0.202712 0.577879 -0.43108 0.142481 0.890994 0.048231 -0.66855 0.742101 -0.808887 0.376367 0.451718 -0.115909 -0.395834 0.910978 -0.798974 0.262962 0.540825 0.779977 -0.36643 0.507311 0.0354506 0.610195 0.791458 -0.369193 0.224355 0.901865 -0.895901 -0.129992 0.424809 -0.858837 -0.122395 0.497411 -0.764826 0.349981 0.540883 -0.0952953 -0.858957 0.503101 0.35451 -0.766701 0.53525 0.530647 0.133724 0.836978 -0.0982348 -0.674717 0.73151 -0.745589 0.300373 0.594872 -0.808378 0.170087 0.563556 0.223637 -0.172492 0.959288 0.0763335 0.708978 0.701087 -0.0410422 0.718577 0.694235 0.366027 0.781979 0.504513 0.127988 0.227142 0.965415 0.467463 0.757871 0.455093 0.175919 0.265583 0.947902 0.225308 0.665678 0.711413 0.00769232 0.00251597 0.999967 0.181127 0.700913 0.689865 0.606539 0.794695 0.0238748 0.128034 0.991577 0.0195499 0.351332 0.936169 0.0124004 -0.283748 0.729709 0.622103 0.382047 0.712761 0.588228 0.457887 0.653443 0.602786 -0.10238 0.788817 0.606041 -0.624052 -0.504784 0.59645 0.213668 0.736765 0.641501 -0.0398891 0.839412 0.54203 0.290051 0.736505 0.61109 -0.539988 0.534844 0.649889 0.17686 0.787236 0.590745 0.0286532 0.769869 0.637559 0.12119 0.745325 0.655595 0.0174995 0.721409 0.692288 -0.114434 0.739269 0.663616 0.392714 0.691026 0.606843 0.230292 0.645045 0.728617 0.369779 0.740721 0.560889 -0.217634 0.691503 0.68881 -0.245061 0.671605 0.699208 -0.361983 0.186636 0.91331 -0.456607 0.122709 0.881165 -0.396614 0.646702 0.651516 -0.492417 0.37448 0.785679 -0.059937 0.317766 0.946273 0.0387164 0.533565 0.844872 -0.699001 -0.35767 0.61925 -0.523921 -0.190402 0.830213 -0.737942 -0.46817 0.486065 0.47756 0.739436 0.474521 0.45615 0.873829 0.168374 0.235593 0.952208 0.194411 -0.42316 0.655859 0.625127 -0.904026 -0.422488 0.0651251 -0.719033 -0.310426 0.621794 -0.505641 0.840529 0.194519 -0.812704 -0.544709 0.206893 -0.815409 -0.578846 0.00672298 -0.0397128 0.993685 0.104938 -0.251449 0.958911 0.131391 -0.920758 -0.283232 -0.2683 0.0932427 0.979281 0.179763 -0.401119 0.896356 -0.188811 -0.700011 0.667967 0.252598 -0.77019 0.601149 -0.213138 0.607914 0.787552 0.101012 -0.963631 -0.243409 0.110303 -0.749398 -0.598874 -0.282405 0.387203 0.890249 -0.239857 -0.268602 0.952047 0.146493 -0.632461 0.604169 0.48474 -0.721538 -0.691053 0.0427563 0.514172 0.669119 0.53657 -0.0270332 0.991119 0.130202 -0.129427 0.945482 0.298851 0.278894 0.951732 0.128155 0.740137 0.545472 0.393266 -0.632156 -0.764718 0.124842 -0.880061 0.0610128 -0.470925 -0.543803 0.602169 -0.584526 -0.0303508 0.973246 0.22775 -0.85639 -0.226455 0.46402 0.708679 0.690478 0.144963 -0.0537772 0.96841 0.243495 -0.410347 0.734502 -0.540483 -0.347541 0.921072 0.175618 -0.930243 -0.120799 0.34649 -0.597463 0.579301 -0.55448 0.278883 0.808275 0.518572 0.0500937 0.87486 0.481779 -0.150787 0.927467 0.342152 -0.662415 -0.74453 -0.0829564 -0.764426 -0.537925 0.355373 -0.106695 0.93445 0.339735 0.138906 0.8655 0.481264 -0.0348268 0.979739 0.197228 0.365698 0.908089 0.204058 0.545593 0.81112 0.210744 -0.0764028 0.953272 0.292292 -0.237623 0.95813 0.159756 -0.50818 0.81467 0.279402 -0.876434 -0.124539 0.465139 -0.93143 -0.283378 0.228332 -0.878802 -0.321148 0.352945 -0.493256 -0.869511 0.0254608 0.194083 0.935538 0.295128 -0.386801 0.913675 0.124831 -0.957176 -0.0948621 0.273525 -0.765825 -0.640538 0.0567704 0.284527 0.913927 -0.289451 -0.0739379 0.99527 0.063022 -0.515102 0.857129 0.0011085 -0.804572 0.419837 -0.420001 -0.377713 0.920668 -0.0985058 -0.309642 0.946441 0.0914958 0.388849 0.915997 -0.0987233 0.130317 0.99119 -0.0236449 -0.392814 0.863908 -0.315214 -0.904466 -0.367961 -0.215746 -0.984367 -0.157238 0.0793648 -0.954484 -0.298057 0.0110779 -0.930092 -0.366611 -0.0229383 -0.937674 -0.266613 -0.222903 0.412115 0.910131 0.042692 0.731137 0.680326 0.0509531 0.877452 0.475433 0.0635712 0.267786 0.961932 -0.0545607 -0.707646 0.682118 -0.184262 -0.0470992 0.998115 0.0393516 -0.825446 0.564467 -0.00388075 -0.0197196 0.998655 0.0479497 -0.287886 0.953098 0.0934077 0.243757 0.969836 0.00100132 0.0337413 0.997275 0.0656087 -0.929016 -0.326952 -0.173299 -0.93657 -0.2995 0.182036 -0.782232 -0.61471 -0.101214 -0.926683 -0.337126 0.166143 -0.0426014 0.998703 0.0278727 0.187215 0.97056 -0.151536 0.739704 0.669954 -0.0632372 -0.196242 0.973564 0.116889 -0.510184 0.853842 0.103283 0.0123941 0.997983 0.0622658 0.330638 0.908045 0.257163 -0.996183 -0.0766074 0.0418422 0.664954 0.746556 -0.022142 0.548163 0.833868 -0.0646641 -0.32956 0.904472 0.270777 -0.58782 -0.808592 -0.0254314 -0.914222 -0.399108 0.0700836 -0.882922 -0.454601 0.117416 -0.605587 -0.795503 -0.020966 0.365928 0.928572 0.0620558 0.260555 0.955645 0.137311 -0.78956 0.61262 0.0359483 -0.889782 -0.449948 -0.0763789 -0.638686 0.768173 -0.0446171 -0.450779 0.880705 -0.145456 -0.962472 0.271156 0.0110101 -0.998825 -0.035595 0.0328933 0.208714 0.977531 -0.0295099 0.0982526 0.995048 0.0150583 0.199285 0.978716 0.0489988 -0.154777 0.986316 -0.0567831 0.759966 0.644997 -0.0801926 -0.00739893 0.998492 -0.054399 0.479423 0.858401 -0.182488 -0.765773 -0.617316 -0.180313 -0.986471 -0.158661 0.0412483 -0.367844 0.929882 -0.00319095 -0.585772 -0.801435 -0.120718 -0.365699 0.929265 -0.05226 0.574015 0.818694 -0.0157104 -0.0225558 0.999681 0.0113833 -0.950214 -0.0909547 0.298027 0.399588 0.910205 -0.108885 -0.00214406 0.999381 0.035123 0.471081 0.876885 -0.0956884 -0.025393 0.998703 -0.0441377 0.080394 0.996755 -0.00396138 -0.0511949 0.976055 -0.211415 0.0025799 0.990705 -0.136003 -0.860055 -0.480836 0.170591 -0.867364 -0.497606 0.00819115 0.226029 0.946753 -0.229279 -0.981635 -0.143751 -0.125409 -0.898541 -0.424836 -0.110173 -0.814111 -0.557727 0.161755 -0.98339 -0.0472538 -0.175248 0.716041 0.648475 0.258391 -0.0757375 0.979114 -0.188679 -0.657967 0.732723 -0.173771 -0.985357 0.0207409 -0.16924 -0.97884 -0.140505 -0.148764 0.659532 0.711453 -0.242595 1.97417e-05 0.996115 0.0880583 -0.980126 -0.0808697 -0.181144 0.497774 0.782112 -0.374864 0.691643 0.689157 -0.216082 0.111851 0.963537 -0.243077 0.235881 0.949339 -0.207645 0.425944 0.896663 0.120698 -0.981 0.0989237 0.166892 -0.941403 -0.140083 -0.306817 -0.329457 0.865631 -0.377017 -0.621738 0.770301 0.141698 -0.980021 0.00941751 -0.198674 -0.974886 -0.0119403 -0.222384 -0.0578006 0.978203 -0.199445 -0.125324 0.960888 -0.246958 -0.650631 -0.61519 -0.445219 -0.474796 0.757036 -0.44885 -0.626427 0.772157 -0.106592 -0.353581 0.935311 0.0131879 -0.695679 -0.658341 0.287432 -0.953261 0.074388 -0.292846 -0.544202 0.804034 0.239529 0.128185 0.919354 -0.371964 -0.00774911 0.964955 -0.2623 -0.88991 0.452335 0.0587692 0.869652 0.431589 0.239659 0.602418 0.780941 0.164996 -0.139106 0.895141 -0.423523 -0.794253 -0.268183 0.545198 0.663581 0.737358 0.126346 0.213561 0.911154 -0.352405 -0.35727 0.897795 -0.257533 -0.967576 -0.0234533 -0.25149 -0.767336 -0.44489 -0.46181 -0.0331726 0.991095 -0.128958 -0.944754 -0.145496 -0.293721 -0.944082 -0.0986208 0.314615 -0.271506 0.955965 0.111428 0.280596 0.920862 0.270702 0.211281 0.908107 -0.361528 -0.539418 0.841869 0.0168713 -0.963717 0.00497941 0.26688 0.375508 0.90501 -0.199877 0.456603 0.874793 0.162021 -0.919972 -0.342698 -0.190287 -0.846084 -0.525636 0.0885871 -0.323812 -0.51284 0.795073 -0.607876 0.793832 -0.0178292 -0.295693 0.949595 -0.10409 0.5049 0.309738 0.805691 -0.598697 0.28332 0.749194 -0.907097 0.286767 -0.308122 0.128079 0.966011 0.224541 -0.112262 0.757102 0.643579 -0.517535 -0.110234 0.848531 -0.652183 0.0390211 0.757056 -0.581939 0.309161 0.752175 0.0361319 0.907829 0.417781 -0.405793 0.810396 0.422599 -0.979506 0.127739 0.155727 -0.10116 0.539364 0.835974 -0.866934 -0.316245 0.385247 -0.978624 -0.055218 0.198106 -0.801773 -0.307237 0.512606 -0.930153 -0.293395 0.22076 -0.82006 -0.383545 0.424729 0.110988 -0.33445 0.935855 -0.144123 0.560052 0.815825 0.361746 0.75612 0.545364 -0.384011 0.64405 0.661615 0.185405 0.0644706 0.980545 0.194143 0.77672 0.599178 -0.0747558 0.831637 0.550265 -0.290091 0.759068 0.582806 0.240853 0.837235 0.490945 0.355726 0.802596 0.478851 -0.0473575 0.774326 0.631012 -0.85475 0.12717 0.50322 -0.152751 -0.820505 0.550852 -0.0477271 0.796402 0.602881 -0.172282 0.783353 0.597224 -0.671686 0.242649 0.699971 -0.232297 0.723673 0.649873 0.0244661 0.772203 0.634904 -0.160716 0.742853 0.649877 0.218467 0.748822 0.62573 -0.791651 0.0308748 0.610194 -0.335127 0.68193 0.650124 -0.803355 -0.107516 0.585714 -0.791682 -0.222439 0.568999 0.0683443 0.588175 0.805841 -0.756105 0.187001 0.627165 -0.777857 -0.325757 0.53742 0.571868 -0.342955 0.745217 0.408516 0.204694 0.889502 -0.17963 0.67534 0.715297 -0.0562802 0.904907 0.421873 0.123609 0.913043 0.388682 -0.950969 0.00482128 0.30925 -0.0865377 -0.400341 0.912271 -0.140089 0.909584 0.391193 0.392798 0.866741 0.307359 -0.160493 0.918475 0.36145 -0.373576 0.850269 0.370789 -0.910265 0.156795 0.383187 -0.931786 -0.146793 0.332004 0.274049 0.915695 0.293938 -0.920991 -0.307643 0.239023 0.00427086 0.93361 0.358265 -0.950666 0.115071 0.288084 -0.299798 0.895737 0.328295 0.146242 0.882608 0.446784 -0.91392 -0.213588 0.345153 -0.860815 -0.377626 0.341169 -0.191435 0.943866 0.2692 -0.935283 -0.0807195 0.344572 -0.275642 0.901245 0.334334 0.337468 0.887301 0.314345 -0.557281 0.805154 0.202893 0.210279 0.917833 0.336698 -0.961804 0.0373679 0.271177 0.480581 0.849599 0.217309 0.529707 0.829181 0.17852 0.287412 0.943047 0.167502 -0.809456 -0.531103 0.250422 -0.192204 0.948019 0.253608 -0.896099 0.00204241 0.44385 0.144829 0.966232 0.213119 -0.923698 -0.311562 0.222962 -0.0986274 0.97272 0.209972 -0.341461 0.936085 0.0845525 -0.992715 0.0980806 0.0699734 -0.995929 0.076731 0.047298 -0.954624 -0.141116 0.262258 -0.960329 0.0995266 0.260505 0.741519 0.670877 0.00854286 -0.94459 -0.238526 0.22551 -0.821533 -0.535434 0.195941 -0.966015 -0.249432 0.0678161 -0.292247 0.935685 0.1977 -0.00998562 0.999902 -0.00984176 0.484595 0.87456 0.0176731 0.277296 0.960204 0.0334089 -0.966621 -0.255866 0.0133032 -0.974241 0.0618185 -0.216873 0.171661 0.980027 -0.100401 0.25011 0.968202 -0.00546692 -0.963377 0.131083 -0.233926 -0.196756 0.892232 -0.40646 -0.98721 0.0842856 -0.135321 0.125807 0.930058 -0.345202 0.571052 0.820742 0.0167912 -0.335344 0.94135 0.0374714 -0.98474 -0.127287 -0.118684 -0.950198 -0.311615 0.00444127 -0.976586 -0.215009 -0.00719059 -0.25029 0.919683 -0.302551 0.3146 0.949103 -0.0151514 -0.828071 -0.559585 0.0341072 0.129783 0.971421 -0.19874 -0.779599 0.620234 0.0868059 -0.930227 0.253428 -0.265426 0.254906 0.965728 0.0489184 0.356294 0.931118 0.0779295 -0.979705 -0.0937518 -0.177167 0.0237209 0.999672 0.00961684 0.0754968 0.982449 -0.170573 0.730554 0.682855 -0.000419043 0.214081 0.976119 0.0368883 -0.948492 -0.307144 0.0776245 -0.96591 -0.254886 0.0452881 -0.0471653 0.968086 -0.246142 0.362196 0.789698 -0.495169 -0.418467 0.907657 -0.0323079 0.127133 0.991103 0.0394082 0.322185 0.946568 0.0143816 0.0794126 0.982211 -0.17016 -0.995372 0.0855785 0.0437111 -0.950162 -0.277116 0.142825 -0.939995 -0.338177 0.0452389 -0.985337 0.00366306 -0.170583 -0.939454 -0.339118 0.0492399 -0.915712 0.401079 -0.0246449 0.22829 0.973413 -0.0187047 0.340239 0.940223 0.0148099 -0.497364 0.806173 -0.32049 -0.949547 0.305395 0.0713683 -0.447813 0.850638 -0.275461 -0.97589 -0.211131 0.0553418 0.563151 0.82625 0.0130935 0.188491 0.978875 -0.0792186 -0.0578311 0.986618 -0.152447 -0.964971 -0.250156 0.0790713 -0.842414 -0.53835 0.0227534 -0.0820954 0.980461 -0.178766 0.19285 0.980148 0.0460291 -0.983901 0.149983 0.097181 -0.946791 -0.321011 0.0232248 -0.961494 -0.269838 0.0521227 -0.754691 0.65009 0.08845 -0.440486 0.877726 -0.188598 -0.803972 0.577357 0.142435 0.292717 0.955592 0.0340623 -0.108458 0.993737 0.026912 0.169534 0.984954 0.033533 -0.952696 -0.300807 0.043418 -0.964503 -0.26393 -0.00864317 -0.978323 0.080309 0.190877 -0.931991 -0.333005 -0.143177 -0.967718 0.179262 0.177161 0.564075 0.825654 -0.0107146 0.32458 0.945166 0.0361704 -0.199662 0.977667 0.0655972 0.251689 0.957954 -0.137754 -0.492379 0.76078 0.42282 -0.00984073 0.99979 0.0179491 -0.821742 -0.541493 -0.177553 -0.744683 0.272241 0.60937 -0.996909 -0.078132 0.00828562 -0.0633317 0.984521 0.163424 -0.942177 -0.238791 -0.235118 0.431891 0.887873 -0.158594 0.631755 0.572639 -0.522466 -0.127154 0.931599 -0.340522 0.291272 0.906349 -0.30609 -0.569346 -0.567052 -0.595229 -0.45164 -0.247334 -0.857232 -0.762716 -0.269419 -0.587944 -0.187605 0.16673 -0.967991 0.0258169 -0.375758 -0.926358 0.453366 0.281561 -0.845684 -0.446027 -0.758049 -0.475837 -0.32008 0.203785 -0.925214 0.368952 0.562519 -0.739896 -0.822314 -0.555327 0.124144 -0.609342 0.456329 -0.648434 -0.591442 0.367101 -0.717936 0.0130804 0.90235 -0.430805 0.763952 0.416133 -0.493165 -0.862175 -0.494628 0.109535 -0.845379 -0.0847817 -0.527396 0.524921 0.843373 0.114805 -0.827629 -0.252568 -0.501238 0.254906 0.879554 -0.401755 -0.738886 -0.671351 0.0577512 -0.830111 -0.526622 -0.183263 0.640495 0.764138 0.0765463 -0.758239 -0.571972 -0.312923 0.618918 0.778437 -0.104769 -0.985095 -0.154782 -0.0750388 -0.760436 0.603831 -0.239009 -0.961864 -0.220096 -0.162406 -0.814169 -0.569446 -0.113403 0.594266 0.803525 -0.0345843 0.308051 0.948905 -0.0684372 0.803493 0.592409 -0.0587419 -0.953589 -0.115707 -0.277992 -0.585867 -0.56158 -0.584284 -0.660405 -0.737651 0.140486 0.63848 0.764874 -0.0855032 -0.0525273 0.998067 0.0332281 -0.838649 -0.540038 0.0708985 0.521991 0.844238 0.121602 -0.968129 -0.148959 0.201337 -0.710799 0.627831 0.317165 0.0531041 0.978279 0.200373 -0.893648 -0.416369 -0.167424 0.313329 0.939614 0.137659 0.534611 0.84364 0.0496159 -0.935955 -0.222646 0.272796 -0.828912 -0.487809 0.273764 0.436328 0.869773 0.230463 -0.786018 -0.615415 -0.0586498 -0.90567 -0.390124 0.166027 0.0777411 0.900553 0.42774 0.551164 0.834337 0.010016 -0.889203 -0.240153 0.389416 0.0281438 0.996607 0.0773408 0.0160331 -0.946928 -0.321045 0.0922981 -0.929541 -0.356979 0.0706781 -0.971112 0.227917 0.208551 -0.882556 0.421427 0.278504 -0.765613 0.57989 0.136736 -0.789261 0.59864 -0.67604 -0.0716376 0.733375 0.413579 -0.70981 0.570196 0.0493636 -0.943299 0.328254 -0.933683 0.271261 0.233781 0.256147 -0.938449 0.231736 0.121411 -0.973477 0.193912 0.378888 -0.890444 0.252096 -0.843555 -0.131004 0.52082 -0.897812 -0.244129 0.366517 -0.859689 0.361621 0.360785 -0.0620539 -0.97646 0.206579 -0.173625 -0.981592 0.0795663 -0.968607 -0.186006 0.164934 -0.937369 0.189996 0.29196 0.347692 -0.903021 0.252314 0.197213 -0.945936 0.257513 -0.730838 -0.622824 0.279223 -0.0541375 -0.966269 0.251779 0.563386 -0.796439 0.219731 -0.94746 0.263296 0.181645 -0.96794 0.128005 0.216117 0.277952 -0.867832 0.411838 -0.840871 0.510241 0.180527 0.00840725 -0.929513 0.368694 0.160739 -0.955544 0.24718 0.564777 -0.794699 0.222442 0.322227 -0.909392 0.263015 -0.684632 -0.727095 0.051094 -0.973835 0.224259 0.0367773 -0.702042 0.711951 0.0162002 0.26382 -0.963774 0.0392192 -0.955333 0.291937 0.04595 -0.972801 0.22811 0.0402976 0.305562 -0.951804 0.0264875 0.307679 -0.951489 0.00168994 -0.998427 0.000481861 -0.0560619 -0.951013 0.307032 0.036122 -0.976019 0.20921 0.0601548 -0.670153 -0.739694 0.0612217 -0.962692 0.269297 0.0265113 0.596948 -0.801995 0.0213687 0.251696 -0.967452 0.0261983 0.384904 -0.919868 0.0754443 0.231436 -0.9711 0.0583222 -0.819216 0.57346 0.00547702 0.261482 -0.96422 0.0436777 -0.683847 0.729623 0.0017643 0.24334 -0.96915 0.0391579 -0.947143 -0.14545 -0.285943 -0.946201 0.322677 0.0241588 -0.977517 0.20667 0.0418021 -0.997548 -0.0698613 0.00422622 0.754481 -0.656203 0.012482 0.325597 -0.944475 0.0442096 -0.944954 0.326792 0.0164108 -0.638765 -0.766364 0.0683029 0.303442 -0.951616 0.0484846 -0.963888 0.264882 0.0275312 -0.906339 -0.422488 -0.00734653 0.297487 -0.954381 0.0256451 -0.990288 -0.119966 -0.0702728 -0.961365 0.274155 0.0248237 -0.925349 0.374195 -0.060888 -0.942359 0.333968 0.0206261 -0.957636 -0.287858 -0.00843192 0.270094 -0.961721 0.0462934 -0.715183 -0.693789 0.0846796 -0.980951 -0.194025 0.00945773 -0.971787 0.232691 0.0385219 0.735333 -0.677706 -0.000228153 -0.747829 -0.628608 -0.213549 -0.798452 -0.522929 0.29836 -0.838898 0.52627 -0.138892 -0.961484 0.242509 -0.129373 -0.796599 -0.0201892 0.60417 -0.971483 -0.204074 0.120723 -0.693049 0.310913 0.650397 -0.924193 0.0552869 0.377903 -0.973733 -0.0889761 -0.209589 -0.990791 0.0383385 0.129858 -0.970284 0.131322 0.203232 -0.868547 -0.0606044 -0.491888 -0.925207 -0.179307 -0.334426 -0.97001 -0.0814078 -0.229028 0.919433 0.149787 0.363603 0.870887 0.300297 0.389073 0.986274 -0.064951 0.151807 0.897804 0.254986 0.359067 0.765079 0.612229 0.199576 -0.282221 -0.886895 0.365743 -0.181536 -0.910386 0.371809 -0.559765 -0.79811 0.222898 -0.21541 -0.961802 0.168927 -0.222528 -0.971402 0.0828219 -0.560326 -0.796474 0.227298 0.731761 -0.67648 0.0830692 0.960608 0.268179 0.0728843 -0.752809 -0.658235 -0.00234273 0.691452 -0.71828 0.077251 0.713978 0.112425 0.691084 0.847457 -0.394285 0.355467 0.86478 0.13649 0.483245 -0.562338 0.0626578 0.82453 0.5205 -0.0665287 0.851266 0.656369 0.099513 0.747848 0.655968 -0.306247 0.689869 0.206254 0.00210688 0.978496 0.82357 -0.325142 0.464774 0.820091 -0.383103 0.425068 0.882565 0.160523 0.44194 0.967001 0.132987 0.217308 -0.117708 0.983821 0.135059 0.803811 -0.551434 0.223179 -0.255341 0.966286 0.0330522 -0.539697 0.816426 0.205369 0.697914 0.711076 0.0853592 -0.282647 0.95789 0.0505724 -0.243607 0.969048 0.0400123 -0.571648 0.820309 0.0176271 -0.309719 0.950816 0.00483137 -0.332435 0.942368 0.0378133 0.0851924 0.995172 -0.0487261 -0.18848 0.98196 -0.0151881 -0.340585 0.937299 0.0739808 -0.169905 0.985266 0.019591 -0.255389 0.966735 0.0141541 -0.341129 0.940016 -0.000811844 0.457102 0.882399 -0.111491 -0.54128 0.840687 0.0161856 0.0634002 0.997464 -0.0323445 0.418941 0.891054 -0.174675 -0.265565 0.963666 0.0286705 -0.337723 0.940039 -0.0476406 0.393501 0.915337 0.0855283 0.0566283 0.98801 0.143628 0.01263 0.99798 0.0622674 0.0251833 0.986329 0.162852 0.340406 0.763839 0.548338 0.239286 0.879226 0.411951 -0.273465 0.961811 -0.0117085 0.0283933 0.817147 0.575729 -0.221325 0.961323 -0.163932 0.122242 0.974656 0.187354 -0.145751 0.974168 -0.172489 -0.0113959 0.976962 0.213109 -0.0922922 0.966874 -0.237986 0.141343 0.904789 -0.401719 0.00744292 0.915538 -0.402162 0.113115 0.949438 -0.29287 0.0201465 0.978521 -0.205159 0.217764 0.930557 -0.294351 0.244544 0.967358 0.0664565 0.0640601 0.979597 0.190489 0.152261 0.937254 -0.313643 0.773455 0.610271 -0.171279 0.22954 0.968234 -0.0991689 0.222264 0.971476 0.0826586 0.332921 0.942882 0.011738 0.541874 0.840077 -0.0253518 0.449061 0.88624 0.113683 0.27459 0.961542 0.00613002 0.315016 0.895915 -0.31321 0.404472 0.870503 -0.280404 0.566212 0.81245 -0.139029 0.295379 0.817698 -0.494086 0.444557 0.854849 -0.267588 8.9585e-05 -0.966756 0.2557 -0.0761883 -0.947377 0.310923 0.0244203 -0.974097 0.224808 -0.147612 -0.946564 0.286752 0.0857303 -0.98319 -0.161209 -0.312723 -0.949088 0.0379033 0.253376 -0.944024 -0.211231 -0.228408 -0.973357 -0.0201669 -0.0898576 -0.994127 -0.0603149 -0.0115578 -0.983843 -0.178661 0.278377 -0.903419 -0.326099 -0.139821 -0.989754 0.0289331 -0.0743968 -0.995637 -0.0563168 0.214266 -0.96027 -0.178804 -0.238351 -0.970751 -0.0288435 -0.353239 -0.933614 0.0598926 -0.349469 -0.936862 -0.0127175 0.348883 -0.937166 0.00130721 0.11391 -0.988087 0.103487 -0.230483 -0.971225 0.0599905 0.0674274 -0.996339 -0.0525518 -0.229732 -0.973233 0.00636133 0.00472019 -0.989419 -0.145006 0.215109 -0.976478 0.0148192 -0.380977 -0.924423 0.017308 -0.307422 -0.950821 0.0378291 0.073316 -0.996251 0.0459146 0.216621 -0.976255 0.00122682 0.270803 -0.962621 -0.00520633 0.0150268 -0.999857 0.00779424 -0.251196 -0.967606 0.0252818 -0.342988 -0.938913 -0.0283286 -0.286541 -0.954306 0.0848252 0.0533262 -0.98815 0.143929 -0.261611 -0.94998 -0.170581 -0.164717 -0.958013 -0.234691 0.74191 -0.231815 0.629152 0.908698 -0.0541071 0.413933 0.841795 -0.227127 0.489688 0.882129 -0.231502 0.41019 0.914565 -0.138271 0.380068 0.928295 0.0156018 0.371518 0.911864 0.138684 0.386356 0.90119 -0.23702 0.362874 0.909235 -0.118744 0.398989 0.995635 -0.0709518 0.0606393 0.952832 -0.301048 0.0385021 0.938508 -0.188785 0.289074 0.82106 0.535164 0.198645 0.924011 0.184493 0.334913 0.934653 0.290588 0.204896 0.944913 0.0436671 0.324395 0.923228 -0.29394 0.247486 0.807226 -0.549317 0.215955 0.974393 0.0104023 0.224613 0.969774 0.199043 0.141137 0.976526 0.190993 -0.099596 0.789164 0.613519 0.028546 0.937926 0.343037 0.0512004 0.930203 -0.359428 0.0743949 0.919252 0.392232 0.0336029 0.994626 0.0812842 0.0641284 0.914991 -0.204233 -0.347967 0.963415 0.239461 0.120371 -0.305225 -0.951446 0.039847 0.984206 -0.176521 0.0133611 0.940439 -0.106679 -0.322792 0.99071 0.0686986 -0.117362 0.908425 -0.402962 0.111287 0.853761 0.512856 0.089831 0.951677 0.208707 -0.225283 0.974917 0.220414 0.0308871 0.707352 0.703336 0.0705067 0.958431 0.281273 0.0479201 0.904821 -0.418939 0.076083 0.801701 -0.597702 0.00538424 0.917921 -0.333702 -0.214625 0.957176 0.19558 -0.213455 0.946808 0.318832 0.0435875 0.922797 0.378137 0.0738853 0.997825 -0.0518675 0.0406816 0.703384 -0.706711 0.076227 0.983546 -0.180445 -0.0087372 0.931008 -0.316117 0.182467 0.961645 -0.267806 -0.0593176 0.684934 -0.728605 0.00017001 0.984044 -0.172942 -0.0418092 0.692258 0.717075 0.081139 0.932198 0.167667 -0.320771 0.917089 -0.388032 0.091535 0.952972 0.296171 0.0642508 0.987414 -0.0998632 -0.122641 0.960996 -0.276361 -0.0105252 0.741025 0.671443 -0.00672597 0.836861 0.546767 0.0266253 0.975513 0.213808 -0.0515856 0.938861 0.323067 0.119025 0.987554 -0.07396 -0.138806 0.917512 -0.338968 -0.208018 0.999812 0.0014748 0.0193261 -0.615899 -0.787331 0.0278955 0.947335 0.316631 0.0479798 0.718959 -0.690912 0.0757563 0.924931 -0.37995 0.0118916 0.895813 0.441634 0.0497845 0.922124 -0.257125 -0.289093 0.960501 -0.275431 0.0396802 0.94452 -0.327151 0.0292205 0.953024 0.300819 0.0354033 0.754588 0.653906 0.0548091 0.926688 -0.360479 -0.106324 0.986417 -0.163879 -0.0112115 0.991894 0.0548537 -0.11462 0.831472 -0.555021 0.0245984 -0.259353 0.965231 0.0326287 0.938391 0.335058 -0.0846017 -0.462777 -0.885391 0.0438312 0.975816 0.205599 0.0742491 0.688587 -0.725152 -0.00163314 0.931472 0.363377 0.0178234 0.855316 -0.50575 0.112479 0.938078 -0.195376 0.286074 0.705683 -0.704482 0.0756048 -0.577536 -0.796 -0.18121 0.978699 -0.172823 0.110813 0.989045 -0.143721 0.0336673 -0.34325 -0.939102 0.0163535 0.954759 0.29653 0.0225001 0.997306 -0.0693163 -0.0239958 0.983015 0.056781 0.174523 0.991037 -0.0901979 0.0985381 0.739061 0.668805 0.0805465 0.86903 0.487744 -0.08303 -0.308452 0.950437 0.0390837 0.930592 0.320046 0.17768 0.941803 -0.335716 0.0173798 0.984754 -0.0294562 0.171442 0.971357 -0.138786 0.192883 0.603494 0.763525 0.229836 0.934062 -0.0368559 0.355203 0.953984 -0.297204 0.039803 0.932911 0.235887 0.272094 -0.371495 -0.908007 -0.193687 0.930135 0.362921 0.0560051 0.942574 -0.104251 0.31731 0.725161 -0.329268 0.604751 0.847615 0.342144 0.405568 0.960461 -0.269999 0.0679376 0.855721 0.491642 -0.161335 -0.305448 0.952131 0.012165 0.856573 -0.480425 -0.188345 0.941629 0.259864 -0.214021 0.263528 0.117704 0.957444 0.949022 -0.23102 -0.214444 0.953611 -0.182144 0.239686 -0.486413 0.861741 -0.144237 0.464838 -0.602379 -0.648895 0.957198 0.110132 -0.267663 0.544163 -0.316895 -0.77683 -0.6319 0.40308 -0.661989 0.646633 0.331477 -0.687014 -0.2633 -0.445432 -0.855724 -0.467155 0.411118 -0.782782 -0.572507 0.499337 -0.650306 -0.310285 -0.883431 -0.351103 0.852809 0.246481 -0.460395 0.853103 0.119173 -0.50795 0.914763 -0.080013 -0.395987 0.903983 0.0110605 -0.427425 0.850703 -0.235025 -0.470179 0.413096 -0.539479 -0.733699 0.454263 0.475172 -0.753563 -0.591027 -0.535951 -0.602863 -0.241621 0.914106 -0.325622 0.457909 0.568378 -0.683569 0.424363 -0.23751 -0.873787 0.254057 -0.408978 -0.876466 0.750914 0.283928 -0.59625 0.45646 0.167124 -0.873907 -0.165307 0.25467 -0.952794 0.494363 0.638643 -0.589696 -0.299381 -0.547527 -0.7814 -0.621881 0.462269 -0.632117 -0.0872958 0.670736 -0.736541 0.640611 -0.274766 -0.717023 0.470606 0.0716319 -0.879431 0.922757 0.285123 -0.259277 0.839627 0.179519 -0.512639 0.441422 0.601489 -0.665851 -0.0857497 -0.93323 -0.348895 0.760282 -0.620468 -0.192332 -0.202539 -0.861421 -0.46576 -0.624446 -0.623564 -0.470355 -0.523251 0.832876 0.18035 0.506591 -0.686381 -0.521772 0.908494 -0.405588 0.100683 0.809938 -0.201228 -0.550915 -0.150927 0.909805 -0.386621 0.596596 -0.678852 -0.428058 -0.735541 -0.56722 -0.37046 -0.447378 -0.894104 0.020752 0.870329 -0.0809956 -0.485764 0.53117 0.346077 -0.773362 -0.0765755 0.982119 -0.171987 0.515432 0.753929 -0.407334 -0.586713 -0.792844 0.164822 0.774691 -0.264891 -0.574183 0.723372 0.676619 0.13755 0.913587 0.406639 0.00186467 -0.30204 -0.911792 -0.278222 -0.570917 -0.820878 -0.0146441 0.708366 0.671601 -0.217187 -0.6388 0.758755 -0.127379 -0.487632 0.87187 -0.045361 0.912181 0.341354 -0.226723 0.823716 0.495071 -0.276399 0.977017 0.0141241 -0.212692 0.671821 0.687675 -0.275246 -0.548534 0.829551 0.104668 0.931708 -0.182766 -0.313873 0.94045 0.0959336 -0.326114 0.962676 0.153071 -0.223213 -0.300968 0.892077 -0.33707 0.823622 -0.494571 -0.277573 0.949467 -0.217979 -0.225827 0.793429 -0.605914 0.0577887 -0.0905053 0.943888 -0.317624 -0.726402 -0.687248 0.00552983 0.996987 -0.0482938 -0.060709 0.951947 -0.0529682 -0.301649 0.865225 0.50109 -0.0171598 0.92428 0.378844 -0.046731 0.519206 -0.847768 0.108238 0.907297 -0.419956 -0.0212029 -0.268016 -0.962845 -0.0331269 -0.549632 -0.833562 -0.0554839 -0.186353 0.942285 -0.278159 -0.802059 0.498591 0.328798 -0.789427 0.570892 0.225582 -0.594253 0.803915 0.0241741 0.752268 0.652193 0.0934715 0.932511 0.356742 0.0562075 0.642639 0.757817 0.112818 0.984868 -0.173017 -0.00998893 0.966579 0.223306 -0.125931 0.0085292 0.999374 0.0343255 -0.424616 -0.880615 0.210283 0.82934 0.557228 -0.0411358 -0.487731 0.869394 0.0792059 0.967158 -0.226624 0.115099 -0.75922 -0.650564 0.0187505 -0.123315 -0.991683 -0.0368423 0.984913 0.0633811 0.161028 0.991599 0.00266766 -0.129324 0.848522 0.525559 -0.0616222 -0.189808 0.970397 0.149339 0.992802 -0.0738953 0.0942568 -0.648012 0.761044 0.0298642 0.690365 -0.722126 -0.0439305 0.805987 -0.585613 -0.0862651 0.727065 -0.686539 -0.00633752 0.0322208 0.993181 0.112043 0.981911 -0.130804 -0.136901 0.562683 -0.794077 -0.229846 -0.508343 -0.856765 -0.0868444 -0.0476352 -0.994785 0.0901867 0.969865 0.183672 0.160082 0.0565897 0.964479 -0.258027 0.964135 0.2179 0.151536 0.971912 -0.0385588 0.232163 0.99938 0.0347703 0.00559108 0.708176 0.688855 -0.154808 -0.564225 0.824633 -0.0403801 0.729492 0.630281 0.265682 -0.25724 0.952538 0.162782 0.938038 -0.321007 -0.130531 0.963943 -0.196614 0.179323 -0.259303 -0.943884 0.204562 -0.57119 -0.810956 0.126858 0.634614 -0.66869 0.387452 0.780314 0.295014 -0.551431 0.919924 0.372782 -0.121548 -0.390728 0.873834 -0.289389 0.91568 0.267304 0.300131 0.00791558 0.999948 -0.00639713 0.97076 0.107521 0.214627 0.985992 -0.105875 0.128877 0.785344 0.617398 -0.0453222 0.894937 -0.366988 -0.253787 -0.0222574 0.997705 0.0639435 -0.307547 0.931193 0.19569 -0.753356 0.297419 -0.586512 0.999017 -0.00516519 0.0440165 0.990571 0.101982 0.091476 0.958047 0.146892 0.246107 0.972796 0.214223 -0.0881814 0.912141 0.378738 0.156705 -0.374647 0.921142 0.105532 0.828384 -0.552893 0.0899448 0.850797 -0.441446 0.285078 0.187 0.981651 -0.0373104 0.045756 0.969989 -0.238806 0.973044 -0.0434479 -0.22649 0.967418 -0.00105961 -0.253182 0.960199 0.0478789 -0.275184 -0.556289 0.824263 0.10551 0.834864 0.475674 0.277013 -0.571266 0.820437 -0.0232115 0.898001 -0.415552 0.144601 -0.0591751 0.988496 -0.13919 -0.212852 0.972096 -0.0986035 0.955281 -0.249851 -0.158155 -0.457043 0.882173 0.113506 -0.524385 0.82295 0.218571 0.928616 -0.136114 0.345174 0.0289857 0.971273 -0.236197 -0.57746 -0.810494 -0.0981783 -0.380149 0.92461 0.0241639 0.890728 0.449756 -0.0657525 0.869398 0.468544 0.156889 0.8187 -0.566095 -0.0962671 -0.133052 0.930507 0.341255 -0.0421407 0.970752 -0.236357 -0.546848 0.821101 -0.163553 0.988066 -0.0894709 -0.125378 0.894798 -0.446281 -0.0130392 0.503089 0.444017 0.741451 0.994557 0.0425028 0.0951284 -0.0963539 -0.995252 -0.0137555 -0.356477 0.92744 -0.113044 0.921892 0.224289 -0.315926 0.627817 -0.677749 0.382755 0.920039 0.253219 -0.299013 0.83739 0.194587 -0.510798 0.915856 -0.0564163 -0.397524 0.928549 -0.103506 -0.356487 0.881967 0.191188 -0.430792 0.780569 0.455864 -0.427668 0.221708 0.923069 -0.314308 0.0916558 0.905533 -0.414258 0.593771 0.684664 0.422695 -0.245262 0.911651 -0.329757 -0.343206 0.866312 -0.362923 0.876549 -0.412125 -0.248625 0.877653 -0.250786 -0.408451 0.0123557 0.88575 -0.463999 -0.126946 0.986501 0.103448 0.99984 -0.0145147 -0.0104157 0.929013 0.0723473 -0.362907 0.808173 0.569363 -0.15061 -0.488424 -0.85871 -0.155112 0.641024 -0.692088 -0.331818 -0.0744809 0.879578 -0.469889 0.00843021 0.848095 -0.529776 -0.370546 0.88401 -0.284994 0.172615 0.794136 -0.582711 -0.426041 -0.847007 -0.317911 0.135552 -0.902664 -0.408441 0.824755 0.274645 -0.494317 0.675719 0.578065 -0.457434 0.286048 0.87965 -0.37999 0.810065 -0.33467 -0.481447 -0.196392 0.787932 -0.583604 0.830602 0.209217 -0.51607 -0.37962 0.878546 -0.289907 0.859937 -0.0960089 -0.50129 0.0180957 0.974899 -0.221912 0.754193 -0.390118 -0.528205 0.893298 0.13298 -0.429343 0.981888 -0.0391198 -0.185382 0.884833 -0.156756 -0.438747 0.824526 0.427533 -0.370639 0.807447 0.276694 -0.521028 -0.31456 0.874549 -0.369074 0.86464 -0.0439861 -0.500462 0.892119 -0.314416 -0.324449 -0.144535 0.928289 -0.342621 -0.325865 -0.850392 -0.413093 0.888068 0.294693 -0.352834 0.999076 -0.0203852 -0.0378382 0.988041 0.0726677 -0.135995 0.661729 0.497738 -0.560689 0.0681208 0.994537 -0.0790895 -0.168352 0.945077 -0.280155 0.139851 0.91545 -0.377351 0.239627 0.912921 -0.330384 0.985988 -0.146464 -0.0798501 0.874881 -0.156846 0.45824 -0.0289512 0.999021 -0.0334527 -0.320763 0.900188 -0.294571 -0.214482 -0.744505 0.632226 0.0758359 -0.968575 0.236879 0.845061 -0.401004 0.353649 0.948099 0.101764 0.30125 0.975386 0.161585 0.150039 0.807527 0.357047 0.469486 0.866722 0.0568727 0.495539 -0.0465245 0.903274 0.426533 0.0267914 0.884803 0.465194 -0.362599 0.760462 0.53872 0.109037 0.880791 0.460779 0.888238 -0.0402774 0.457614 0.202983 0.816222 0.540906 0.694069 -0.162634 0.701298 0.61477 0.136711 0.776768 0.00481564 0.867338 0.497697 -0.255032 0.74746 0.613402 0.814785 -0.265235 0.515535 0.722724 -0.0383306 0.690073 0.209427 0.0935535 0.973339 0.121754 -0.247211 0.961282 -0.00329886 -0.0475731 0.998862 0.371705 -0.360524 0.855487 0.437236 0.110376 0.892548 -0.0709191 -0.0764808 0.994546 0.153599 -0.054846 0.98661 0.273271 -0.117017 0.954793 0.582038 -0.608028 0.539939 -0.111865 0.192045 0.97499 0.103191 0.374014 0.921664 0.0752577 0.398125 0.914239 0.397323 -0.157186 0.904117 -0.0146258 0.211773 0.97721 0.252526 -0.0255283 0.967253 -0.0896453 0.505688 0.858046 0.0749914 0.00616723 0.997165 0.177295 0.846749 0.50158 0.435572 0.75363 0.492258 0.0516806 0.0886993 0.994717 0.527768 0.59545 0.605722 0.795779 -0.363988 0.483993 0.891626 -0.094615 0.442777 0.779136 0.442676 0.44383 -0.0595908 0.860902 0.505269 0.878404 0.130067 0.45988 0.804865 0.330029 0.493228 0.811631 -0.316693 0.490877 0.864459 -0.1091 0.490721 0.137324 0.873704 0.466672 0.318937 0.819613 0.475934 0.674851 -0.531401 0.512044 0.68899 0.539531 0.483942 0.467436 0.70874 0.528386 0.85275 0.122312 0.507796 0.955344 0.253945 0.151097 0.883644 0.404305 0.236033 0.748263 0.634137 0.194864 0.873731 -0.461121 0.154793 0.9567 -0.266367 0.117362 0.981151 -0.0338105 0.19026 0.490338 0.850186 0.191709 0.298719 0.945266 0.1313 0.864671 0.502243 -0.00982728 0.98194 0.179619 -0.0594224 0.971609 -0.236422 -0.00902453 0.495892 0.868141 0.0205335 0.848915 -0.528425 -0.0105407 0.695975 0.71597 -0.0548354 0.512095 0.573117 0.639762 0.73503 0.0691752 0.674496 0.574862 0.231351 0.784863 0.565907 0.300366 0.767808 0.620773 -0.322177 0.714733 0.688759 -0.086293 0.719836 0.312962 0.144645 0.938687 0.335698 0.492308 0.803082 0.286493 -0.0840429 0.954389 0.548332 0.214934 0.808168 0.275081 0.0397251 0.9606 0.526621 -0.0380586 0.849248 -0.857358 -0.494451 0.143019 -0.47982 0.436841 0.760883 -0.980431 -0.189847 0.0520856 -0.670497 0.693204 0.264392 -0.769713 0.579052 0.268778 -0.776686 -0.482677 -0.404699 -0.857847 -0.46575 -0.2172 -0.852751 -0.438909 -0.283151 -0.819105 0.23179 -0.524729 -0.70257 0.596863 -0.387492 -0.152366 0.839673 -0.521281 0.347562 0.859094 -0.37571 -0.920192 0.11708 -0.37355 -0.135996 0.954905 -0.263933 -0.830986 0.141743 0.537933 -0.133351 0.77646 0.615896 -0.221118 -0.957204 -0.186727 -0.0689355 -0.993142 -0.0944328 -0.30143 -0.952789 -0.0365071 -0.0249881 -0.999067 0.0352324 0.238516 -0.971121 0.00579026 0.311045 -0.949695 0.036479 -0.22196 -0.973331 -0.0579606 -0.187967 -0.981323 -0.0409153 0.587206 -0.809035 0.0255252 -0.507023 -0.855721 -0.103291 -0.202914 -0.957254 0.206132 0.0771874 -0.980418 0.181172 0.272381 -0.910358 0.311538 0.299574 -0.952485 0.0550281 0.00536987 -0.989622 0.143597 -0.687278 -0.725293 0.0400012 -0.0566513 -0.840099 0.539467 0.512763 -0.846791 -0.14149 0.136723 -0.971276 -0.194755 -0.027942 -0.960716 0.276124 0.256052 -0.947205 -0.192977 0.0341599 -0.995336 0.090223 -0.887753 0.402658 -0.223075 -0.780173 0.587378 -0.215215 0.478094 -0.401789 -0.78102 0.313626 -0.873727 -0.371806 -0.943544 0.122911 -0.307599 0.135717 -0.914976 -0.38 -0.0151013 -0.950019 -0.311825 -0.424392 -0.313079 -0.849631 -0.879397 0.160756 -0.448128 -0.830399 0.294694 -0.472857 -0.938562 0.0926235 -0.332448 0.494914 -0.52965 -0.688862 0.261261 -0.800384 -0.539563 -0.540907 0.557636 -0.629652 -0.528065 0.0319726 -0.848602 0.701682 -0.346969 -0.622298 0.601262 -0.530991 -0.597103 -0.778695 0.180957 -0.60074 0.596331 -0.798711 0.0803184 0.498897 -0.860984 0.0990371 -0.591389 0.348221 -0.727324 0.110852 -0.912094 -0.394711 0.225723 -0.897987 -0.377716 0.140806 -0.929406 -0.341143 -0.941562 -0.115083 -0.316569 -0.0361527 -0.889069 -0.456342 -0.912258 0.143606 -0.383617 -0.732768 0.17034 -0.658814 -0.609595 0.695623 -0.380134 -0.937601 0.225229 -0.264908 -0.618128 0.559554 -0.552102 0.481519 -0.849455 -0.215789 -0.135153 -0.933241 -0.332858 -0.733878 0.662764 -0.148883 -0.615556 0.311304 -0.724003 0.660985 -0.749358 -0.0395108 -0.692029 0.706326 -0.148997 0.576901 -0.785772 -0.223043 -0.0300755 -0.96008 -0.278106 -0.975838 -0.0420161 -0.214416 0.382732 -0.913008 -0.141186 0.563323 -0.812017 -0.152633 -0.0392675 -0.993589 -0.106018 0.0851711 -0.982849 -0.163564 0.308898 -0.950191 0.0414729 -0.998818 0.0482576 0.00582943 0.0147009 -0.990816 -0.134418 0.756863 -0.653156 -0.023382 -0.974496 0.224172 -0.0102509 0.619388 -0.764367 -0.179168 -0.882807 0.467749 -0.043159 -0.739779 0.6482 0.180453 -0.975531 0.218182 0.0271283 0.606602 -0.783411 0.135286 -0.9877 -0.0710529 0.139281 -0.0321893 -0.998619 -0.0415176 -0.175347 -0.980809 0.0852444 -0.137501 -0.980979 -0.137018 -0.96157 -0.174883 0.211656 -0.999235 -0.0387815 -0.00506759 -0.804882 0.593435 0.000827869 0.202904 -0.969855 0.134946 -0.990495 0.104538 -0.0893957 -0.968351 0.220269 0.117377 0.23299 -0.949224 -0.211397 0.205495 -0.97852 0.0164596 0.0698058 -0.995885 0.0577872 -0.183115 -0.957622 -0.222328 0.565092 -0.788092 -0.244097 0.50123 -0.844052 -0.190646 -0.790464 0.612458 -0.00786836 -0.833817 0.551095 0.0322966 -0.970945 0.0886509 -0.222278 0.0494923 -0.987935 0.146745 -0.972091 0.0480387 -0.229634 -0.0332076 -0.980927 -0.191521 0.0957647 -0.994479 0.0429034 0.49083 -0.869128 0.0608471 -0.976685 0.19933 -0.0797166 0.248904 -0.927592 -0.278605 -0.999244 -0.0330758 0.0204371 -0.179657 -0.978706 0.0992865 -0.0134218 -0.997092 0.0750185 -0.991658 0.0292982 0.125523 -0.942421 -0.269515 0.198003 -0.285234 -0.950334 0.12453 -0.899487 0.428432 0.0858403 -0.493224 0.843843 -0.211327 0.675637 -0.651225 -0.345572 -0.912569 0.390905 0.120046 -0.959477 0.280953 -0.0216783 0.133479 -0.983863 -0.119156 -0.174485 -0.98116 -0.0829436 0.511827 -0.839298 -0.183335 0.324046 -0.944328 0.0569081 0.394726 -0.894572 0.2096 -0.978379 0.135408 -0.156334 -0.961981 -0.267193 -0.0565758 -0.0480252 -0.964766 -0.258688 -0.97404 -0.00798232 -0.226237 -0.889217 0.398746 0.224266 0.498605 -0.851135 0.164203 0.435275 -0.889287 0.140376 -0.966758 0.238766 -0.0914876 -0.97961 -0.142573 -0.141553 -0.264048 -0.951139 -0.160042 -0.327866 -0.944007 0.036819 0.189225 -0.978207 -0.0854644 -0.0113901 -0.979131 -0.202912 -0.955231 0.284235 -0.0821227 -0.504458 -0.590565 0.629885 -0.860669 0.498542 -0.103461 0.331375 -0.941503 -0.0613392 -0.983637 0.166845 -0.0679762 0.0823362 -0.974733 -0.207644 -0.909331 0.235028 0.343334 -0.9919 -0.0924638 -0.087093 -0.810801 0.585208 -0.011541 -0.934428 0.348771 -0.0721371 0.248971 -0.919899 0.302982 0.576788 -0.81665 -0.0199614 -0.0537451 -0.998553 -0.00178712 -0.96263 -0.178366 -0.203787 -0.942525 -0.211237 -0.258893 -0.908399 0.413125 -0.0643364 -0.949399 -0.299583 -0.0942962 -0.934574 0.325192 -0.144299 -0.858466 0.335989 -0.387489 0.0884432 -0.910694 -0.403502 -0.846568 0.515328 -0.133267 -0.879675 -0.360634 -0.310025 -0.885139 0.328395 -0.329676 0.382884 -0.853241 -0.35409 0.26501 -0.907755 -0.325192 0.198111 -0.859897 -0.470457 -0.989277 0.0857162 0.118251 -0.922747 -0.331749 -0.196165 -0.906006 -0.0898308 -0.413623 -0.124774 -0.897613 -0.422756 -0.162606 -0.870029 -0.465412 -0.830388 0.231065 -0.507016 -0.90159 -0.133001 -0.411639 -0.882042 -0.30988 -0.354932 -0.689139 -0.724322 -0.0211019 -0.00196734 -0.990314 -0.138828 -0.878705 0.170552 -0.445858 -0.00662563 -0.997327 0.0727661 -0.773187 0.409003 -0.484663 -0.950755 -0.015474 -0.309557 -0.881798 0.355984 -0.309367 -0.864945 -0.0503023 -0.499339 -0.837225 -0.237136 -0.492769 -0.799902 0.224076 -0.556729 -0.900304 0.160365 -0.404643 0.312267 -0.824085 -0.472624 -0.887933 -0.21225 -0.408074 -0.74289 -0.273229 -0.611114 -0.0172008 -0.758381 -0.651584 -0.83569 0.0836224 -0.542799 -0.890368 0.245299 -0.383501 0.401854 -0.805854 -0.43487 0.242279 -0.829764 -0.502784 0.158487 -0.84294 -0.514135 0.0133602 -0.959503 -0.28138 0.244008 -0.776114 -0.58147 -0.986173 0.0486277 -0.158425 -0.888779 -0.270416 -0.370063 -0.945067 -0.129688 -0.300048 -0.073782 -0.885402 -0.458932 -0.061247 -0.992942 -0.101565 0.418263 -0.835965 -0.355273 -0.987811 -0.0136683 0.155059 -0.981727 -0.0332896 -0.187359 -0.765751 -0.337368 -0.547548 -0.88504 0.371149 -0.280985 0.255695 -0.963772 -0.0759111 -0.144621 -0.855459 0.497266 0.334624 -0.8029 0.493334 -0.0485172 -0.931889 0.359486 -0.00916905 -0.880598 0.473775 -0.677081 0.180939 0.713318 -0.886979 -0.00392527 0.461793 -0.825071 -0.0923069 0.557438 -0.718109 -0.214638 0.662004 -0.71054 -0.299864 0.636564 0.289309 -0.630814 0.719981 -0.787396 -0.136231 0.601205 -0.654275 0.334862 0.678079 0.0851929 -0.427408 0.900036 -0.1265 -0.000603432 0.991966 -0.619298 -0.0896511 0.780021 -0.331678 -0.19546 0.922922 -0.757651 0.0430282 0.65124 -0.439429 0.205746 0.874397 -0.285804 0.207267 0.935605 -0.0619535 -0.0634623 0.996059 -0.112723 0.0447251 0.992619 0.0730796 0.0802419 0.994093 -0.0351444 -0.0158875 0.999256 -0.203886 -0.236992 0.949876 0.0779122 -0.039241 0.996188 0.00454321 -0.0328923 0.999449 -0.217057 -0.332426 0.917812 -0.485428 -0.454332 0.746955 -0.303167 -0.825308 0.476399 0.10351 -0.0751848 0.991783 -0.868612 -0.164535 0.467377 -0.889118 0.101688 0.446239 -0.668118 0.584939 0.459852 -0.53103 -0.709902 0.462652 -0.7243 -0.464249 0.509767 -0.0573661 -0.887556 0.457114 -0.787142 0.408596 0.462013 -0.645945 -0.543806 0.535752 -0.832032 0.114307 0.542823 -0.460953 -0.635401 0.619506 -0.789919 -0.226569 0.56982 -0.131834 -0.811774 0.568896 -0.74015 0.33655 0.582162 -0.308541 -0.72972 0.610173 -0.950021 0.210469 0.230571 -0.86833 0.329172 0.37101 -0.706148 -0.651799 0.27661 -0.794868 0.583175 0.167608 -0.369613 -0.857939 0.356829 -0.558647 -0.783042 0.273422 -0.984157 -0.0373183 0.173327 -0.882776 -0.411339 0.226951 0.00303584 -0.978733 0.205117 -0.535689 -0.808095 -0.244989 -0.991806 0.114876 0.0558915 -0.815884 0.541232 -0.203472 -0.824152 -0.559686 -0.0867488 -0.976937 -0.16907 -0.130424 -0.907173 0.386249 0.166882 -0.573685 -0.700731 0.4241 -0.81693 -0.311905 0.485118 -0.778818 0.113225 0.616946 -0.338024 -0.844778 0.414837 -0.681745 -0.0576065 0.729318 -0.628936 -0.44167 0.639818 -0.473535 0.084885 0.876675 -0.307478 -0.32276 0.895145 -0.330715 -0.567165 0.754289 -0.194614 -0.448173 0.872506 -0.36901 -0.170986 0.913562 -0.685133 -0.112859 0.719622 -0.447753 -0.258333 0.856027 -0.744518 0.0450003 0.666084 -0.519036 -0.480015 0.707239 -0.8769 -0.454916 0.155236 -0.934412 -0.286529 0.211599 -0.759083 -0.52985 -0.378222 -0.97123 -0.153019 -0.182478 -0.467038 -0.653492 -0.595671 -0.826039 -0.2005 -0.526744 -0.605998 -0.352068 -0.713313 -0.767466 0.0418952 -0.63972 -0.793462 -0.290107 -0.53503 -0.514201 -0.531978 -0.672753 -0.924056 -0.146712 0.352982 -0.382436 -0.923236 -0.0371083 -0.239768 -0.96777 -0.0770185 -0.226685 -0.92332 -0.309992 -0.467989 -0.816406 -0.33833 -0.285096 -0.86882 -0.404812 -0.315566 -0.756117 -0.573328 -0.0360335 -0.949166 -0.312706 -0.245264 -0.892165 -0.379324 0.0571108 -0.916684 0.395512 -0.164944 -0.771591 0.614362 0.291372 0.689093 0.663516 -0.26405 -0.784297 0.561387 0.113943 -0.390112 0.91369 -0.120658 -0.211848 0.969826 -0.270353 0.236064 0.933372 0.103442 -0.73486 0.670284 0.0435313 0.0872595 0.995234 -0.190348 0.330661 0.924354 0.227324 -0.8504 0.474494 0.458708 -0.726853 0.511147 -0.468429 0.707077 0.529733 -0.303162 0.822356 0.48148 0.472121 -0.745928 0.469781 -0.238768 0.946064 0.218979 0.187028 -0.831064 0.523787 -0.482559 0.81845 0.311891 -0.181208 0.855014 0.485917 -0.625439 0.550475 0.552995 -0.30688 0.800838 0.514279 -0.0665124 0.976736 0.203871 -0.531679 0.677645 0.50805 -0.696771 0.684413 0.214682 0.690392 -0.721791 0.048749 0.24935 -0.942969 0.220531 0.474795 -0.853407 0.215096 -0.136556 0.974818 0.176301 -0.418235 0.866428 0.27273 -0.1838 -0.96329 -0.19568 0.266587 -0.94236 -0.202212 0.413645 -0.839844 0.35151 0.60047 -0.796984 0.0652137 -0.629968 0.76565 -0.130075 -0.216964 0.96807 -0.125571 0.188129 0.981526 -0.0348321 0.12071 -0.952908 0.2782 -0.364381 0.805461 0.467395 0.55721 -0.546441 0.625235 -0.0209279 0.852535 0.522251 0.267004 0.762677 0.589095 -0.714263 0.482366 0.507102 -0.507719 0.586944 0.630649 -0.0847069 -0.750996 0.65485 0.20306 -0.403164 0.892315 0.0179419 0.609004 0.792965 0.178532 0.566222 0.804686 -0.131466 0.380073 0.915566 0.0555001 -0.381767 0.922591 -0.320726 0.235118 0.917526 0.377244 0.301651 0.87561 0.148644 0.498812 0.853868 -0.240354 0.296994 0.924135 0.17414 -0.255465 0.951006 -0.0568411 0.494699 0.867204 -0.14195 0.597879 0.788918 0.773643 0.221649 0.59359 0.764065 0.00705668 0.645101 0.19635 -0.555059 0.808305 0.213765 -0.383413 0.898498 0.411244 -0.77879 0.473672 0.454152 -0.288613 0.842881 -0.683131 0.29747 0.666966 0.290174 -0.0804689 0.953585 -0.416161 0.458224 0.785392 -0.300814 0.564094 0.768966 -0.0406717 -0.450268 0.891967 0.0650107 -0.550227 0.83248 -0.232777 -0.348732 0.907855 0.880104 -0.214214 0.423708 0.0974857 0.635786 0.765685 -0.342199 -0.906426 0.24757 -0.0675706 -0.992708 0.0998297 0.335243 -0.938427 0.0834646 0.450838 0.348522 0.821753 0.191382 0.339756 0.920836 0.307682 -0.943782 0.120862 0.69093 -0.678919 0.248367 0.894433 -0.441755 0.0695884 -0.576203 0.782707 -0.235288 0.530713 0.651914 0.54162 0.832447 0.441564 -0.334743 0.235353 0.96508 0.115019 -0.80702 0.455984 -0.375229 0.150375 -0.950293 -0.272635 0.982251 -0.159647 0.0984655 0.434301 -0.750564 -0.498033 0.0492845 0.92796 -0.369407 0.865434 0.196746 -0.460776 0.738768 0.626852 -0.247546 -0.402392 0.821814 -0.403363 -0.868839 0.225747 -0.440632 -0.702102 0.612422 -0.363306 -0.237491 0.907294 -0.34701 0.63328 -0.534288 -0.559905 0.798539 -0.0858041 -0.595797 0.221466 0.732474 -0.643766 0.739454 -0.235249 -0.630766 0.549114 0.703067 -0.451853 -0.299356 -0.738941 -0.603616 -0.0634329 -0.734532 -0.675603 0.23809 -0.683288 -0.69024 -0.395146 -0.802909 -0.446315 0.484703 -0.796948 -0.360468 0.190057 -0.939376 -0.285395 -0.796242 0.454423 -0.399374 -0.262839 0.922855 -0.281521 0.0695901 0.964163 -0.25602 -0.491536 0.754441 -0.434984 0.747017 -0.459873 -0.480085 0.395365 0.810468 -0.432237 0.814876 -0.190057 -0.547591 0.900638 -0.0682785 -0.429172 0.785791 0.251788 -0.56492 0.615108 0.642376 -0.45716 -0.721368 -0.688639 0.0735207 0.680478 -0.662239 0.313671 -0.835158 -0.534801 -0.128448 -0.140738 -0.969221 -0.202 -0.985227 0.167396 0.0361447 0.897022 0.439816 -0.0437452 -0.715407 0.41541 0.561807 -0.596447 0.644409 0.478526 0.977812 0.106761 0.18024 0.916587 -0.329 0.227218 -0.0903866 0.660659 0.745225 -0.380496 -0.691679 0.613843 0.716783 0.648052 0.257391 0.286116 0.700781 0.653486 0.664926 -0.437404 0.605435 -0.136391 -0.665984 0.733391 -0.29495 0.6133 0.732713 -0.56702 -0.305434 0.764983 0.457241 0.607809 0.64923 -0.357208 -0.375333 0.855294 -0.545729 0.0836665 0.833774 0.0950941 -0.590142 0.801679 0.337812 -0.661718 0.669337 0.662693 -0.0511345 0.747143 0.584447 0.133979 0.800295 0.519635 0.310959 0.795791 -0.286175 0.181248 0.940879 -0.114782 0.505771 0.854997 -0.240057 -0.559014 0.793647 0.0845929 -0.385393 0.918867 0.201035 -0.322395 0.925011 -0.547561 -0.120734 0.82801 -0.41099 -0.385034 0.826339 -0.534485 0.441042 0.720977 -0.508084 0.18546 0.841104 0.0328351 0.402261 0.914936 0.38623 -0.176793 0.905302 -0.240217 0.584554 0.774979 -0.902848 -0.40802 -0.135591 0.430575 0.492534 0.756317 -0.0681302 -0.725496 0.684846 0.0157989 -0.589374 0.807706 -0.394826 -0.888853 -0.232491 -0.985715 0.0589984 -0.157751 -0.880758 0.436269 -0.184214 0.345444 -0.60761 0.715177 0.860703 -0.066049 0.504805 0.553634 0.0270637 0.83232 0.837172 -0.0164284 0.546693 0.471538 0.182717 0.862709 -0.674585 -0.673966 -0.301171 0.344069 0.93757 -0.0507749 -0.146829 0.970653 -0.190456 0.748241 -0.563819 0.349634 -0.111565 -0.944387 -0.309332 0.00661675 0.730223 0.683177 0.41649 -0.908506 -0.0339538 0.953305 0.261978 0.150257 0.804694 0.559158 -0.199524 0.437593 0.811878 -0.386481 0.0916476 -0.959488 -0.266428 0.835862 0.246243 -0.490611 -0.510451 0.782117 -0.357397 0.566276 -0.658082 -0.496246 -0.656836 0.244357 -0.713342 0.714664 -0.371546 -0.592629 -0.529975 0.416924 -0.738445 -0.18668 0.888933 -0.418268 -0.913134 -0.114221 -0.391332 -0.0928625 -0.88452 -0.457167 0.682158 0.631859 -0.367986 0.0828443 0.70505 -0.704302 -0.520888 -0.826169 -0.214756 -0.589143 -0.595777 -0.545858 0.342466 0.865923 -0.364546 0.675002 -0.597159 -0.433329 -0.818064 -0.402867 -0.410451 0.801425 0.411792 -0.433758 -0.869455 0.106231 -0.482455 0.653654 -0.0712576 -0.753431 0.789294 0.138917 -0.598095 0.217176 -0.88452 -0.412866 0.327269 -0.877791 -0.349826 -0.879476 0.412535 -0.237353 -0.557052 -0.827641 0.0685854 0.824723 -0.481352 -0.296871 -0.623487 0.733593 -0.27038 -0.616979 0.783458 -0.0743607 -0.854571 -0.519182 -0.0126048 -0.385647 0.888157 -0.249905 -0.97669 -0.213311 -0.023993 0.0460265 -0.998853 -0.0131655 0.984019 0.176443 -0.0239718 -0.19558 0.979891 -0.0395274 -0.976037 0.196534 -0.0934105 -0.23134 -0.968687 -0.0901541 -0.550887 0.830383 -0.0835951 0.449741 -0.891419 -0.0557199 -0.129617 0.991055 -0.0317862 0.166386 0.968933 -0.182985 0.850032 -0.524398 -0.0495226 0.589918 0.80725 -0.018525 0.970028 -0.241336 -0.0283273 0.780067 0.619076 -0.0907752 0.999027 0.0128551 0.0421818 -0.989563 0.140962 0.0299242 0.957765 0.272085 -0.0930421 -0.992566 -0.0341769 -0.116812 0.300978 -0.934646 -0.189338 -0.745711 0.655561 -0.118974 -0.659724 -0.734357 0.159635 0.332682 0.942315 0.0369412 -0.552606 -0.805752 0.21305 0.926761 0.234426 0.293529 -0.277617 0.946811 0.162721 0.144546 0.912186 0.383436 0.411452 0.849618 0.329936 -0.968418 0.0194725 0.24857 0.603727 0.766046 0.220653 0.53793 -0.838374 0.0880978 -0.291218 0.908942 0.298356 -0.791242 0.568125 0.226208 0.69448 -0.660076 0.286351 -0.57301 0.795022 0.198998 -0.834742 -0.513087 0.19987 -0.22097 -0.957447 0.185654 -0.936534 -0.305493 0.171983 0.937754 -0.308768 0.158998 -0.921263 0.319712 0.221492 0.980371 -0.0185445 0.196286 0.950557 0.268165 0.156619 0.839631 0.457922 0.292108 0.76666 0.610196 0.199733 0.0133552 0.988107 0.153189 -0.986806 -0.00259766 0.161888 0.226539 0.956074 0.186019 -0.0248626 -0.956053 0.292137 -0.715054 -0.69229 0.0971157 0.842391 -0.509038 0.176799 -0.967032 -0.215071 0.136355 0.173719 -0.98249 0.0673391 0.378361 0.925615 0.0089167 -0.760137 0.647679 0.0519913 0.980944 -0.161125 0.108576 0.987346 0.135435 0.082495 0.752229 0.658163 0.0311965 -0.890408 -0.450707 0.0635398 0.896135 -0.435481 0.0854261 -0.122664 -0.986485 0.10863 0.700099 -0.69912 0.145234 -0.0567832 0.995804 0.0717622 -0.395926 0.915846 0.0668462 -0.976529 0.175324 0.125111 0.870541 0.45269 0.19295 -0.463853 -0.87093 0.162241 0.570305 0.817208 -0.0832108 0.370294 -0.905627 0.206691 -0.615486 0.787845 -0.0218591 0.1857 0.982227 -0.0272923 0.598786 -0.78639 0.151809 0.0989202 -0.974102 -0.203325 0.773687 -0.619902 0.130879 -0.391614 -0.916504 -0.0815995 0.98538 -0.090555 -0.144315 0.941912 0.274835 -0.19305 -0.0792535 0.970433 -0.227988 -0.50473 0.825519 -0.25252 0.803843 -0.569374 -0.172193 0.538417 0.826191 -0.165879 0.549309 -0.79821 -0.247227 -0.342408 -0.914709 -0.214625 0.965045 -0.257052 -0.0511158 0.982763 0.153279 -0.103353 0.364228 0.876594 -0.314519 0.776492 0.578084 -0.250755 0.225709 -0.973877 -0.0248726 0.597061 -0.799187 0.0694109 0.694673 0.715669 -0.0724414 0.770325 0.637448 -0.0160693 0.629781 -0.775655 0.0416582 0.669512 -0.742291 -0.0275328 0.831054 -0.550227 0.0812302 -0.344963 -0.90984 0.230633 0.643517 0.765371 -0.0096827 0.924031 -0.00342038 0.382303 0.745361 -0.662748 0.0721227 0.923632 -0.170042 0.343496 0.927768 0.210288 0.308262 0.901685 0.22336 -0.370236 0.196806 -0.924594 0.326181 0.901735 -0.347262 -0.257456 0.887913 0.457472 -0.0482606 0.785503 -0.616987 0.0480857 0.839034 -0.54272 -0.0384255 0.875169 0.340896 -0.34332 0.624951 -0.77915 0.0485935 0.453868 -0.890976 0.0128741 -0.838452 -0.543108 0.0450814 -0.869863 0.49105 -0.0469852 -0.614167 -0.783796 0.0919942 -0.971271 -0.192988 -0.139245 -0.909786 0.381196 -0.164251 -0.711581 -0.696508 -0.092352 -0.998635 0.00696108 -0.0517706 -0.949961 0.308169 -0.0510503 -0.763279 0.645972 -0.0111657 -0.907584 -0.419856 0.00341027 -0.526545 0.798942 -0.29059 -0.172966 0.969024 -0.176282 -0.643191 -0.750167 -0.153475 -0.732427 0.672438 -0.10667 -0.257477 0.871336 0.417707 0.110401 0.911748 0.395635 -0.654294 -0.755769 0.0267079 -0.918203 0.018211 0.395691 -0.638922 0.768195 0.0406834 -0.70287 -0.711196 -0.0131724 -0.817319 -0.566272 0.106423 -0.916924 -0.107411 0.384335 0.283388 0.925749 0.250359 -0.144955 -0.930896 0.335291 0.081254 -0.922096 0.378333 0.40805 0.84557 0.344248 -0.226967 0.904868 0.36014 -0.969605 0.039703 -0.241433 -0.882723 0.447613 0.142981 -0.815901 0.573932 0.0700536 -0.270573 0.940152 0.207134 0.00355475 0.963499 -0.26769 -0.268671 -0.919024 -0.288463 -0.490249 0.871571 0.00435906 0.455424 0.889672 -0.0327407 -0.851226 -0.521305 -0.060457 -0.836544 0.546625 -0.0373523 0.721366 0.69055 0.0526391 -0.939178 -0.289236 0.185171 -0.542684 -0.839571 0.0247893 -0.776983 -0.353784 -0.520706 -0.616659 0.517593 -0.593152 -0.560884 0.825166 -0.0671508 -0.525873 -0.849681 -0.0387279 -0.491146 -0.861135 -0.131233 0.282291 -0.82642 -0.487178 0.766894 -0.637145 0.0769396 0.618553 0.778996 -0.102745 -0.873626 0.479571 -0.0824003 -0.804294 -0.592644 -0.0434168 -0.879305 0.474563 0.0401526 -0.341599 0.917829 -0.202235 0.738717 -0.657313 -0.14912 0.639968 0.761736 0.100993 -0.407687 -0.912939 0.0182471 0.428302 -0.901758 0.0582138 -0.425346 0.897749 0.114576 -0.397645 0.904346 0.15504 -0.876886 -0.292689 0.38132 0.911993 -0.0214356 0.409645 -0.528233 -0.843364 0.0985197 0.885619 0.463184 0.0337607 0.463854 0.884603 0.0481354 0.758687 0.648672 0.0601518 0.0111352 -0.79227 0.610069 -0.112943 0.800574 0.588493 -0.921673 0.355483 0.155406 -0.930335 0.366624 -0.00800483 -0.75802 0.634292 0.151916 -0.80095 -0.593303 0.080441 -0.409213 0.891766 0.193127 0.281745 0.909911 0.304438 -0.944513 -0.27746 0.175817 -0.740957 0.647548 0.177946 -0.133968 -0.922748 0.36137 0.911875 0.378044 0.159893 0.853757 -0.518351 0.0490987 -0.934846 -0.354387 0.021753 -0.383629 -0.887848 0.254075 0.936135 -0.297582 0.18734 0.699352 0.705474 0.114948 -0.364695 0.930937 -0.0188344 -0.718799 -0.690655 0.0795261 0.635394 -0.768748 0.0728093 -0.390753 -0.919951 -0.0316476 0.368953 -0.927415 -0.061441 0.356624 0.933379 -0.04028 0.932967 0.3574 -0.0428594 -0.999613 -0.0146775 -0.023632 -0.0433936 0.999054 -0.00300139 0.999468 0.0311203 -0.00976465 0.916106 -0.399576 0.0330049 -0.670351 0.737459 0.0823592 0.00668323 -0.992679 0.120599 -0.93854 -0.339038 0.0647685 0.67038 -0.741986 -0.00694891 -0.987136 -0.15741 0.0280102 0.924596 0.380792 0.0109648 -0.896315 0.437031 0.0749891 0.406656 0.88636 0.221354 -0.44223 -0.896514 0.0263864 -0.995553 0.0408095 0.0849094 0.918748 -0.20813 0.335536 0.689043 0.706714 0.160547 0.178735 0.968507 0.173347 0.408787 -0.904221 0.123601 -0.0941961 0.98218 0.162631 0.834414 0.527117 0.160937 -0.782152 -0.620168 0.0602404 0.758675 -0.633941 0.150106 -0.424815 0.897203 0.120659 -0.131705 -0.98957 0.0583542 0.931691 0.186623 0.311646 0.783873 0.531168 0.321564 -0.770965 0.621808 0.137723 0.551689 -0.796315 0.248038 -0.588364 0.790864 0.168412 -0.626918 -0.777637 0.0474801 0.0233092 -0.981907 0.187926 -0.0300191 -0.995991 0.0842705 0.388545 0.900033 0.197419 0.842523 0.306419 0.443015 -0.927887 -0.350679 0.126687 0.875869 -0.365797 0.314716 0.816605 -0.500601 0.287323 0.923779 -0.0766215 0.375181 0.893668 0.132691 0.428662 0.93041 0.12306 0.345244 0.93036 -0.365337 0.030987 -0.386529 -0.92175 0.031175 0.556803 -0.813751 0.166674 0.539338 0.828914 0.148376 -0.927182 0.365114 0.0838187 0.834039 0.51853 0.188427 0.448908 0.891434 0.0618652 -0.978093 -0.134472 0.158905 0.217841 -0.970499 0.10333 -0.362685 0.925525 0.108919 0.0369387 0.985506 0.165571 -0.967143 0.188649 0.170426 -0.888851 0.457339 0.0279957 -0.791826 -0.609049 0.0455044 0.770617 -0.635264 0.0508885 0.000988521 -0.99968 0.0252835 0.905133 -0.424448 0.0240468 0.372925 -0.926016 0.0584959 0.996485 0.081551 0.0191813 -0.0166777 0.996195 0.0855416 0.284195 0.958764 0.00205668 0.822106 -0.567535 0.0452446 0.734831 0.67696 0.041807 0.999045 -0.0424792 0.0102677 -0.968827 -0.228324 0.0961356 0.466207 0.884612 0.0106571 -0.782818 0.617379 0.0777066 0.614603 -0.788817 0.00553274 -0.999899 -0.0132045 -0.00527959 -0.981928 0.187039 -0.028866 0.842698 0.53713 0.0367718 -0.611604 0.786965 0.0813981 0.799131 0.600304 0.032019 -0.333205 0.942601 0.0218711 0.460595 -0.886354 0.0472128 0.219639 0.975571 0.00452001 -0.587321 -0.809336 0.00541552 -0.674257 0.731185 0.103664 0.146118 0.986557 0.0731712 0.869552 0.492885 0.030716 -0.956298 -0.29165 0.0208329 0.960559 -0.27491 0.0418425 -0.972641 -0.232302 0.00249965 0.999476 -0.0164216 0.027884 -0.975301 0.215317 0.0492699 -0.820585 0.571327 0.0150241 -0.00580506 -0.999679 0.0246541 0.38059 -0.924239 0.0305543 -0.947647 0.318234 0.0263204 -0.822435 -0.567109 0.0445928 0.866197 -0.498004 0.0411619 0.216798 0.976081 0.0162599 -0.973341 -0.228229 0.0227656 -0.723191 0.690383 0.0191603 0.0939541 0.995452 0.0157262 0.516982 -0.855425 0.0312803 0.191405 0.93236 0.306705 -0.698065 0.715702 0.021807 0.231082 -0.972699 0.0214187 0.262912 0.962544 -0.0662246 0.738551 0.674003 0.0162277 0.700139 -0.712684 0.0434423 -0.843808 0.536293 0.0194269 -0.89354 0.448769 0.0138908 0.466593 -0.884148 0.0239396 -0.673938 0.73866 0.0137698 -0.890114 -0.455685 -0.00691149 -0.96819 -0.235501 -0.0845442 0.254139 -0.966777 0.0274923 -0.985239 -0.163731 -0.0499626 0.235293 0.962275 -0.136617 -0.479108 -0.877374 0.0258861 -0.972281 0.233811 0.00115952 -0.985051 -0.172067 -0.0082592 -0.973777 0.22217 0.0489766 0.61057 0.791946 0.00498778 0.286963 0.957158 0.0387422 -0.650772 0.758088 0.0424177 0.0710033 0.997277 0.0199151 -0.789976 -0.612313 -0.0317957 0.91785 0.396361 0.0211981 -0.00807457 -0.999231 0.0383584 -0.911724 -0.410495 0.0158881 -0.799099 0.601101 0.0108462 -0.109639 0.991538 0.0695149 0.176378 -0.983799 0.032117 -0.374069 0.925562 0.0583696 -0.813961 0.579737 0.0370466 -0.562804 0.826166 0.0264723 0.399508 -0.915587 0.0457673 -0.991311 0.131529 0.00171517 0.269439 -0.962394 0.0346564 0.784401 -0.619365 0.033179 0.933832 -0.35327 0.056195 0.62686 0.766519 0.139623 0.991094 0.126416 0.0418479 0.973308 0.225948 0.0402428 0.999609 -0.00572138 0.0273829 0.972331 -0.232354 0.0241699 0.651149 -0.757124 0.0526163 0.704243 0.709923 0.00714198 0.868743 -0.49429 0.0310423 0.865876 0.499483 0.0278435 0.895828 -0.443524 0.0279061 0.736383 -0.674556 0.0521025 0.17856 0.98325 0.0365397 0.940265 -0.336816 0.0495612 0.999264 -0.0130809 0.0360633 -0.42174 -0.90651 0.0193693 -0.0394782 -0.999002 0.0208994 -0.669204 -0.742697 -0.0237911 0.808787 -0.587721 0.0211445 -0.31848 -0.944361 -0.0821781 -0.990068 -0.138875 0.0218858 0.898756 -0.437384 0.0305425 0.774582 0.631413 -0.036615 0.988687 -0.142852 0.0457245 0.971478 0.235173 0.0304075 0.737599 -0.674771 0.0251191 -0.902403 -0.430728 0.0119127 -0.975261 -0.220333 0.0178619 0.9006 -0.433603 0.0301215 -0.150646 0.984477 0.0900594 0.202175 0.978238 0.0466378 0.40251 0.911638 0.0830842 -0.408437 -0.912787 -0.000612145 0.577313 -0.816454 0.0105704 0.540214 0.841474 0.00952109 0.807565 -0.587995 0.0458422 0.343005 0.938668 -0.035348 0.999398 0.029471 0.0183036 -0.867734 0.495485 0.0391431 -0.829674 0.557198 0.0342224 -0.854586 0.517466 0.0437142 0.473644 0.878327 -0.0648373 -0.514985 0.85659 0.0323035 0.503663 -0.863583 0.0233825 0.00632211 -0.999972 -0.00394085 -0.66171 -0.748879 0.0363249 -0.991536 0.127694 0.0234493 -0.931723 -0.362598 0.0203757 0.838485 0.544194 -0.0282051 0.0286259 -0.998743 0.041149 0.148514 -0.987399 0.0546443 -0.987364 -0.158292 0.0074585 0.640156 -0.767724 0.0282856 0.889497 -0.456627 0.0169478 0.849823 0.518249 -0.0960203 -0.505787 0.860232 0.064656 0.533928 -0.844569 0.0403171 0.979095 0.203298 0.00653318 -0.313993 0.947653 0.057982 -0.475604 0.877435 0.0625224 0.438018 -0.898897 0.0111405 -0.175835 0.981754 0.072391 0.0788682 -0.996482 0.0283376 0.503654 -0.863106 0.0371543 0.292738 -0.945338 -0.143666 0.914044 0.40402 -0.0359411 0.994019 0.109124 0.00429709 -0.945696 -0.312272 -0.0902519 0.937002 -0.349283 0.0053308 0.992304 0.115986 0.0433571 0.191837 0.981422 0.00290569 -0.992493 -0.119821 -0.0244905 0.995948 -0.0879367 0.0188275 -0.89097 0.442416 0.102179 -0.438835 -0.897935 0.0337269 0.58942 0.807491 0.0232875 -0.644136 -0.764868 0.00811373 0.0885888 -0.995704 0.0269513 0.784554 -0.619725 0.0204148 0.974502 0.224352 0.00349874 -0.871022 0.479919 0.104876 0.481614 0.873951 0.0652565 -0.895674 0.424967 0.131036 -0.0374869 0.995179 0.0906258 0.863989 -0.502848 0.0258298 -0.899496 -0.431526 -0.0685074 0.972691 -0.222041 0.0675957 -0.978478 -0.203668 0.0331666 -0.995466 0.0950434 0.00379196 0.739918 0.67266 0.00711532 0.0636776 -0.996954 0.0450244 -0.811229 0.48956 0.319748 -0.588201 0.805781 0.0688254 0.479627 -0.877464 -0.00380259 0.760747 -0.648686 0.0216871 0.120204 -0.992681 0.0116407 -0.162321 0.983429 0.0807386 0.928682 -0.360612 0.0866544 -0.421364 -0.906809 0.0122501 -0.715964 0.690454 0.103293 -0.861144 0.50543 -0.0545068 0.678559 -0.734546 -0.000221066 0.95701 0.289563 -0.0168847 0.396055 -0.918223 0.00247084 -0.100946 0.992908 0.0627958 -0.329478 -0.943474 0.0360811 0.305804 -0.948688 0.0804695 0.361958 -0.931265 0.0416084 -0.74901 -0.661743 0.032859 -0.913456 -0.386773 0.126513 -0.840351 0.534403 -0.0906874 0.991842 0.125832 -0.0203782 0.536897 0.843585 0.010345 0.578385 0.811405 0.084216 -0.269506 -0.9615 0.0537116 0.187091 -0.982132 0.0203502 -0.970784 -0.23822 0.0288064 -0.962514 0.270317 0.022245 0.992545 0.113002 -0.045657 0.858254 0.510737 0.0504873 0.75164 0.65675 0.0609568 -0.708146 -0.7051 0.036923 -0.704693 0.687173 -0.17664 -0.612157 0.790736 0.000394549 -0.00643122 -0.999227 0.0387769 -0.621324 0.782314 -0.0440501 0.994163 -0.000675894 0.107891 -0.136626 0.989281 0.0515392 -0.146963 0.989126 0.00553789 0.813786 -0.581157 0.00297478 0.980037 0.179358 0.085785 -0.99457 -0.0892292 0.0535585 0.981989 0.119923 0.146002 -0.69968 0.713557 -0.0358417 -0.951044 -0.309035 -0.00355028 0.606985 -0.79375 0.0391192 0.972924 -0.0636757 0.222183 -0.0494244 -0.998058 0.037918 0.263799 -0.964544 0.00807435 0.891796 -0.448709 -0.057957 0.991166 0.0290756 0.129402 0.510801 -0.85959 -0.0137165 -0.93956 0.314131 -0.136193 0.716321 0.697421 0.0220831 0.969384 0.0807778 0.231883 0.990796 -0.133994 -0.0192108 0.2725 -0.961419 0.0376449 -0.364396 0.900789 -0.236211 -0.296855 -0.954089 -0.0398975 -0.997153 -0.0745591 -0.0112698 -0.702176 -0.711736 -0.0194851 0.445353 0.89448 0.0395781 0.879899 -0.266795 -0.39319 -0.519282 0.852052 -0.0659744 -0.317478 0.944873 -0.0801464 -0.172849 0.982166 -0.0739775 0.240248 0.968458 0.0661093 0.987549 0.151886 0.0409617 0.28859 0.925228 0.246312 0.206849 -0.977731 0.035444 0.988128 0.151421 0.0259827 -0.987214 -0.144522 -0.0672417 0.864992 -0.49661 0.0718747 -0.177563 -0.984034 -0.0121524 0.338339 0.928949 0.150271 0.569442 0.761588 0.309387 0.474989 -0.879833 0.0167195 0.772301 -0.631713 0.0670113 0.988782 0.146481 -0.0292012 -0.955294 -0.284007 0.082174 -0.933645 0.352127 -0.0656819 0.995657 0.0225018 -0.0903385 -0.523987 0.845629 0.101726 -0.137764 0.989162 0.0507819 -0.840233 0.537192 -0.0737079 -0.800735 -0.593231 0.0830688 0.788245 0.609094 0.087604 0.223219 0.94047 0.256299 -0.496541 -0.8643 -0.0802065 0.991424 0.113395 0.0649578 -0.44307 0.888848 0.116784 0.455568 0.847113 0.2736 0.967793 0.196877 0.156894 0.979055 0.194313 -0.0607808 0.362929 -0.926703 0.0974913 0.895763 -0.432033 0.104669 0.976478 0.174208 0.12705 0.913043 0.357378 0.196553 -0.0397556 -0.996782 0.0696047 0.091491 -0.993324 0.0702625 0.39565 0.90065 0.179696 0.418321 -0.908297 0.0017568 0.604437 0.771602 0.198207 -0.573749 0.817199 -0.0547534 0.326251 0.873087 0.362324 -0.659163 0.694098 -0.289366 0.521109 -0.782031 0.341868 -0.41264 -0.812823 0.411154 -0.735367 -0.572967 0.361862 -0.816813 -0.431359 0.383074 0.834923 -0.358879 0.417264 0.901633 -0.0715819 0.426538 -0.950698 -0.121014 0.285534 -0.259649 0.932983 0.249248 0.91064 0.189481 0.367196 0.0138381 -0.953732 0.30034 0.674363 0.582341 0.453998 0.70939 0.475687 0.520085 0.528787 0.531741 0.661541 0.56923 -0.539095 0.620769 0.69359 -0.616069 0.373353 0.369134 -0.864549 0.341021 0.356625 -0.64646 0.674469 -0.519026 0.827973 0.212303 -0.73156 -0.426253 0.532098 -0.950294 0.306788 0.053117 0.542036 0.587132 0.601226 0.0711372 -0.803897 0.590499 -0.678483 0.361704 0.639399 -0.229698 0.686809 0.689589 -0.414087 -0.40025 0.817516 -0.347405 0.360233 0.865761 -0.543384 -0.309959 0.780166 -0.657737 -0.0892563 0.747941 0.488274 -0.29437 0.821544 -0.153297 -0.58365 0.797404 0.611768 0.0565509 0.789013 0.101265 0.637933 0.763405 0.387979 0.393478 0.833455 -0.369792 -0.167594 0.913874 -0.461784 0.0711137 0.884137 0.249223 0.33277 0.909479 0.243968 -0.288019 0.926026 0.387911 -0.0777502 0.918412 -0.00792226 -0.400717 0.916168 -0.0438926 0.303545 0.951806 0.292362 0.125325 0.94806 -0.282526 0.0420682 0.958337 -0.194384 -0.162217 0.96742 -0.0778306 0.149655 0.98567 0.0166868 -0.176799 0.984105 0.127919 0.15481 0.979628 -0.103059 -0.00654862 0.994654 0.214964 -0.038486 0.975863 0.0975009 -0.032906 0.994691"/>
    <TextureCoordinate point="0.23509 0.647599 0.222542 0.661869 0.220209 0.651076 0.238328 0.657918 0.210305 0.663936 0.208286 0.652506 0.196385 0.654106 0.202671 0.654932 0.197862 0.665147 0.185866 0.665655 0.185679 0.655411 0.190631 0.655124 0.176009 0.655624 0.17602 0.665492 0.167275 0.6552 0.161205 0.648605 0.14776 0.66309 0.113148 0.656946 0.137919 0.650366 0.243602 0.633246 0.248634 0.631118 0.253455 0.652954 0.184785 0.64888 0.208915 0.64686 0.193129 0.639377 0.200644 0.6361 0.187495 0.637074 0.176865 0.645191 0.151915 0.644048 0.129876 0.641389 0.231948 0.636737 0.217469 0.64035 0.210161 0.638161 0.314734 0.590624 0.308997 0.624727 0.295678 0.605026 0.329464 0.610554 0.287665 0.637309 0.276239 0.617382 0.349361 0.595565 0.264599 0.648515 0.2552 0.628031 0.165741 0.64295 0.217151 0.636261 0.179746 0.63609 0.171548 0.631891 0.164935 0.636845 0.158215 0.632539 0.148062 0.634726 0.200464 0.627185 0.211419 0.624251 0.246853 0.620237 0.250525 0.618596 0.240036 0.623061 0.228769 0.626846 0.189913 0.628781 0.166651 0.631998 0.204679 0.621217 0.179522 0.626695 0.181736 0.627167 0.169344 0.627193 0.165159 0.628393 0.167033 0.625203 0.156718 0.630503 0.152156 0.625077 0.176885 0.623498 0.157717 0.622066 0.19208 0.622892 0.236168 0.614091 0.24527 0.609291 0.225953 0.617955 0.215391 0.620779 0.281225 0.58694 0.2959 0.586894 0.297654 0.571534 0.289729 0.579802 0.272737 0.593445 0.278481 0.598282 0.263948 0.599369 0.306248 0.563602 0.312267 0.56967 0.257738 0.613006 0.254937 0.604835 0.163043 0.619879 0.145474 0.616712 0.189805 0.617733 0.16647 0.616715 0.208248 0.612516 0.197167 0.618144 0.153778 0.614574 0.184389 0.614183 0.173862 0.610916 0.164759 0.612395 0.214088 0.611795 0.201908 0.612529 0.19793 0.614229 0.265483 0.584937 0.256877 0.591427 0.247151 0.59765 0.296791 0.554345 0.289111 0.563052 0.24056 0.601453 0.231958 0.605757 0.223114 0.60929 0.218472 0.615404 0.281566 0.57175 0.273485 0.578286 0.193041 0.612405 0.194776 0.605229 0.190698 0.607136 0.17442 0.605243 0.18538 0.606364 0.198745 0.607072 0.205432 0.606376 0.212056 0.602056 0.253084 0.58605 0.258794 0.577761 0.285824 0.546525 0.275034 0.558642 0.264961 0.56994 0.257708 0.576638 0.250237 0.58286 0.242634 0.588527 0.234984 0.593598 0.224641 0.599485 0.21956 0.601782 0.216567 0.606707 0.190151 0.603146 0.193484 0.602219 0.185649 0.599938 0.174326 0.601054 0.197272 0.602579 0.2192 0.597339 0.227666 0.591981 0.20561 0.602998 0.238517 0.577915 0.234098 0.583388 0.22966 0.578268 0.227553 0.588079 0.214185 0.595508 0.208744 0.598234 0.202385 0.600695 0.254576 0.560935 0.265081 0.547473 0.248201 0.568255 0.175299 0.594724 0.190109 0.596567 0.198068 0.598184 0.194534 0.598164 0.249568 0.555372 0.236086 0.570889 0.214111 0.589753 0.208353 0.59445 0.20229 0.597468 0.182288 0.593433 0.263588 0.536694 0.251167 0.536722 0.237536 0.55764 0.224285 0.573194 0.213493 0.584023 0.205243 0.59091 0.199804 0.595376 0.188965 0.591498 0.196264 0.594097 0.18291 0.588116 0.196917 0.585323 0.190779 0.579322 0.177097 0.581537 0.193131 0.572744 0.178368 0.56659 0.233318 0.546301 0.225876 0.530452 0.247185 0.528387 0.231248 0.52517 0.216803 0.559307 0.222929 0.561936 0.213225 0.57435 0.209075 0.580131 0.204761 0.56749 0.225129 0.510869 0.206465 0.526956 0.205868 0.548233 0.19561 0.562463 0.191434 0.532739 0.188409 0.516864 0.122308 0.647468 0.105161 0.645521 0.0940024 0.652053 0.0861079 0.639644 0.0809052 0.648207 0.0726654 0.634172 0.0713919 0.645107 0.0611236 0.641748 0.0640535 0.631523 0.0565272 0.628812 0.0515962 0.638968 0.044247 0.625593 0.0482831 0.627882 0.0400578 0.636361 0.0274763 0.626518 0.0365064 0.62495 0.0265339 0.633677 0.0210057 0.616187 0.0136879 0.630732 0 0.62674 0.00703436 0.614645 0.101823 0.637515 0.0586673 0.6221 0.0535761 0.619531 0.0451365 0.61939 0.040457 0.611669 0.0312043 0.615191 0.0146003 0.602153 0.0844353 0.629127 0.101276 0.625525 0.0794011 0.618609 0.0676994 0.620341 0.0467703 0.61148 0.0504772 0.615127 0.0335899 0.605437 0.0267378 0.605796 0.0395696 0.602145 0.137736 0.636893 0.064705 0.610729 0.0485315 0.608394 0.122685 0.632419 0.0599103 0.606848 0.0535439 0.606723 0.088463 0.622508 0.0427822 0.60197 0.0279456 0.596643 0.0472809 0.593615 0.037494 0.594949 0.088852 0.616638 0.145246 0.629035 0.129307 0.627279 0.115549 0.622124 0.0862161 0.614417 0.0578695 0.597588 0.107213 0.6197 0.0694413 0.603958 0.0530478 0.595974 0.130294 0.625435 0.0743941 0.606239 0.0639806 0.599035 0.0937015 0.614468 0.139976 0.622607 0.129011 0.619857 0.0929084 0.6082 0.102623 0.611878 0.0832478 0.609406 0.114722 0.615886 0.115119 0.612888 0.0854347 0.605312 0.0761815 0.602218 0.0712623 0.59831 0.0687619 0.597671 0.0626359 0.594326 0.0662066 0.594489 0.138158 0.617748 0.109425 0.607519 0.0959309 0.603458 0.0560815 0.590321 0.055554 0.588419 0.130458 0.614637 0.0669177 0.59295 0.0630531 0.590083 0.0755024 0.59573 0.125995 0.609473 0.11704 0.606866 0.112774 0.603683 0.10433 0.599122 0.0956033 0.596036 0.067278 0.590434 0.144401 0.612099 0.133749 0.607619 0.0805081 0.591022 0.0659723 0.585216 0.125809 0.600403 0.104428 0.595261 0.153933 0.607373 0.115389 0.597929 0.0739368 0.587317 0.142046 0.605457 0.111163 0.594671 0.0962353 0.591321 0.0851984 0.588971 0.0707331 0.583208 0.119595 0.591497 0.131847 0.591696 0.101477 0.590744 0.0858873 0.58611 0.079688 0.58432 0.160252 0.601417 0.149154 0.597803 0.0771975 0.578164 0.117944 0.588648 0.0997804 0.581052 0.0917406 0.580615 0.122081 0.586462 0.0803841 0.572981 0.162166 0.594511 0.120341 0.584029 0.133034 0.585123 0.0832906 0.571199 0.147138 0.586551 0.105955 0.576998 0.119728 0.577806 0.08345 0.567684 0.125351 0.576011 0.166739 0.588128 0.147082 0.581684 0.0833749 0.559779 0.104169 0.567173 0.128009 0.568797 0.167415 0.582285 0.14819 0.575666 0.0974083 0.560677 0.182932 0.545469 0.168358 0.533573 0.174668 0.520503 0.164308 0.561155 0.150123 0.531791 0.14642 0.557723 0.145617 0.522744 0.137564 0.544184 0.133501 0.549715 0.125943 0.568085 0.11355 0.565075 0.137201 0.5364 0.143107 0.520728 0.131161 0.550571 0.119608 0.544907 0.126066 0.564708 0.0824068 0.549284 0.0915072 0.510015 0.128012 0.509766 0.0987382 0.534982 0.874971 0.55205 0.893849 0.552696 0.884271 0.561617 0.883682 0.543149 0.904167 0.563744 0.893576 0.572429 0.837165 0.536437 0.845883 0.524272 0.849938 0.531389 0.85671 0.522304 0.844053 0.51503 0.839016 0.52388 0.830563 0.519518 0.835666 0.510959 0.825149 0.506699 0.823134 0.517676 0.816143 0.512845 0.815674 0.503726 0.804242 0.508417 0.801101 0.499485 0.870055 0.531656 0.86297 0.540541 0.858036 0.532255 0.792288 0.504786 0.786358 0.495795 0.782542 0.501098 0.838883 0.540419 0.830725 0.525101 0.819269 0.52353 0.811642 0.518352 0.806502 0.515387 0.799022 0.512896 0.842223 0.54619 0.831289 0.537746 0.828656 0.533622 0.854843 0.548829 0.866311 0.560497 0.874624 0.569479 0.883003 0.580052 0.898815 0.603177 0.900381 0.581378 0.922446 0.587277 0.914814 0.627662 0.804762 0.521396 0.828192 0.538729 0.820291 0.531733 0.811122 0.525826 0.803462 0.527535 0.797097 0.518313 0.788697 0.514984 0.796682 0.52045 0.796433 0.528356 0.806055 0.535856 0.78923 0.521407 0.835072 0.545631 0.846971 0.555808 0.838892 0.551328 0.864738 0.575303 0.872171 0.586874 0.85704 0.566597 0.811456 0.541336 0.792913 0.524817 0.819967 0.544491 0.796503 0.530567 0.827736 0.547853 0.790556 0.528623 0.787361 0.526147 0.785104 0.522698 0.832227 0.552511 0.839911 0.562351 0.793981 0.53122 0.793971 0.535195 0.816466 0.546404 0.786478 0.530677 0.801513 0.538266 0.82984 0.555849 0.835457 0.559636 0.861142 0.592657 0.854955 0.582374 0.847956 0.572636 0.873251 0.616195 0.87589 0.597135 0.867238 0.603924 0.88877 0.625235 0.879037 0.6297 0.809978 0.544009 0.821889 0.554314 0.810871 0.557441 0.805729 0.545049 0.799313 0.54169 0.807566 0.552308 0.816551 0.559853 0.787554 0.542003 0.783254 0.540018 0.827288 0.572642 0.83732 0.576592 0.849879 0.597333 0.854585 0.608426 0.859147 0.620625 0.863119 0.634029 0.844392 0.587095 0.801395 0.554894 0.796983 0.549091 0.792311 0.548839 0.823392 0.566089 0.822381 0.574697 0.81642 0.56469 0.787734 0.548338 0.794353 0.551969 0.812758 0.562232 0.81762 0.571745 0.829724 0.581045 0.848379 0.610101 0.845328 0.623307 0.847023 0.637869 0.830568 0.585316 0.833885 0.590944 0.837907 0.600837 0.841518 0.611675 0.793639 0.554584 0.785555 0.554222 0.81359 0.567845 0.808032 0.56711 0.806451 0.563537 0.826465 0.587872 0.825161 0.594094 0.788334 0.55997 0.810148 0.569784 0.815811 0.576963 0.818326 0.582231 0.813631 0.573528 0.818413 0.607186 0.828193 0.605024 0.828816 0.621 0.829164 0.636553 0.828856 0.654075 0.804878 0.569177 0.805368 0.571543 0.808034 0.572993 0.812525 0.579584 0.816036 0.591887 0.820418 0.621233 0.81951 0.643094 0.782171 0.559725 0.79485 0.570877 0.782884 0.564965 0.809126 0.592557 0.808181 0.578666 0.808174 0.585821 0.811687 0.608578 0.811698 0.626117 0.806397 0.6496 0.798357 0.575726 0.804275 0.576266 0.803456 0.585457 0.800614 0.615891 0.804643 0.602376 0.777512 0.566992 0.796043 0.580882 0.790005 0.592557 0.781073 0.602675 0.801186 0.62364 0.797665 0.642265 0.784722 0.621033 0.77837 0.644801 0.786877 0.579796 0.775382 0.583567 0.764072 0.596733 0.763939 0.612936 0.766293 0.629901 0.736629 0.632802 0.743778 0.619451 0.746477 0.651022 0.744627 0.603524 0.742909 0.589569 0.763619 0.580763 0.724137 0.63891 0.73617 0.610086 0.775898 0.499304 0.776074 0.493805 0.766499 0.49181 0.766674 0.496797 0.762286 0.491154 0.761008 0.495588 0.758203 0.494393 0.757194 0.490451 0.748462 0.4905 0.743876 0.488756 0.747624 0.487305 0.754614 0.489939 0.754668 0.493333 0.751333 0.491716 0.751473 0.488798 0.782569 0.50496 0.775494 0.503725 0.767301 0.499786 0.757778 0.497311 0.752485 0.495136 0.749847 0.492465 0.755146 0.495633 0.747329 0.491818 0.780213 0.510376 0.778524 0.50841 0.76346 0.503547 0.759341 0.500588 0.75042 0.495488 0.756644 0.50032 0.752391 0.499173 0.748672 0.49377 0.748052 0.494965 0.780481 0.516626 0.774454 0.509468 0.77134 0.508478 0.758204 0.502763 0.754689 0.505357 0.754305 0.500899 0.748927 0.496491 0.776036 0.513809 0.766058 0.508513 0.756182 0.504297 0.751609 0.503845 0.751433 0.500041 0.749799 0.49832 0.745821 0.493975 0.747488 0.496121 0.748519 0.497821 0.760403 0.507051 0.763725 0.507328 0.758762 0.504867 0.784877 0.517702 0.777788 0.516588 0.763101 0.508671 0.755814 0.506539 0.775421 0.515549 0.752895 0.505769 0.749348 0.498423 0.749215 0.500937 0.747308 0.49735 0.770001 0.512484 0.764873 0.508955 0.758757 0.51081 0.74835 0.499349 0.750526 0.503792 0.768007 0.511381 0.75364 0.507145 0.750574 0.506002 0.753694 0.508204 0.771313 0.51594 0.773363 0.517448 0.747116 0.502771 0.748743 0.50406 0.782571 0.520173 0.763649 0.512042 0.776857 0.518239 0.766776 0.513993 0.764503 0.515269 0.7601 0.513379 0.759346 0.513225 0.747095 0.501017 0.777994 0.522696 0.769092 0.516832 0.767052 0.517203 0.762809 0.516221 0.766365 0.518048 0.757266 0.512999 0.75465 0.510696 0.746507 0.497884 0.782273 0.525153 0.773572 0.520884 0.750111 0.507784 0.780391 0.525083 0.768072 0.520124 0.748109 0.506042 0.745132 0.498725 0.782011 0.527432 0.773519 0.526212 0.752903 0.510968 0.763259 0.518888 0.759766 0.516402 0.754923 0.512559 0.758352 0.514872 0.743723 0.500617 0.745066 0.50351 0.748325 0.509536 0.765198 0.526311 0.749485 0.514016 0.754338 0.51738 0.757684 0.517514 0.746496 0.507786 0.74529 0.50451 0.781575 0.533415 0.758152 0.523834 0.743118 0.505792 0.74515 0.509358 0.772543 0.532148 0.744616 0.51146 0.753308 0.521903 0.741606 0.50346 0.745795 0.516866 0.768406 0.538087 0.747397 0.519212 0.763386 0.532961 0.778175 0.543044 0.742647 0.514447 0.741817 0.508856 0.75263 0.527394 0.741512 0.513295 0.745478 0.526142 0.761725 0.536387 0.74067 0.517809 0.74004 0.512438 0.733697 0.504077 0.773961 0.546694 0.738701 0.515379 0.747443 0.530749 0.741199 0.521034 0.755198 0.536781 0.725998 0.508407 0.771988 0.551476 0.763818 0.545516 0.73868 0.519871 0.735891 0.519986 0.749244 0.539427 0.735295 0.524266 0.742221 0.531521 0.755517 0.543805 0.770992 0.555685 0.760779 0.550297 0.728306 0.518271 0.737722 0.537737 0.73644 0.535735 0.760499 0.555526 0.74495 0.542638 0.764578 0.561307 0.716509 0.511254 0.746548 0.551035 0.759946 0.566776 0.733454 0.538624 0.749527 0.571047 0.734168 0.555503 0.726691 0.570019 0.715968 0.56918 0.712336 0.588712 0.70781 0.580184 0.721697 0.558609 0.69785 0.595405 0.733368 0.543691 0.724283 0.529756 0.720358 0.557451 0.726765 0.547612 0.708429 0.574126 0.716334 0.555016 0.667538 0.52367 0.689866 0.535129 0.665256 0.555468 0.709379 0.570282 0.69403 0.567364 0.718933 0.617235 0.704652 0.623192 0.706225 0.606507 0.706659 0.642016 0.687027 0.612771 0.673949 0.651792 0.670301 0.639333 0.724407 0.607307 0.680311 0.616403 0.694129 0.594429 0.667653 0.636223 0.637164 0.558114 0.64155 0.583559 0.676743 0.587181 0.65143 0.618292 0.605469 0.608084 0.619009 0.754788 0.607363 0.732624 0.619637 0.732569 0.604344 0.706599 0.595267 0.711161 0.58513 0.694427 0.592141 0.688551 0.577885 0.685775 0.584685 0.679473 0.577953 0.672295 0.572082 0.678277 0.568924 0.676407 0.570555 0.66601 0.564871 0.673218 0.56331 0.670057 0.567271 0.663812 0.560526 0.660336 0.556839 0.668865 0.556936 0.658933 0.55381 0.667617 0.547586 0.664991 0.548312 0.656392 0.542169 0.663592 0.539332 0.654869 0.537614 0.662785 0.532321 0.661954 0.531941 0.654374 0.521144 0.654297 0.522963 0.661939 0.45772 0.672971 0.461283 0.66252 0.466987 0.672088 0.479364 0.668574 0.473518 0.660962 0.476908 0.660361 0.473115 0.670591 0.447971 0.662359 0.447229 0.674523 0.440401 0.669946 0.510435 0.662456 0.506133 0.662929 0.510034 0.65482 0.501132 0.655772 0.501948 0.663518 0.484131 0.658777 0.487938 0.657994 0.484811 0.666864 0.490501 0.666193 0.495307 0.665238 0.493087 0.657055 0.607493 0.744671 0.593896 0.719286 0.58235 0.704557 0.577329 0.696351 0.569147 0.686129 0.563954 0.681465 0.559941 0.678243 0.464428 0.680302 0.472275 0.676735 0.480161 0.674222 0.481566 0.672278 0.531873 0.668679 0.524318 0.668869 0.451605 0.681867 0.512941 0.66897 0.505775 0.668658 0.442354 0.682745 0.487525 0.672296 0.499096 0.674912 0.477155 0.68364 0.471786 0.688504 0.464352 0.689094 0.483227 0.676936 0.59285 0.730314 0.49106 0.676229 0.494904 0.675701 0.556011 0.674645 0.55065 0.677121 0.548325 0.674224 0.542549 0.670851 0.459828 0.695057 0.445406 0.69311 0.427775 0.692514 0.477163 0.697216 0.477816 0.69185 0.485756 0.682829 0.504853 0.67686 0.514821 0.674924 0.58082 0.722179 0.573497 0.704878 0.56313 0.692216 0.560081 0.684324 0.556252 0.679258 0.554219 0.67868 0.533564 0.674839 0.542973 0.676522 0.48732 0.685953 0.48327 0.693914 0.452104 0.705744 0.491364 0.679133 0.538426 0.677818 0.524384 0.677424 0.577298 0.728114 0.582929 0.748945 0.570507 0.707958 0.555324 0.680484 0.478489 0.702409 0.480695 0.700057 0.508261 0.680529 0.523866 0.680511 0.495642 0.679312 0.567904 0.712726 0.571572 0.728893 0.562453 0.699975 0.555228 0.684982 0.553115 0.679814 0.547197 0.67985 0.529599 0.680343 0.533953 0.693599 0.517124 0.697247 0.51808 0.684723 0.552092 0.69199 0.540916 0.681808 0.549831 0.709537 0.545928 0.719097 0.547932 0.731314 0.5157 0.708802 0.502613 0.7058 0.500881 0.698862 0.491841 0.70448 0.532409 0.715091 0.537737 0.734541 0.534231 0.726555 0.527411 0.720355 0.534176 0.707423 0.522055 0.710721 0.502552 0.710651 0.533334 0.733652 0.509941 0.716128 0.534806 0.741419 0.517943 0.717936 0.478395 0.707181 0.458368 0.709076 0.529151 0.734911 0.435128 0.712125 0.485188 0.713154 0.4641 0.713487 0.498915 0.715033 0.517536 0.72169 0.512042 0.720404 0.493365 0.718227 0.478434 0.718336 0.453094 0.720755 0.517745 0.72261 0.504658 0.723662 0.51713 0.724986 0.468055 0.725216 0.493754 0.722203 0.475444 0.72433 0.457051 0.726364 0.519235 0.718568 0.519783 0.723732 0.489434 0.72911 0.513286 0.731141 0.478723 0.735341 0.469805 0.730257 0.522219 0.71851 0.521613 0.727346 0.497766 0.735096 0.455206 0.734152 0.462382 0.743741 0.520568 0.731668 0.526491 0.726 0.524429 0.73164 0.506014 0.738919 0.527445 0.734064 0.48453 0.744547 0.523642 0.736957 0.530305 0.736264 0.501823 0.744943 0.460506 0.753291 0.531614 0.739926 0.523681 0.742422 0.502253 0.749233 0.531387 0.745528 0.518081 0.748777 0.432043 0.67433 0.413802 0.660608 0.434451 0.661201 0.416785 0.675391 0.391581 0.676372 0.385884 0.660044 0.349609 0.678857 0.432814 0.682381 0.401765 0.685034 0.406612 0.697423 0.428389 0.708749 0.408322 0.712842 0.413404 0.716232 0.406434 0.719323 0.37776 0.725699 0.413001 0.722126 0.43726 0.717834 0.404964 0.730481 0.429004 0.724999 0.418152 0.734549 0.434013 0.73144 0.444523 0.736868 0.436918 0.741129 0.446102 0.748144 0.34919 0.235642 0.364342 0.231387 0.365736 0.249219 0.336774 0.223941 0.348286 0.217963 0.33486 0.204265 0.308141 0.191325 0.31781 0.183292 0.310978 0.16856 0.295755 0.174666 0.279289 0.148208 0.288817 0.143467 0.286626 0.160473 0.29512 0.155271 0.28043 0.131318 0.28456 0.138005 0.272173 0.13638 0.303303 0.163111 0.217773 0.0635535 0.240913 0.0751318 0.231036 0.0811318 0.255529 0.091625 0.249271 0.105112 0.26062 0.10113 0.269036 0.110141 0.273254 0.11818 0.257249 0.11554 0.264463 0.125122 0.276093 0.125061 0.357274 0.20633 0.347469 0.201683 0.336678 0.192388 0.328478 0.186033 0.321806 0.160313 0.298639 0.139143 0.293916 0.132425 0.291622 0.123997 0.305077 0.143047 0.246874 0.0687033 0.226206 0.0454142 0.279801 0.110995 0.274116 0.101096 0.283298 0.121106 0.368957 0.219484 0.301245 0.13093 0.311197 0.144027 0.233344 0.0381048 0.25781 0.0757086 0.265969 0.0893659 0.291924 0.117884 0.2937 0.112824 0.299932 0.121649 0.346484 0.186906 0.265413 0.0745696 0.373454 0.211358 0.318547 0.130269 0.253207 0.0591452 0.260758 0.0668727 0.275068 0.0877402 0.292389 0.103796 0.301691 0.115131 0.306235 0.123958 0.302981 0.118382 0.245091 0.031796 0.273926 0.0719298 0.288871 0.0900266 0.300197 0.10528 0.302359 0.109589 0.302797 0.114096 0.360051 0.188593 0.32858 0.140458 0.263955 0.0589352 0.30882 0.11443 0.344286 0.169276 0.258614 0.0517473 0.26669 0.064921 0.307839 0.108682 0.335935 0.152898 0.365025 0.186571 0.376032 0.206247 0.26352 0.0523643 0.283737 0.080227 0.305234 0.107916 0.309801 0.110522 0.318691 0.122726 0.3798 0.198831 0.269511 0.0619483 0.302466 0.100811 0.388215 0.207198 0.343118 0.159672 0.309451 0.106232 0.352734 0.170795 0.288735 0.078926 0.396852 0.203872 0.380975 0.190474 0.389126 0.192196 0.372586 0.190687 0.371225 0.181143 0.3576 0.167599 0.347806 0.156881 0.273938 0.0584065 0.31808 0.113801 0.367294 0.170506 0.334315 0.139586 0.340854 0.141717 0.324914 0.122984 0.254156 0.0312493 0.265091 0.0445254 0.313839 0.107635 0.309941 0.101322 0.357491 0.158927 0.351852 0.155069 0.300266 0.0849289 0.263874 0.0303256 0.27585 0.0504955 0.284254 0.0641202 0.319921 0.107294 0.390482 0.186486 0.317296 0.0991921 0.368161 0.16126 0.344396 0.139807 0.334292 0.121169 0.273597 0.0363699 0.284398 0.0545313 0.293588 0.0671819 0.301352 0.0771191 0.309863 0.088149 0.384583 0.174546 0.357497 0.147881 0.345885 0.133246 0.326056 0.102641 0.264036 0.0181644 0.323178 0.0957429 0.379576 0.162152 0.276354 0.026615 0.283229 0.0439409 0.294543 0.0612291 0.314241 0.0806237 0.319978 0.085714 0.386404 0.166396 0.394943 0.175072 0.371007 0.152958 0.344047 0.116327 0.289391 0.0478096 0.361469 0.141668 0.284655 0.0373298 0.299236 0.0592154 0.305927 0.0707988 0.3275 0.0910227 0.277021 0.0166521 0.265175 0 0.361197 0.12734 0.313282 0.0659951 0.333564 0.0985202 0.377081 0.142194 0.292607 0.0246796 0.29869 0.0396049 0.330496 0.0838736 0.331075 0.0882616 0.39059 0.154395 0.343515 0.106091 0.335637 0.0858094 0.30951 0.0530974 0.338192 0.0958519 0.321919 0.0713105 0.300697 0.0352692 0.358002 0.115202 0.384318 0.137172 0.317852 0.0584971 0.333146 0.0800477 0.341289 0.0914627 0.313791 0.0434587 0.347759 0.0954037 0.360093 0.110613 0.303219 0.0225493 0.324082 0.0596244 0.339365 0.0841029 0.399522 0.146249 0.377883 0.122304 0.358148 0.10153 0.315055 0.0295159 0.355318 0.0956717 0.326334 0.0509449 0.341477 0.0823087 0.371127 0.108096 0.398491 0.133021 0.343759 0.0801823 0.381062 0.111798 0.359552 0.0921197 0.336202 0.0618592 0.394114 0.122376 0.326797 0.0408234 0.315219 0.0180151 0.348037 0.0769541 0.391814 0.118697 0.368011 0.0957217 0.324766 0.0270234 0.332151 0.0430349 0.34101 0.0620529 0.37826 0.0931475 0.338206 0.030666 0.352827 0.0733541 0.347276 0.0523605 0.333594 0.0166074 0.405175 0.115606 0.350534 0.0438492 0.364266 0.0640899 0.363003 0.0564782 0.351415 0.030726 0.383979 0.0803517 0.393972 0.0904627 0.361489 0.0507781 0.347475 0.0197809 0.374978 0.0713675 0.357136 0.0421713 0.407648 0.103852 0.401891 0.0754007 0.403683 0.0747835 0.411018 0.078477 0.40281 0.0880059 0.390742 0.0712867 0.382354 0.0763224 0.393959 0.0886127 0.380495 0.0677736 0.368423 0.0221982 0.367446 0.0301908 0.357596 0.0171482 0.366897 0.0380576 0.35446 0.0331499 0.362932 0.0488484 0.365975 0.0497627 0.372806 0.0577971 0.368913 0.0279007 0.415327 0.0790316 0.367729 0.049376 0.401786 0.0549875 0.39073 0.0534448 0.411265 0.0579464 0.384133 0.0371405 0.382937 0.0302504 0.374668 0.0216901 0.420496 0.0620271 0.383105 0.0439171 0.387583 0.0494917 0.396707 0.0541129 0.383438 0.023787 0.399754 0.0532573 0.385924 0.0299551 0.386465 0.0323931 0.420414 0.0579409 0.411359 0.0531987 0.405446 0.048353 0.397686 0.0486048 0.395023 0.0478472 0.390792 0.0468762 0.387552 0.0343389 0.38745 0.0395799 0.389594 0.0415668 0.400928 0.0449303 0.39041 0.0356054 0.396489 0.0412094 0.419507 0.050207 0.393606 0.0370617 0.412443 0.0469243 0.38946 0.0312156 0.425693 0.0546985 0.398863 0.0355384 0.397524 0.0324434 0.409806 0.0393709 0.394647 0.0299144 0.403779 0.0340841 0.424249 0.0461317 0.408285 0.0335753 0.420743 0.0375766 0.412901 0.0301002 0.403337 0.0285248 0.415511 0.0335505 0.425364 0.0415424 0.425018 0.0365175 0.401264 0.0214218 0.420591 0.0341228 0.408816 0.0242316 0.420277 0.0276956 0.419813 0.0187976 0.414043 0.020783 0.391282 0.254147 0.417086 0.272724 0.402378 0.276853 0.41709 0.287319 0.426063 0.278725 0.417011 0.257556 0.391046 0.23746 0.4358 0.268922 0.446272 0.274663 0.436528 0.256769 0.418463 0.246383 0.399618 0.230542 0.451136 0.264296 0.406774 0.222709 0.389237 0.215353 0.451473 0.255025 0.421025 0.233239 0.463185 0.265176 0.456635 0.254456 0.476434 0.264787 0.41171 0.214404 0.405846 0.218063 0.423308 0.231074 0.444407 0.236907 0.440883 0.243499 0.430493 0.227912 0.469194 0.251366 0.461644 0.238848 0.433116 0.221723 0.404205 0.201838 0.473664 0.244676 0.471271 0.251109 0.416318 0.210295 0.48159 0.253851 0.479085 0.241789 0.456844 0.231966 0.433479 0.217606 0.409313 0.19803 0.488587 0.248133 0.469011 0.230122 0.449767 0.22057 0.426994 0.207745 0.406358 0.192251 0.482777 0.236728 0.487008 0.232439 0.418797 0.193308 0.453386 0.218017 0.471161 0.222747 0.431113 0.205529 0.497673 0.249078 0.485099 0.227762 0.405216 0.180623 0.448459 0.210666 0.430626 0.198968 0.491095 0.229257 0.400999 0.171319 0.505166 0.238463 0.496167 0.224533 0.475395 0.211395 0.459609 0.205954 0.415326 0.173509 0.435724 0.188389 0.495034 0.219983 0.499928 0.218535 0.508869 0.230177 0.449706 0.189475 0.425753 0.175018 0.461822 0.194443 0.407863 0.159132 0.502188 0.21591 0.483888 0.205152 0.514414 0.223307 0.503628 0.215239 0.423292 0.165908 0.504539 0.212365 0.44017 0.172288 0.52125 0.214904 0.464582 0.184441 0.505779 0.210045 0.412992 0.151126 0.491825 0.195216 0.46275 0.177114 0.426614 0.154837 0.534516 0.203855 0.525287 0.24109 0.509327 0.196124 0.489506 0.184802 0.466885 0.170827 0.448819 0.16117 0.437197 0.154317 0.420311 0.143196 0.54012 0.208111 0.606491 0.175872 0.589411 0.218232 0.571602 0.19052 0.412371 0.135322 0.610998 0.171675 0.575302 0.186936 0.611513 0.27629 0.531978 0.197646 0.449751 0.148905 0.479193 0.161096 0.58926 0.159441 0.512876 0.177112 0.428285 0.129581 0.515718 0.167726 0.467133 0.142955 0.528996 0.160683 0.417955 0.111809 0.442431 0.129782 0.569705 0.152167 0.498316 0.156206 0.585433 0.146221 0.603133 0.137494 0.413466 0.10729 0.465501 0.140625 0.440195 0.126746 0.567458 0.150933 0.536245 0.15581 0.503581 0.156208 0.481286 0.146455 0.51529 0.165801 0.504607 0.149517 0.534565 0.152547 0.498943 0.148612 0.502254 0.14773 0.488025 0.1356 0.489425 0.134603 0.600204 0.0937149 0.587343 0.106355 0.593249 0.0979688 0.582637 0.109373 0.47365 0.119314 0.480827 0.125417 0.479612 0.126089 0.468611 0.139324 0.44848 0.117846 0.464248 0.110694 0.445557 0.0971422 0.425557 0.100338 0.431815 0.0879254 0.424901 0.0841788 0.445672 0.128665 0.456256 0.104274 0.418101 0.0820002 0.450485 0.0991134 0.440515 0.0923151 0.574987 0.118536 0.560441 0.130151 0.573395 0.117441 0.566281 0.12428 0.550823 0.138495 0.479413 0.0994938 0.530259 0.13876 0.551015 0.124494 0.48892 0.117352 0.495665 0.130301 0.507705 0.136639 0.577236 0.085868 0.533507 0.122994 0.576023 0.101291 0.469366 0.0920159 0.462 0.0866129 0.448374 0.07732 0.511105 0.128152 0.432801 0.0685034 0.506444 0.120773 0.570441 0.0926318 0.485539 0.104131 0.528279 0.129206 0.535003 0.120446 0.563395 0.0993599 0.555123 0.105994 0.544732 0.113774 0.527655 0.129993 0.52294 0.12892 0.494819 0.11098 0.583352 0.0776648 0.576154 0.08482 0.503866 0.11204 0.528808 0.117816 0.525883 0.120152 0.519478 0.124192 0.535978 0.11443 0.54397 0.109085 0.513972 0.121967 0.510889 0.113119 0.567511 0.0911691 0.577269 0.0799979 0.559815 0.0982459 0.550716 0.104433 0.491207 0.104007 0.484488 0.099084 0.474977 0.0922292 0.465297 0.0850211 0.531248 0.116596 0.533046 0.111122 0.457409 0.0792122 0.446485 0.0724466 0.517653 0.116027 0.510632 0.118831 0.43287 0.0645312 0.56902 0.0810833 0.561021 0.0936604 0.536181 0.107399 0.523519 0.113723 0.504004 0.108765 0.543148 0.10256 0.516544 0.109641 0.479771 0.0888812 0.4685 0.0805641 0.52411 0.107845 0.489955 0.0984256 0.502791 0.102811 0.520927 0.11052 0.529657 0.105728 0.512303 0.105626 0.510286 0.103103 0.441142 0.0630875 0.453169 0.0700696 0.548602 0.0994041 0.559818 0.0910054 0.462408 0.0741338 0.486742 0.0911532 0.450628 0.065008 0.433408 0.055526 0.565006 0.0816615 0.546591 0.0982744 0.466287 0.0730727 0.525531 0.100007 0.541819 0.0965736 0.518896 0.102115 0.569677 0.0718024 0.558636 0.0891901 0.476859 0.0839654 0.528978 0.0964191 0.505069 0.0954224 0.497436 0.093476 0.560491 0.0824409 0.549893 0.090157 0.480333 0.0819748 0.472273 0.0760784 0.53568 0.0964764 0.521541 0.0978034 0.489457 0.0886839 0.515961 0.0985332 0.44075 0.0552924 0.432073 0.0489953 0.462695 0.0688705 0.45258 0.0620553 0.564959 0.0756946 0.557791 0.0857071 0.45797 0.0640833 0.44052 0.0525469 0.470438 0.0719536 0.497892 0.090294 0.489856 0.0871124 0.512161 0.0949272 0.453474 0.058821 0.449522 0.0570713 0.569349 0.0663164 0.566774 0.067943 0.543083 0.0930881 0.562024 0.076878 0.559069 0.0815398 0.523481 0.0952931 0.555827 0.0841258 0.478583 0.0785312 0.473832 0.0741735 0.466842 0.068571 0.466144 0.0651927 0.462516 0.0647287 0.446699 0.053492 0.566901 0.070905 0.538969 0.0925969 0.482737 0.0789358 0.47808 0.0754652 0.501296 0.0896361 0.48981 0.0837428 0.49586 0.0858827 0.434494 0.0472465 0.558427 0.0789794 0.552516 0.084815 0.460789 0.062226 0.4461 0.0488745 0.561312 0.070538 0.55985 0.0744615 0.559044 0.0754377 0.543228 0.0898964 0.477347 0.0716998 0.473275 0.0661328 0.457167 0.056304 0.453679 0.051985 0.548125 0.0847507 0.504392 0.0892108 0.525295 0.0917269 0.519573 0.0925082 0.566944 0.062557 0.555539 0.0782621 0.483432 0.073478 0.516903 0.0925119 0.461128 0.0577413 0.443535 0.0454742 0.55584 0.0744488 0.545002 0.0863702 0.481635 0.0712199 0.537809 0.0888433 0.501546 0.0857007 0.549902 0.0804026 0.492019 0.0748801 0.437604 0.0423851 0.430056 0.0362793 0.458384 0.0507003 0.444146 0.041121 0.557438 0.0738846 0.553963 0.0758103 0.496368 0.0812857 0.453995 0.0449812 0.529778 0.0895887 0.551937 0.0764551 0.542212 0.0862749 0.510545 0.087355 0.498002 0.083001 0.54727 0.079971 0.523084 0.0906292 0.533928 0.0849021 0.48593 0.0695638 0.463577 0.0545561 0.456717 0.0459395 0.514362 0.0902666 0.556111 0.065211 0.488279 0.0705384 0.483936 0.0659885 0.48075 0.0673511 0.500504 0.0814979 0.450094 0.0436927 0.539376 0.0863699 0.538295 0.0855425 0.542867 0.0842233 0.478338 0.0618677 0.461901 0.0508443 0.559024 0.0602462 0.553959 0.0723802 0.51951 0.0885989 0.498804 0.0756154 0.444019 0.0371653 0.44824 0.0392742 0.54858 0.077813 0.508109 0.0814481 0.553599 0.0701089 0.549713 0.0734541 0.551428 0.0722281 0.540593 0.0816729 0.493595 0.0730086 0.463489 0.046849 0.455158 0.0389897 0.547434 0.0743055 0.474747 0.0537491 0.525723 0.0872714 0.464533 0.0496044 0.544042 0.0780409 0.483097 0.0627116 0.522688 0.0876533 0.469716 0.0485503 0.459801 0.0399252 0.449096 0.0353192 0.517244 0.0862097 0.496732 0.0690586 0.492625 0.0675337 0.490285 0.0648759 0.486734 0.060871 0.482255 0.0586697 0.460279 0.0439399 0.527669 0.086123 0.51498 0.0844596 0.55234 0.0661245 0.549763 0.0674579 0.505999 0.0743582 0.514624 0.0822945 0.467791 0.0473103 0.481134 0.0524622 0.536974 0.0787558 0.466873 0.0416035 0.542809 0.0744972 0.530139 0.0835703 0.471307 0.045015 0.471362 0.0454237 0.548524 0.0699835 0.544535 0.0749286 0.492152 0.0537813 0.487579 0.0555612 0.528244 0.0839711 0.519637 0.0846318 0.555513 0.0583289 0.513479 0.0758769 0.524579 0.0856964 0.516542 0.0830176 0.466185 0.0337656 0.453846 0.0313619 0.551189 0.0598341 0.495224 0.05814 0.521412 0.08563 0.518538 0.0818531 0.547018 0.0661147 0.545984 0.0685831 0.523289 0.085546 0.516496 0.0808958 0.528312 0.0816678 0.482535 0.0455307 0.54821 0.0613252 0.536059 0.0751584 0.526464 0.0819442 0.543202 0.068852 0.508897 0.0704098 0.499563 0.0609658 0.530369 0.0800208 0.525134 0.0828039 0.521134 0.0837038 0.544936 0.0670218 0.522496 0.0847183 0.525113 0.079735 0.527816 0.0800933 0.531436 0.0774053 0.534773 0.0749844 0.523711 0.083794 0.520519 0.0821814 0.519757 0.0795614 0.516005 0.0766015 0.511513 0.0671349 0.503631 0.0576629 0.538819 0.0696625 0.527369 0.078509 0.498601 0.0553169 0.546166 0.0621543 0.483043 0.0402305 0.518958 0.0769106 0.515603 0.0725372 0.521819 0.0836073 0.523083 0.0787446 0.521656 0.0789117 0.530616 0.0758936 0.489285 0.0421076 0.533849 0.0716629 0.522971 0.0838861 0.523447 0.0824481 0.521884 0.0818713 0.539641 0.0658401 0.520144 0.075052 0.519258 0.0735513 0.526923 0.0762994 0.495354 0.0427026 0.508114 0.0562559 0.513308 0.0644736 0.478645 0.0286867 0.526638 0.0740795 0.53221 0.0677046 0.50353 0.0422703 0.520151 0.0659297 0.523486 0.0709161 0.536522 0.0626522 0.526254 0.0711707 0.513903 0.0540719 0.522097 0.0638452 0.388594 0.0291792 0.395086 0.0241531 0.390474 0.0252057 0.386773 0.0251056 0.383446 0.0222729 0.391327 0.0160943 0.433368 0.0365493 0.437311 0.0372707 0.43767 0.0323196 0.428156 0.0281128 0.396752 0.013529 0.400474 0.0182168 0.409967 0.0191585 0.40263 0.0179277 0.422054 0.019562 0.443784 0.0318663 0.428829 0.0239793 0.400919 0.0123258 0.40756 0.014747 0.439227 0.0236289 0.414133 0.0145031 0.397796 0.0117943 0.426514 0.0176506 0.423882 0.0164046 0.406769 0.0106042 0.419229 0.0147765 0.411721 0.0124213 0.43218 0.0150498 0.445752 0.0200307 0.426457 0.0149542 0.423455 0.0122346 0.402826 0.00798346 0.438249 0.016472 0.397712 0.00447299 0.428344 0.0128604 0.415493 0.00918658 0.408901 0.00862649 0.431184 0.0117368 0.414344 0.00508288 0.438689 0.0138038 0.42074 0.00759865 0.406442 0.00635701 0.404566 0.00321104 0.425411 0.00702811 0.408486 0.00463096 0.547299 0.0588109 0.541286 0.0581194 0.472463 0.0351708 0.462961 0.0287171 0.474853 0.0312421 0.463778 0.0228986 0.454791 0.301032 0.445548 0.300292 0.454609 0.29197 0.441812 0.290916 0.431184 0.299451 0.414932 0.289445 0.403144 0.298018 0.386995 0.288086 0.47672 0.295049 0.488669 0.297959 0.48054 0.305077 0.467751 0.302556 0.463569 0.292971 0.431058 0.30423 0.390773 0.302165 0.480291 0.308633 0.4671 0.309277 0.449537 0.305047 0.405586 0.308347 0.3739 0.306675 0.449501 0.310029 0.434117 0.309437 0.399993 0.313224 0.437488 0.314482 0.362587 0.312586 0.454572 0.315578 0.471234 0.31827 0.448964 0.320534 0.427119 0.319234 0.403824 0.320244 0.402802 0.317028 0.389066 0.318768 0.460825 0.32418 0.438496 0.326229 0.434669 0.340531 0.412501 0.326441 0.450053 0.360689 0.440162 0.358397 0.426392 0.353573 0.426686 0.361334 0.389421 0.324018 0.36747 0.317388 0.366457 0.322826 0.380445 0.34767 0.392396 0.365021 0.376377 0.360707 0.388997 0.367046 0.381301 0.366324 0.380467 0.332835 0.360363 0.347216 0.364803 0.359381 0.406939 0.360595 0.420219 0.365048 0.412627 0.36617 0.360368 0.357906 0.408899 0.370131 0.388073 0.371261 0.372511 0.36502 0.438826 0.3682 0.423299 0.368365 0.413073 0.371291 0.406087 0.368675 0.399908 0.367639 0.416695 0.370262 0.391957 0.369202 0.377029 0.370116 0.364329 0.370274 0.427974 0.370866 0.403882 0.37376 0.39693 0.37188 0.368615 0.373953 0.357699 0.363589 0.384904 0.376419 0.37507 0.37418 0.421378 0.374808 0.415663 0.373173 0.41315 0.375325 0.358437 0.366838 0.415334 0.374962 0.334426 0.365285 0.434007 0.373437 0.402318 0.376003 0.345088 0.376285 0.409977 0.381029 0.383985 0.383094 0.427438 0.378048 0.418093 0.376937 0.360849 0.386772 0.283085 0.377653 0.434477 0.382221 0.388185 0.387729 0.344198 0.384973 0.426054 0.384473 0.420913 0.381018 0.414697 0.386029 0.356803 0.399438 0.297058 0.387576 0.380717 0.393127 0.390004 0.397884 0.295523 0.402268 0.420768 0.392476 0.368693 0.401057 0.361296 0.405964 0.344569 0.411214 0.380858 0.398326 0.411635 0.393621 0.356547 0.415292 0.311062 0.41613 0.372641 0.41275 0.408732 0.405929 0.363339 0.414642 0.255882 0.429889 0.348011 0.419883 0.307342 0.437583 0.354366 0.419312 0.381892 0.422578 0.342687 0.423519 0.374363 0.4248 0.368489 0.425772 0.356361 0.424042 0.217773 0.460973 0.357453 0.428105 0.353635 0.433274 0.270128 0.464009 0.364239 0.434897 0.408886 0.41816 0.219374 0.476923 0.375595 0.434399 0.321447 0.455971 0.360988 0.440986 0.354451 0.446493 0.409389 0.426587 0.369162 0.446103 0.233201 0.49548 0.380462 0.448273 0.362817 0.448857 0.319112 0.478375 0.413878 0.434123 0.365246 0.448043 0.370079 0.457671 0.257524 0.508884 0.415749 0.443344 0.373938 0.454559 0.372903 0.456693 0.375965 0.462877 0.355208 0.477848 0.418031 0.444719 0.446213 0.432071 0.378986 0.464035 0.411115 0.466663 0.384776 0.477915 0.383055 0.491045 0.38526 0.479698 0.385897 0.486959 0.391548 0.492548 0.489017 0.307501 0.516225 0.322475 0.50989 0.317482 0.517931 0.31267 0.531828 0.323423 0.519531 0.324523 0.508145 0.306346 0.504175 0.313074 0.499217 0.301852 0.496436 0.311384 0.529454 0.334001 0.518244 0.330201 0.488156 0.312405 0.524851 0.336533 0.505256 0.319602 0.481466 0.314972 0.508344 0.327439 0.492359 0.32014 0.50178 0.323389 0.513269 0.336491 0.526709 0.343182 0.508308 0.333765 0.488582 0.3204 0.503382 0.330828 0.490547 0.324462 0.478344 0.324116 0.515028 0.343423 0.496982 0.328251 0.508271 0.338323 0.50841 0.34463 0.486083 0.339951 0.512439 0.345311 0.502639 0.345244 0.49242 0.347878 0.519752 0.345828 0.517513 0.347494 0.519795 0.34842 0.521979 0.347141 0.463962 0.33753 0.513696 0.34758 0.505021 0.346929 0.519093 0.349143 0.499718 0.352172 0.48295 0.355957 0.489705 0.356771 0.475755 0.353817 0.465834 0.358552 0.47885 0.358515 0.472246 0.359425 0.522019 0.348469 0.508986 0.348478 0.504887 0.350946 0.493839 0.353443 0.457557 0.362823 0.462802 0.362525 0.519858 0.35181 0.51652 0.349598 0.508674 0.35162 0.506746 0.356013 0.495682 0.355013 0.492455 0.357932 0.454588 0.363942 0.482607 0.35911 0.479691 0.361174 0.47091 0.363391 0.465363 0.36464 0.524739 0.34698 0.443606 0.366064 0.447767 0.363898 0.454776 0.366046 0.510239 0.347125 0.508126 0.347543 0.499682 0.35647 0.488429 0.361044 0.450999 0.366528 0.52449 0.350741 0.510959 0.348564 0.510103 0.3559 0.517403 0.35152 0.511093 0.352434 0.511979 0.349961 0.441914 0.375692 0.481277 0.365497 0.47134 0.368478 0.452955 0.370357 0.529039 0.347217 0.5095 0.356811 0.509164 0.358409 0.501788 0.360379 0.494902 0.359622 0.498595 0.359824 0.455226 0.369783 0.449421 0.371474 0.517787 0.354055 0.514141 0.354022 0.513327 0.351586 0.495332 0.358519 0.512053 0.350795 0.511729 0.350937 0.504777 0.362946 0.492954 0.361769 0.493377 0.363775 0.529632 0.351399 0.525099 0.354397 0.514848 0.358572 0.512559 0.361198 0.489173 0.367463 0.521483 0.360517 0.471921 0.372559 0.496994 0.366573 0.454748 0.374679 0.534705 0.349366 0.449141 0.37588 0.528313 0.356649 0.46917 0.375723 0.444203 0.38425 0.534536 0.354047 0.500106 0.368861 0.484448 0.373775 0.542391 0.349311 0.510351 0.372108 0.451753 0.385766 0.440882 0.388048 0.533216 0.363188 0.523297 0.368384 0.489137 0.377928 0.464506 0.382292 0.454451 0.383045 0.534689 0.360056 0.479755 0.38018 0.539465 0.358579 0.435843 0.3896 0.444702 0.390891 0.502893 0.376306 0.441556 0.393229 0.543515 0.359502 0.432197 0.391199 0.526099 0.373431 0.457922 0.392293 0.531539 0.374878 0.518668 0.378427 0.49231 0.384075 0.508245 0.383687 0.469781 0.392208 0.449571 0.39543 0.461654 0.392086 0.45395 0.393523 0.536956 0.369916 0.54274 0.367237 0.434406 0.403943 0.530718 0.379189 0.496634 0.389466 0.539025 0.373219 0.460382 0.401534 0.444434 0.401584 0.454067 0.402592 0.486254 0.396812 0.552124 0.368363 0.514806 0.388558 0.448626 0.405866 0.547434 0.384759 0.551527 0.377583 0.45473 0.407389 0.441972 0.410059 0.532197 0.383311 0.505621 0.394865 0.457904 0.405857 0.462598 0.406503 0.455441 0.41119 0.449011 0.412872 0.444528 0.416307 0.519478 0.39323 0.455603 0.414622 0.452355 0.412933 0.501758 0.40123 0.471118 0.411103 0.53347 0.387272 0.56083 0.380117 0.45267 0.414162 0.451236 0.416917 0.551502 0.398028 0.517365 0.400777 0.49219 0.408868 0.451176 0.414415 0.460904 0.419505 0.435155 0.428085 0.53366 0.391859 0.596612 0.362489 0.566587 0.387954 0.45242 0.414177 0.581708 0.435536 0.574635 0.425141 0.591634 0.430556 0.551814 0.405331 0.553982 0.408866 0.572748 0.425029 0.531595 0.400014 0.534498 0.400082 0.504926 0.409492 0.491285 0.413723 0.590347 0.40741 0.469607 0.421358 0.443053 0.431466 0.514836 0.407367 0.493843 0.41472 0.475587 0.420894 0.422084 0.45835 0.500026 0.42352 0.520181 0.415593 0.460943 0.438509 0.534592 0.41095 0.566289 0.432422 0.581401 0.445908 0.484936 0.435809 0.443996 0.460425 0.545371 0.430504 0.50527 0.433381 0.558792 0.436262 0.480476 0.443584 0.533949 0.421117 0.520614 0.427434 0.421749 0.479147 0.569755 0.445125 0.434632 0.470466 0.57674 0.452648 0.46105 0.453959 0.533732 0.422493 0.498949 0.436505 0.448136 0.462948 0.541689 0.432229 0.523396 0.431636 0.524043 0.433036 0.538081 0.433202 0.514582 0.432274 0.517159 0.438652 0.503609 0.444247 0.543096 0.433563 0.556964 0.436471 0.55033 0.440464 0.548532 0.439858 0.563774 0.447411 0.556151 0.449324 0.55264 0.445515 0.55571 0.450418 0.571195 0.447647 0.512283 0.446042 0.572057 0.457995 0.473698 0.449511 0.56048 0.457678 0.479278 0.462397 0.558851 0.455597 0.50911 0.450392 0.496057 0.458436 0.504217 0.457488 0.497086 0.467469 0.488608 0.476933 0.48064 0.484502 0.462047 0.484604 0.432466 0.474877 0.52305 0.434747 0.517786 0.439992 0.561708 0.461031 0.455388 0.501861 0.478496 0.489387 0.472107 0.494077 0.437233 0.507153 0.52512 0.453544 0.538072 0.444977 0.509037 0.469296 0.505977 0.487777 0.527395 0.440376 0.550028 0.458751 0.521202 0.460862 0.546841 0.454272 0.496561 0.501427 0.540255 0.447157 0.529885 0.445963 0.527283 0.450642 0.542211 0.449605 0.551273 0.46063 0.553967 0.465732 0.530235 0.445786 0.516469 0.469402 0.51178 0.478586 0.530004 0.448111 0.52837 0.453471 0.546267 0.455672 0.534079 0.448021 0.531478 0.452382 0.536075 0.448232 0.537109 0.449768 0.538985 0.45099 0.536012 0.4523 0.527392 0.456103 0.523184 0.464488 0.521504 0.466653 0.541379 0.452499 0.514342 0.480763 0.542911 0.453351 0.547415 0.457572 0.550178 0.46232 0.552919 0.467418 0.501558 0.501977 0.548806 0.464316 0.518539 0.487202 0.533198 0.455885 0.529992 0.456586 0.528417 0.460032 0.523562 0.475035 0.539739 0.45344 0.544735 0.456729 0.545312 0.458598 0.538435 0.454232 0.528319 0.464521 0.526974 0.469865 0.535721 0.454623 0.540925 0.45667 0.535253 0.459361 0.533432 0.462064 0.527133 0.477111 0.548328 0.466737 0.54693 0.463442 0.536912 0.456459 0.539461 0.456639 0.543057 0.458702 0.537809 0.456231 0.525551 0.488792 0.538719 0.456841 0.536492 0.458394 0.544124 0.461844 0.531694 0.467202 0.546869 0.467344 0.536909 0.459448 0.540971 0.45844 0.535652 0.465589 0.546012 0.468751 0.545037 0.466311 0.546942 0.472849 0.538418 0.45766 0.541732 0.459023 0.531422 0.475672 0.533635 0.4681 0.537552 0.459509 0.544238 0.470977 0.543698 0.468612 0.54349 0.464237 0.543376 0.469942 0.540436 0.459653 0.538865 0.457553 0.537291 0.461518 0.542212 0.462185 0.537725 0.463454 0.537258 0.467596 0.538785 0.45855 0.539192 0.4576 0.541479 0.466529 0.542184 0.468983 0.53929 0.460865 0.539791 0.45837 0.535291 0.475904 0.539201 0.457528 0.539033 0.457488 0.541562 0.468112 0.537889 0.479519 0.540027 0.472009 0.54036 0.464778 0.540121 0.461201 0.53955 0.468192 0.539473 0.457997 0.541212 0.458923 0.539805 0.470125 0.542487 0.465784 0.540301 0.46231 0.538644 0.457386 0.538925 0.458137 0.539828 0.465831 0.539236 0.461197 0.540309 0.458197 0.538369 0.459915 0.538268 0.463192 0.538434 0.46781 0.542433 0.459766 0.538386 0.464786 0.539855 0.457429 0.537196 0.468942 0.543673 0.462929 0.538221 0.471182 0.536345 0.470422 0.539286 0.456927 0.537637 0.457766 0.539892 0.456619 0.536639 0.465039 0.535869 0.467776 0.536286 0.461079 0.53851 0.456934 0.537395 0.456894 0.540559 0.456606 0.541578 0.457313 0.542789 0.458244 0.535782 0.458833 0.533784 0.466999 0.53417 0.469755 0.538844 0.455672 0.536491 0.457075 0.5367 0.45755 0.537071 0.456146 0.535051 0.46117 0.542904 0.457007 0.54124 0.456321 0.539814 0.455168 0.535064 0.45875 0.542381 0.455687 0.540689 0.454839 0.542601 0.45509 0.588615 0.444485 0.597007 0.45586 0.59201 0.450181 0.602927 0.465449 0.604784 0.466687 0.600263 0.446747 0.592257 0.457017 0.599281 0.474145 0.588835 0.468894 0.582676 0.460372 0.565978 0.467565 0.574799 0.478125 0.568187 0.470494 0.569542 0.474439 0.5632 0.470537 0.560624 0.47971 0.558157 0.474695 0.554818 0.469398 0.559866 0.479304 0.55738 0.478032 0.551942 0.472704 0.555785 0.482129 0.550951 0.478082 0.548522 0.473395 0.547608 0.475444 0.544124 0.474438 0.541152 0.472596 0.538761 0.475993 0.538978 0.472422 0.535819 0.472726 0.536053 0.476034 0.871073 0.485684 0.882266 0.473595 0.900019 0.473439 0.847162 0.486525 0.928951 0.453572 0.846052 0.479712 0.884939 0.466687 0.846358 0.473897 0.826389 0.479088 0.887618 0.458312 0.811457 0.482674 0.814955 0.475455 0.836657 0.470918 0.801841 0.471349 0.808841 0.468612 0.817093 0.471685 0.851111 0.463373 0.884616 0.451835 0.903654 0.442647 0.794945 0.465954 0.816013 0.470223 0.831316 0.466818 0.850967 0.461418 0.88943 0.448085 0.804593 0.460328 0.86865 0.442854 0.81527 0.461351 0.845763 0.449775 0.87474 0.431818 0.791702 0.456376 0.813518 0.451863 0.814346 0.452095 0.794019 0.452416 0.837915 0.440852 0.789729 0.453823 0.861154 0.430214 0.80768 0.449711 0.882231 0.420325 0.819694 0.447398 0.837603 0.438606 0.788988 0.452157 0.783239 0.450926 0.785814 0.443465 0.792701 0.44379 0.802013 0.445975 0.806054 0.444258 0.814928 0.441329 0.825131 0.439476 0.830077 0.430581 0.823142 0.437793 0.801587 0.436465 0.785929 0.433292 0.799421 0.429624 0.934158 0.487104 0.919153 0.479561 0.939222 0.461672 0.953918 0.470226 0.961655 0.450657 0.918047 0.470958 0.925534 0.46003 0.956787 0.43805 0.930471 0.444841 0.963566 0.421857 0.925094 0.439951 0.94767 0.424 0.930562 0.428199 0.957488 0.409755 0.907554 0.421182 0.911946 0.402883 0.940261 0.401395 0.922384 0.394222 0.937692 0.381216 0.903755 0.362316 0.90366 0.376205 0.894789 0.367238 0.912798 0.357821 0.927982 0.368388 0.92693 0.350261 0.892329 0.396297 0.916687 0.353528 0.933109 0.344902 0.917968 0.342058 0.891427 0.341917 0.780382 0.460446 0.776833 0.462235 0.773727 0.44864 0.764441 0.453421 0.755083 0.458378 0.763142 0.452653 0.771369 0.44752 0.77556 0.446063 0.781534 0.444041 0.754462 0.450499 0.765703 0.434555 0.751382 0.460862 0.754308 0.441415 0.777299 0.429685 0.742807 0.449636 0.73955 0.448782 0.752066 0.439788 0.763265 0.432588 0.749436 0.438461 0.725433 0.455009 0.735827 0.443799 0.742556 0.439224 0.729341 0.444717 0.721599 0.451395 0.73058 0.439574 0.735644 0.43856 0.733329 0.437786 0.71911 0.44987 0.722599 0.448127 0.726354 0.444198 0.712801 0.456724 0.719055 0.444577 0.714924 0.451113 0.721723 0.443659 0.724647 0.442512 0.736434 0.435757 0.709888 0.453988 0.724816 0.437166 0.734904 0.429256 0.711725 0.445223 0.719246 0.442202 0.709554 0.449295 0.703836 0.452 0.704227 0.454838 0.712872 0.440241 0.718539 0.438251 0.721291 0.434139 0.713657 0.437289 0.724593 0.427145 0.702362 0.448102 0.707904 0.445629 0.710536 0.442672 0.701045 0.456422 0.716836 0.433776 0.705 0.443625 0.710201 0.433415 0.696024 0.454233 0.708584 0.43642 0.711926 0.430648 0.69506 0.449044 0.704544 0.436786 0.691607 0.453611 0.689187 0.456295 0.689287 0.454078 0.68768 0.456082 0.689018 0.452237 0.69211 0.446668 0.685872 0.455338 0.696947 0.44001 0.704552 0.431097 0.687553 0.452958 0.688689 0.449419 0.686883 0.45213 0.683258 0.453843 0.683538 0.453128 0.684546 0.453768 0.68183 0.455295 0.692217 0.443527 0.683529 0.452575 0.694718 0.436268 0.683511 0.453709 0.682749 0.45384 0.685155 0.454094 0.684993 0.45204 0.68561 0.451868 0.686664 0.449366 0.68975 0.443681 0.686216 0.456291 0.682553 0.453089 0.67785 0.457307 0.680107 0.458719 0.684649 0.456311 0.684042 0.453612 0.681105 0.452016 0.690058 0.437759 0.682742 0.454555 0.683142 0.455056 0.696257 0.426636 0.683827 0.454495 0.684643 0.455553 0.868808 0.386974 0.883516 0.375532 0.846473 0.408521 0.846876 0.409844 0.838059 0.418377 0.837909 0.420761 0.853314 0.401786 0.862759 0.41254 0.86053 0.39427 0.828733 0.423762 0.860893 0.379398 0.843266 0.396519 0.90121 0.334996 0.826432 0.399572 0.815633 0.414155 0.877284 0.352363 0.792239 0.427084 0.841917 0.382472 0.812076 0.424109 0.835952 0.388801 0.806686 0.42642 0.849715 0.375473 0.861111 0.364935 0.910951 0.327781 0.847549 0.372077 0.86099 0.359921 0.876157 0.348087 0.827134 0.391511 0.834241 0.384994 0.821405 0.398496 0.89056 0.33717 0.89657 0.332923 0.79667 0.423928 0.799153 0.423477 0.904979 0.326561 0.796925 0.419624 0.80835 0.416447 0.808441 0.412069 0.774462 0.427628 0.786118 0.424036 0.788697 0.421524 0.810101 0.407444 0.915925 0.317136 0.825165 0.385728 0.837653 0.375037 0.801851 0.413794 0.78026 0.422449 0.792812 0.419568 0.899329 0.323258 0.769345 0.422399 0.773936 0.422383 0.860728 0.351017 0.883964 0.33434 0.911466 0.305363 0.786835 0.418734 0.848295 0.359219 0.803361 0.407141 0.903006 0.313395 0.792714 0.413031 0.816062 0.391961 0.755324 0.430976 0.782825 0.415706 0.802065 0.397655 0.88175 0.329596 0.897758 0.311974 0.777046 0.413132 0.814413 0.385084 0.856895 0.348086 0.864142 0.338723 0.831755 0.373439 0.812637 0.387603 0.772785 0.41042 0.785474 0.40608 0.793481 0.405442 0.85105 0.347335 0.753028 0.426936 0.804897 0.390183 0.857273 0.340743 0.79353 0.399082 0.884324 0.320121 0.901611 0.300217 0.740856 0.434643 0.790633 0.402305 0.828916 0.369952 0.84243 0.356577 0.871224 0.330752 0.779331 0.406234 0.768293 0.417422 0.840351 0.354227 0.834747 0.360779 0.843591 0.350259 0.820353 0.375137 0.812124 0.382216 0.862904 0.333584 0.873614 0.325321 0.894467 0.309121 0.746496 0.428295 0.75046 0.424864 0.759293 0.421196 0.776107 0.406386 0.830109 0.363941 0.864424 0.327341 0.739981 0.432493 0.768067 0.412312 0.79573 0.395064 0.849574 0.335953 0.866089 0.322925 0.784355 0.399584 0.880137 0.31851 0.886764 0.309046 0.822327 0.36744 0.834694 0.353642 0.787301 0.392823 0.781343 0.401714 0.742 0.426264 0.744798 0.423006 0.755798 0.419336 0.76364 0.414445 0.810343 0.376093 0.807214 0.382243 0.799887 0.385376 0.828344 0.357844 0.783165 0.393259 0.843551 0.338268 0.895726 0.302855 0.858309 0.330251 0.877743 0.313157 0.890768 0.299624 0.829222 0.35227 0.83848 0.345838 0.779998 0.398272 0.748454 0.414838 0.765806 0.407974 0.759067 0.41393 0.854641 0.322076 0.788541 0.389688 0.793037 0.386591 0.866446 0.315084 0.884801 0.303003 0.831985 0.343708 0.811648 0.370283 0.738688 0.424361 0.803529 0.376253 0.806055 0.370684 0.869139 0.309623 0.77512 0.399107 0.741216 0.41952 0.760402 0.409851 0.770358 0.403463 0.816526 0.361663 0.81836 0.356674 0.90528 0.292737 0.893387 0.292058 0.757257 0.406934 0.858034 0.316775 0.878718 0.298141 0.780258 0.393046 0.736065 0.421968 0.807501 0.366351 0.819419 0.349088 0.827246 0.346068 0.856641 0.311957 0.795987 0.377793 0.893936 0.281947 0.843866 0.320444 0.802982 0.366472 0.761031 0.399146 0.741004 0.415172 0.866954 0.30473 0.768808 0.396852 0.784913 0.389833 0.788344 0.385503 0.858925 0.308735 0.74485 0.413255 0.807304 0.358231 0.815713 0.350786 0.810985 0.355056 0.825794 0.339271 0.785697 0.388037 0.826719 0.329862 0.837162 0.32499 0.776294 0.393282 0.750334 0.406429 0.82169 0.33915 0.734055 0.4169 0.746914 0.406959 0.769662 0.391177 0.71815 0.428616 0.786075 0.380935 0.848509 0.317034 0.884704 0.289379 0.72703 0.417857 0.734542 0.412042 0.793412 0.370885 0.781911 0.38523 0.735052 0.407982 0.794711 0.361707 0.78842 0.376229 0.811887 0.345614 0.815668 0.340646 0.78435 0.384692 0.777965 0.389418 0.729627 0.41404 0.859744 0.300848 0.781385 0.388822 0.7173 0.425479 0.72151 0.418362 0.839012 0.317907 0.842711 0.311531 0.760637 0.391948 0.873865 0.286733 0.888238 0.2774 0.78077 0.385877 0.773842 0.389318 0.896152 0.273775 0.70852 0.42762 0.895007 0.271618 0.888895 0.273062 0.811891 0.331636 0.822556 0.320595 0.778172 0.388172 0.780118 0.380816 0.783627 0.378605 0.843845 0.302924 0.770312 0.388119 0.783202 0.370413 0.808071 0.341683 0.853219 0.294345 0.725712 0.41031 0.752049 0.394966 0.829622 0.30955 0.73087 0.406106 0.767272 0.388143 0.883936 0.273999 0.782577 0.374062 0.804801 0.334398 0.871182 0.281338 0.711636 0.417206 0.791857 0.352156 0.779752 0.383113 0.743527 0.395672 0.754167 0.390014 0.769959 0.385161 0.778996 0.385933 0.845738 0.295896 0.77826 0.377504 0.885258 0.268599 0.889332 0.26633 0.701317 0.431613 0.808621 0.324708 0.880629 0.272104 0.768485 0.381625 0.76261 0.384638 0.769504 0.377628 0.817314 0.315797 0.866862 0.280948 0.704468 0.42561 0.88183 0.266794 0.776399 0.386046 0.721285 0.407744 0.744613 0.388757 0.731834 0.398751 0.753626 0.387465 0.771778 0.379396 0.777603 0.373046 0.78075 0.367815 0.870962 0.274011 0.880101 0.263461 0.8784 0.269836 0.828571 0.304514 0.857262 0.282881 0.794734 0.338457 0.78414 0.353519 0.778515 0.383904 0.76102 0.380883 0.774181 0.384341 0.775726 0.368074 0.842997 0.293341 0.777139 0.38527 0.850823 0.281585 0.815641 0.309343 0.838906 0.290038 0.788822 0.336168 0.70697 0.415874 0.865143 0.272464 0.71953 0.403137 0.732048 0.392 0.875 0.267502 0.75918 0.377223 0.743378 0.384233 0.77563 0.381266 0.777657 0.383083 0.771521 0.366525 0.820943 0.299181 0.794987 0.3127 0.704632 0.408173 0.775766 0.38401 0.762008 0.359258 0.768913 0.346719 0.828381 0.283363 0.859812 0.267778 0.752106 0.367444 0.715101 0.396294 0.779615 0.330772 0.728378 0.382933 0.809182 0.295548 0.69665 0.415021 0.845698 0.27226 0.867381 0.259536 0.717036 0.386677 0.736939 0.37307 0.757337 0.355866 0.705789 0.39765 0.841247 0.269347 0.771375 0.336037 0.860345 0.256013 0.78386 0.317951 0.747613 0.362819 0.756918 0.351781 0.754171 0.335456 0.762192 0.319659 0.737236 0.362343 0.821262 0.268572 0.696789 0.404583 0.780113 0.299606 0.71953 0.367875 0.807027 0.274818 0.747377 0.347951 0.740285 0.352911 0.692626 0.399463 0.70369 0.386105 0.687618 0.408617 0.746156 0.33641 0.709665 0.378733 0.726609 0.360847 0.722942 0.33942 0.836715 0.254833 0.797208 0.279698 0.737667 0.336622 0.767897 0.30333 0.70413 0.37657 0.689455 0.397797 0.798805 0.27235 0.74381 0.31108 0.692033 0.388767 0.779583 0.281258 0.691483 0.38058 0.793518 0.274619 0.736953 0.319022 0.734027 0.337665 0.681554 0.397881 0.704533 0.369084 0.70571 0.357964 0.784866 0.275638 0.759025 0.305624 0.706328 0.344088 0.796087 0.261998 0.7219 0.331724 0.687721 0.38233 0.756893 0.288294 0.750874 0.295538 0.680044 0.388152 0.768002 0.283318 0.786758 0.262976 0.728577 0.322557 0.749396 0.304397 0.692026 0.366034 0.700381 0.362306 0.77534 0.261312 0.793376 0.256208 0.766642 0.268588 0.717111 0.321943 0.733301 0.307444 0.784308 0.251075 0.686087 0.372107 0.696864 0.356196 0.686631 0.356735 0.678603 0.382043 0.700029 0.346858 0.676832 0.375464 0.730093 0.296212 0.736475 0.291041 0.759588 0.265562 0.678051 0.368765 0.760505 0.26036 0.698486 0.320684 0.713242 0.299432 0.729899 0.292271 0.748572 0.270655 0.691601 0.350275 0.689122 0.333243 0.767668 0.25385 0.708041 0.314737 0.67135 0.379356 0.687514 0.351718 0.68929 0.344444 0.698229 0.314159 0.74807 0.260579 0.669087 0.369616 0.726883 0.273617 0.760489 0.250382 0.720137 0.290711 0.679129 0.346701 0.66719 0.348486 0.662524 0.378271 0.666189 0.33306 0.663955 0.363515 0.704273 0.292848 0.71059 0.281129 0.733862 0.259391 0.712298 0.262137 0.736002 0.249333 0.68715 0.300714 0.668182 0.321049 0.658528 0.370306 0.679047 0.309912 0.728366 0.244141 0.660333 0.339179 0.69603 0.277764 0.676137 0.278785 0.67198 0.29252 0.697726 0.264894 0.659028 0.315487 0.663287 0.305564 0.653741 0.298961 0.659867 0.294846 0.657221 0.306517 0.669949 0.287002 0.653899 0.311858 0.657828 0.290077 0.662444 0.283721 0.64936 0.300087 0.647989 0.290098 0.649528 0.287584 0.650447 0.283294 0.670842 0.270358 0.650464 0.309115 0.647925 0.29355 0.659333 0.279206 0.650315 0.333018 0.69226 0.253822 0.6402 0.294491 0.647369 0.317641 0.64741 0.278053 0.646879 0.306059 0.674235 0.261863 0.640447 0.290691 0.642712 0.286646 0.642404 0.299186 0.639083 0.315466 0.660494 0.265813 0.649092 0.272718 0.66641 0.25613 0.638676 0.32719 0.638863 0.31917 0.641168 0.304849 0.654839 0.266282 0.640739 0.280307 0.636621 0.306628 0.647847 0.261557 0.631483 0.290798 0.630814 0.285056 0.632851 0.276547 0.635846 0.322629 0.641664 0.265054 0.634575 0.2659 0.632674 0.3019 0.633162 0.309518 0.642133 0.257876 0.626898 0.301362 0.632174 0.324687 0.623975 0.271363 0.629602 0.249756 0.624817 0.295481 0.612305 0.248401 0.674288 0.470337 0.676655 0.472022 0.672342 0.472555 0.674746 0.473883 0.673241 0.477583 0.669656 0.479141 0.671298 0.470884 0.674315 0.466508 0.668903 0.473756 0.667086 0.480724 0.67244 0.465552 0.665098 0.481732 0.674191 0.458889 0.669358 0.467193 0.685099 0.447886 0.678703 0.454417 0.66444 0.47818 0.661975 0.473234 0.690342 0.426455 0.667109 0.461965 0.66385 0.468179 0.671657 0.455304 0.682242 0.445831 0.680123 0.444753 0.684304 0.434442 0.676821 0.448966 0.676001 0.44797 0.678711 0.443842 0.690094 0.421382 0.669248 0.456042 0.664621 0.463055 0.676018 0.443164 0.673297 0.446391 0.668602 0.447997 0.679038 0.421667 0.675992 0.441173 0.66395 0.456022 0.67463 0.431667 0.657632 0.474842 0.656987 0.463891 0.664953 0.44916 0.662453 0.453249 0.667971 0.440298 0.667654 0.436942 0.669456 0.432552 0.665029 0.441925 0.674457 0.423014 0.677698 0.414815 0.655585 0.456819 0.65586 0.454071 0.676584 0.40237 0.666195 0.422641 0.669852 0.407956 0.661354 0.43709 0.672004 0.416931 0.654379 0.44457 0.654579 0.448729 0.653802 0.454459 0.648197 0.456812 0.654651 0.422547 0.658408 0.438459 0.657304 0.426856 0.650957 0.449708 0.676608 0.396502 0.667697 0.416912 0.655817 0.431685 0.667457 0.40066 0.649847 0.440055 0.645971 0.451906 0.66156 0.410906 0.653738 0.433639 0.653599 0.436268 0.662083 0.416961 0.664449 0.394385 0.648045 0.44478 0.667834 0.386715 0.645683 0.427749 0.659419 0.413894 0.646169 0.413448 0.656636 0.394836 0.644072 0.432442 0.647084 0.43076 0.658054 0.38728 0.649338 0.404957 0.639671 0.434522 0.655849 0.390533 0.653345 0.388353 0.637835 0.416253 0.642469 0.404959 0.651929 0.385105 0.649125 0.391111 0.65391 0.381199 0.654119 0.369 0.650881 0.36357 0.646668 0.387382 0.647167 0.381464 0.637845 0.359479 0.642299 0.337955 0.636611 0.330502 0.189328 0.145606 0.186667 0.123194 0.189423 0.124801 0.193632 0.148066 0.186675 0.103113 0.181786 0.106654 0.18127 0.0920733 0.176372 0.0944838 0.178595 0.129382 0.176065 0.0845138 0.170633 0.104173 0.16002 0.0655068 0.164004 0.0506248 0.1709 0.0657443 0.155507 0.0513203 0.164317 0.0801842 0.148846 0.0588594 0.163705 0.0884304 0.157699 0.0775791 0.164044 0.0935137 0.160312 0.0989415 0.149812 0.0854663 0.157551 0.094727 0.210018 0.266799 0.214349 0.269619 0.204451 0.273356 0.209346 0.277711 0.215479 0.239096 0.210381 0.252894 0.207379 0.240301 0.20505 0.266979 0.198754 0.275255 0.200254 0.281145 0.186633 0.280562 0.192824 0.283006 0.201889 0.263406 0.197453 0.262719 0.183614 0.280804 0.198786 0.242782 0.188212 0.289379 0.203225 0.28601 0.196481 0.289938 0.198776 0.293346 0.191023 0.293598 0.190603 0.234073 0.182851 0.24054 0.181629 0.256897 0.174009 0.267477 0.173884 0.254136 0.163694 0.266743 0.167801 0.264375 0.168321 0.239147 0.147802 0.254169 0.15191 0.294195 0.15016 0.269342 0.155997 0.252327 0.138951 0.282597 0.120507 0.291414 0.124258 0.292259 0.128785 0.30226 0.11732 0.31255 0.12932 0.261179 0.122278 0.283718 0.104132 0.304044 0.127401 0.245849 0.100376 0.287118 0.123719 0.271683 0.112742 0.280152 0.118286 0.274548 0.0998665 0.299943 0.113869 0.265335 0.10635 0.26912 0.0956342 0.28868 0.0915793 0.296337 0.106157 0.249808 0.0816728 0.289272 0.0852545 0.304939 0.0894869 0.279483 0.0907698 0.26579 0.105514 0.26412 0.0781913 0.30045 0.0836617 0.281468 0.0728903 0.296761 0.0736474 0.288507 0.0876938 0.273588 0.0637301 0.304054 0.0670945 0.289872 0.0750351 0.278781 0.0773942 0.274597 0.0866089 0.258468 0.056749 0.295023 0.0636279 0.284068 0.0794848 0.25958 0.0659959 0.276653 0.0743365 0.266596 0.0596843 0.280849 0.0535247 0.289894 0.0658658 0.266611 0.0434314 0.283705 0.0545866 0.273055 0.042182 0.298412 0.0339712 0.29818 0.032308 0.291496 0.0430462 0.277753 0.0509178 0.269248 0.0305032 0.288433 0.0228955 0.293329 0.0324246 0.281469 0.0448856 0.269608 0.0257215 0.286967 0.0199859 0.290387 0.026518 0.284062 0.0321227 0.278033 0.0183058 0.291498 0.0239708 0.279879 0.0173159 0.287776 0.016751 0.283759 0.00684728 0.294564 0.0275148 0.273597 0.00440925 0.291606 0.0167009 0.274862 0.0113144 0.280679 0.00167167 0.286847 0.000797614 0.289293 0.0107288 0.275673 0.00178809 0.282537 0.154731 0.0200116 0.165611 0.0247394 0.159053 0.0364626 0.150573 0.00918843 0.152994 0.0249264 0.147824 0.0262383 0.144267 0 0.144929 0.0423219 0.138956 0.0230993 0.134269 0.00990393 0.146835 0.0485407 0.138782 0.0356309 0.146674 0.0736269 0.1341 0.0438375 0.142756 0.0617035 0.127758 0.019441 0.134624 0.0292581 0.134489 0.0375187 0.13704 0.0496231 0.127674 0.0353839 0.12991 0.0419513 0.13835 0.0691273 0.131918 0.0649815 0.135759 0.0797811 0.127842 0.0495448 0.124628 0.0534419 0.128637 0.0593476 0.123379 0.0427423 0.132934 0.0731238 0.118801 0.0367737 0.11591 0.0443429 0.122517 0.0721071 0.126868 0.0769473 0.108898 0.0407772 0.117366 0.0534684 0.11214 0.0477052 0.11274 0.0600277 0.108043 0.0717408 0.122133 0.0768911 0.116061 0.0788978 0.100013 0.0605351 0.102502 0.0783004 0.0963866 0.0700005 0.217596 0.207283 0.20941 0.211118 0.202646 0.220419 0.203672 0.18816 0.210141 0.191214 0.194698 0.176756 0.20352 0.156122 0.195009 0.214209 0.187294 0.212447 0.187646 0.191985 0.188694 0.169934 0.178187 0.145864 0.174513 0.210134 0.177779 0.183916 0.171358 0.176802 0.145457 0.241812 0.168527 0.195274 0.16707 0.110484 0.171034 0.141068 0.168625 0.126241 0.170408 0.15905 0.164194 0.221652 0.162994 0.233102 0.16929 0.182558 0.168033 0.142889 0.167285 0.177491 0.15233 0.112407 0.163147 0.118151 0.161495 0.201776 0.161027 0.133082 0.155116 0.15027 0.163543 0.163421 0.161955 0.179074 0.139813 0.0946489 0.156455 0.213177 0.16017 0.168222 0.148196 0.187651 0.155172 0.200696 0.1592 0.1366 0.153331 0.180484 0.154945 0.127082 0.144255 0.247795 0.143775 0.102628 0.153043 0.205849 0.143918 0.226378 0.156783 0.15869 0.151107 0.176566 0.148132 0.119895 0.151293 0.135914 0.15141 0.168488 0.148046 0.0972239 0.147144 0.216196 0.151174 0.163007 0.147202 0.158677 0.124495 0.226796 0.146549 0.21046 0.133775 0.243226 0.147474 0.180879 0.144169 0.20352 0.148205 0.129655 0.14027 0.166609 0.135879 0.213089 0.121977 0.114758 0.13212 0.117005 0.139887 0.122066 0.144323 0.138267 0.142238 0.151099 0.144726 0.16231 0.137176 0.190831 0.12543 0.0882823 0.140354 0.127475 0.136972 0.0999212 0.134461 0.204066 0.137749 0.132499 0.139715 0.155541 0.121395 0.233109 0.121584 0.19705 0.118638 0.107699 0.120604 0.237403 0.131421 0.209037 0.130921 0.14693 0.137409 0.173154 0.123822 0.21964 0.114148 0.239587 0.129155 0.180264 0.119301 0.0867195 0.128536 0.187294 0.114253 0.22055 0.134859 0.127596 0.128444 0.150334 0.125744 0.155712 0.121532 0.102983 0.105385 0.0934355 0.123756 0.212665 0.129955 0.163949 0.11198 0.100826 0.122802 0.13952 0.130308 0.169942 0.125121 0.176556 0.120288 0.207336 0.107191 0.232281 0.12215 0.121295 0.0960304 0.253165 0.123868 0.130006 0.104046 0.225775 0.122422 0.148787 0.123717 0.164579 0.120903 0.182256 0.120913 0.171944 0.112333 0.199211 0.116541 0.182962 0.104688 0.0866316 0.118147 0.125548 0.116696 0.158031 0.120018 0.159148 0.1186 0.178631 0.112257 0.206929 0.110801 0.121227 0.0981618 0.233559 0.10178 0.211201 0.112249 0.134433 0.113437 0.175926 0.107078 0.193844 0.111843 0.175084 0.0894017 0.242855 0.102275 0.106913 0.111347 0.153256 0.0902411 0.219023 0.0849608 0.232912 0.0889651 0.224679 0.100193 0.101935 0.0861127 0.230167 0.0811484 0.237071 0.0979428 0.0866573 0.100896 0.13358 0.100255 0.150161 0.104601 0.175651 0.107108 0.157932 0.0964769 0.195189 0.0913211 0.213928 0.102186 0.111912 0.0979255 0.0955099 0.0722667 0.251328 0.101359 0.119223 0.0962361 0.10843 0.0957698 0.106134 0.0979346 0.11206 0.0822243 0.222395 0.0828671 0.227519 0.0985812 0.116248 0.0971747 0.102357 0.0808364 0.23212 0.0804828 0.22515 0.0866874 0.216753 0.085073 0.220101 0.0955369 0.111152 0.0933907 0.109349 0.0791799 0.222594 0.0922582 0.106269 0.0875473 0.205416 0.0899035 0.0782111 0.096103 0.0938751 0.0792543 0.227774 0.0875264 0.212051 0.0854625 0.213747 0.0831051 0.218567 0.0642411 0.261463 0.0919075 0.107652 0.0949399 0.0963818 0.0946568 0.101905 0.0980499 0.17505 0.0802194 0.220743 0.0779402 0.22264 0.0976474 0.119712 0.0924385 0.104386 0.0803058 0.219366 0.0921384 0.110254 0.0957374 0.117892 0.0900131 0.0871321 0.0926278 0.0978298 0.0964234 0.123183 0.0746958 0.23845 0.076444 0.232301 0.0923805 0.112326 0.0940342 0.114029 0.0786503 0.219195 0.0776181 0.220711 0.0771604 0.224413 0.0923429 0.18761 0.0957689 0.153238 0.0965006 0.137852 0.0772064 0.22673 0.0828322 0.214061 0.0805916 0.2153 0.0785912 0.217477 0.0588953 0.261173 0.0891801 0.105216 0.0901669 0.109069 0.0936129 0.170966 0.0904255 0.11085 0.0934261 0.119944 0.0840406 0.206088 0.0836113 0.208741 0.0901869 0.102952 0.0913098 0.093976 0.066884 0.246388 0.072222 0.237018 0.0727325 0.235279 0.0740487 0.222716 0.0930312 0.124778 0.0907946 0.115622 0.0908055 0.122366 0.0858563 0.19356 0.0917986 0.130518 0.0493863 0.26434 0.0904401 0.10053 0.0887878 0.114022 0.0739157 0.228485 0.0769141 0.214929 0.0882253 0.0942938 0.0896055 0.0903422 0.0902668 0.155997 0.0887216 0.164022 0.0883105 0.118349 0.0601107 0.253727 0.0884617 0.174013 0.0713192 0.232972 0.079841 0.209789 0.0797913 0.21229 0.0757571 0.216567 0.0740058 0.220936 0.0841715 0.19779 0.081502 0.203621 0.0882313 0.0985333 0.0875899 0.106232 0.0909477 0.137318 0.068475 0.241345 0.087593 0.112947 0.0738801 0.217217 0.0853143 0.164533 0.089394 0.123606 0.0715863 0.225913 0.0741016 0.218459 0.0724082 0.224291 0.0839438 0.192585 0.0836872 0.185116 0.0869377 0.102745 0.0865213 0.0969038 0.0869674 0.107773 0.0897112 0.127611 0.0881819 0.129065 0.066632 0.236305 0.0883705 0.138017 0.0423793 0.268461 0.0871379 0.148876 0.0863364 0.157472 0.08528 0.112067 0.0804184 0.199011 0.0515628 0.257177 0.0590773 0.248716 0.0699047 0.235257 0.0835041 0.174062 0.0830199 0.16685 0.0867722 0.109581 0.0848831 0.142429 0.0854396 0.130878 0.061051 0.239875 0.0779833 0.204807 0.0760336 0.208914 0.0321182 0.270818 0.0419795 0.256797 0.0808148 0.15246 0.0777577 0.1601 0.0782699 0.171735 0.0684106 0.229179 0.0862119 0.119671 0.0686745 0.222931 0.0778273 0.196772 0.0402701 0.265123 0.0520154 0.24806 0.0732895 0.191514 0.0633463 0.235086 0.0683792 0.226871 0.0717394 0.215619 0.0469182 0.250188 0.0841438 0.102325 0.05398 0.244417 0.079241 0.139288 0.0833499 0.123657 0.0722779 0.212137 0.069886 0.220482 0.0333257 0.263849 0.0649822 0.225193 0.076064 0.179332 0.0731796 0.20248 0.0697022 0.217164 0.0821133 0.111001 0.081972 0.103787 0.0580493 0.235596 0.0735086 0.139571 0.0809313 0.107517 0.0766589 0.131103 0.0686401 0.176618 0.0713116 0.14548 0.0692343 0.153275 0.0677264 0.172832 0.0794415 0.120314 0.0233876 0.269797 0.0374217 0.249338 0.0681193 0.215617 0.0519575 0.237861 0.0567807 0.231967 0.0681485 0.205837 0.0678314 0.193247 0.0429282 0.244245 0.0669626 0.220509 0.0690363 0.213279 0.0611365 0.171103 0.0793413 0.115323 0.0815541 0.0988918 0.0788049 0.107705 0.0297728 0.257184 0.0260269 0.261557 0.0588375 0.226561 0.0200595 0.267489 0.0796733 0.0993405 0.076911 0.103092 0.074316 0.125161 0.0653429 0.216171 0.0643413 0.218936 0.06601 0.202278 0.0483426 0.234213 0.0671676 0.134831 0.0604795 0.223406 0.063971 0.182326 0.0346983 0.243485 0.0667316 0.208681 0.0657609 0.21256 0.059237 0.159115 0.0775468 0.11074 0.0766132 0.116066 0.073633 0.120002 0.0560487 0.226672 0.0634966 0.146612 0.0619878 0.199856 0.0250556 0.255438 0.0777437 0.0944766 0.0692732 0.124413 0.0589352 0.152732 0.0573854 0.167084 0.0638479 0.216653 0.0286925 0.248517 0.0414376 0.235069 0.0627069 0.217662 0.0128941 0.267706 0.0749462 0.109903 0.0548059 0.184198 0.0256594 0.252079 0.0518208 0.225937 0.0731173 0.10179 0.074404 0.102499 0.0621916 0.209422 0.06322 0.211859 0.0608155 0.137089 0.0712231 0.114875 0.051632 0.174501 0.021032 0.252549 0.0286372 0.241358 0.058221 0.218877 0.0611864 0.217258 0.0522591 0.158892 0.0101717 0.26485 0.0741202 0.109662 0.0597386 0.132733 0.034798 0.236039 0.0484575 0.225012 0.0579547 0.200068 0.054693 0.140506 0.0623721 0.122084 0.0513916 0.0996743 0.0564937 0.114683 0.0496384 0.113517 0.0449422 0.192005 0.0626578 0.104534 0.0706992 0.108432 0.0550045 0.201641 0.0439039 0.110814 0.0501655 0.217926 0.0378773 0.224629 0.0392492 0.212255 0.0524584 0.127831 0.0579358 0.216126 0.0606992 0.211314 0.015351 0.254317 0.0508315 0.209081 0.0263977 0.233949 0.0314604 0.218838 0.0439266 0.207477 0.0344899 0.206545 0.0441098 0.131592 0.0427944 0.151398 0.0368203 0.192357 0.0195012 0.244524 0.0414 0.169391 0.0318431 0.182896 0.0373517 0.133565 0.0355365 0.150509 0.0210645 0.233518 0.0241167 0.224669 0.0368109 0.116232 0.0287786 0.199392 0.0258559 0.215826 0.0335844 0.168873 0.0299141 0.171595 0.0283365 0.186192 0.0258089 0.199219 0.0341626 0.126498 0.0330956 0.141572 0.0317076 0.15434 0.0226515 0.217177 0.0198051 0.230293 0.022388 0.190242 0.0247768 0.168095 0.0268724 0.14268 0.0181759 0.217293 0.0280494 0.120053 0.0200071 0.203325 0.0157912 0.204672 0.0192384 0.164905 0.0160595 0.179287 0.0159362 0.1863 0.0214357 0.123784 0.0200239 0.145736 0.00916356 0.193816 0.00996903 0.208158 0.0144549 0.137692 0.00117566 0.182786 0.00932044 0.167014 0 0.149841 0.690213 0.0147548 0.690081 0.0118196 0.700016 0.0144592 0.685756 0.0101215 0.685122 0.0130791 0.680749 0.0143514 0.679554 0.00987267 0.682675 0.0130788 0.683939 0.0155205 0.677762 0.012884 0.682172 0.0163472 0.680289 0.0165666 0.678057 0.0163307 0.689384 0.017158 0.688675 0.0185761 0.68573 0.0186953 0.683302 0.0183886 0.680244 0.0182859 0.678113 0.0189711 0.676789 0.0171819 0.675447 0.0191472 0.674675 0.0221162 0.670327 0.0226406 0.683303 0.0197742 0.678361 0.0199371 0.683061 0.0206089 0.678556 0.0208367 0.949854 0.224433 0.934413 0.195528 0.946183 0.183455 0.918922 0.232473 0.98344 0.161575 0.909825 0.132697 0.897671 0.201572 0.89864 0.176577 0.892423 0.217449 0.891442 0.154994 0.887231 0.113334 0.843974 0.129246 0.874943 0.0775786 0.90162 0.0883879 0.866828 0.0989026 0.865288 0.15897 0.861025 0.206147 0.867357 0.188828 0.895628 0.0572002 0.844386 0.0748633 0.850646 0.164233 0.841519 0.16789 0.853024 0.223576 0.83789 0.188157 0.867649 0.0577226 0.820007 0.215761 0.840364 0.102973 0.829464 0.244124 0.820157 0.0709172 0.831189 0.149309 0.807151 0.218742 0.80364 0.0583635 0.820836 0.0471264 0.820394 0.0564493 0.827028 0.173828 0.811788 0.0461798 0.816078 0.0871881 0.81893 0.149845 0.821915 0.162039 0.819197 0.113819 0.808785 0.19055 0.783581 0.0614642 0.783373 0.0506267 0.830085 0.0232068 0.785908 0.0398025 0.793712 0.0774081 0.783699 0.225127 0.805188 0.101889 0.759651 0.00986858 0.773601 0.0250242 0.753553 0.0165529 0.75495 0.0108511 0.750208 0.00748159 0.734063 0 0.80555 0.144387 0.790735 0.188768 0.788608 0.0686455 0.756642 0.0303808 0.769291 0.0428263 0.746628 0.0236795 0.787809 0.0799787 0.781305 0.0761496 0.777463 0.051685 0.729364 0.0112981 0.77862 0.0717731 0.789328 0.0865063 0.794146 0.0909891 0.780236 0.0576708 0.778623 0.0785877 0.78387 0.0813905 0.775974 0.0560055 0.791686 0.145197 0.795312 0.121119 0.777297 0.0763133 0.774986 0.0724687 0.778785 0.186921 0.758415 0.221642 0.774944 0.0588703 0.778957 0.0614321 0.769893 0.0516032 0.75634 0.0372467 0.776247 0.0715289 0.779568 0.083323 0.758571 0.204144 0.774652 0.0701526 0.774817 0.0630772 0.784341 0.0925535 0.770856 0.054376 0.788088 0.096024 0.772185 0.177977 0.732239 0.0186975 0.775552 0.0803596 0.712152 0.00689705 0.781581 0.0890119 0.774051 0.0767277 0.739785 0.231604 0.780514 0.147336 0.787873 0.112131 0.738661 0.0288515 0.765581 0.165622 0.772403 0.0782834 0.770905 0.068604 0.776206 0.0956322 0.764493 0.0604665 0.765276 0.0527533 0.758866 0.0449817 0.781838 0.098973 0.768551 0.0745202 0.760539 0.176147 0.746679 0.202544 0.733408 0.220676 0.714934 0.0134302 0.726654 0.0225639 0.76918 0.0643542 0.782102 0.120478 0.732418 0.0250758 0.705466 0.010217 0.749716 0.0398312 0.780756 0.108508 0.776641 0.125615 0.77155 0.153844 0.725618 0.219078 0.775943 0.0857642 0.772742 0.091065 0.767884 0.0721232 0.760304 0.0588758 0.759596 0.0500853 0.769307 0.0784591 0.729572 0.0275702 0.759322 0.161936 0.751836 0.181057 0.772397 0.0859942 0.756049 0.0485369 0.776199 0.110732 0.737653 0.034419 0.765391 0.155386 0.767312 0.14717 0.720086 0.0213093 0.70985 0.0153192 0.733375 0.205615 0.765427 0.0672282 0.761804 0.0553681 0.777505 0.0988987 0.699421 0.0104241 0.752999 0.0517088 0.74416 0.0424897 0.743523 0.174578 0.735842 0.185726 0.773379 0.100776 0.770297 0.116082 0.769468 0.085397 0.719698 0.0271294 0.706357 0.018059 0.747919 0.152071 0.722934 0.0337243 0.762777 0.0681592 0.770754 0.0940369 0.76915 0.103954 0.746821 0.0469908 0.732739 0.0365374 0.758188 0.143299 0.723495 0.190938 0.759082 0.128084 0.75371 0.134876 0.743031 0.0469289 0.765192 0.077723 0.756016 0.0662194 0.763984 0.108117 0.73683 0.0442218 0.740077 0.16587 0.763166 0.074862 0.712263 0.0247368 0.763412 0.0721506 0.748634 0.055409 0.763535 0.0825726 0.76524 0.0855346 0.734395 0.18205 0.732442 0.0430495 0.729232 0.0403338 0.715835 0.0284259 0.6994 0.0188461 0.74416 0.0552433 0.713294 0.0339968 0.724096 0.171742 0.756871 0.0719574 0.694545 0.0197832 0.747053 0.0610117 0.759822 0.100215 0.756226 0.11167 0.725637 0.161841 0.759421 0.0749531 0.701319 0.0226004 0.724031 0.0461073 0.73818 0.133317 0.746843 0.130098 0.710172 0.0335562 0.705938 0.0273329 0.697638 0.0223442 0.758476 0.0805547 0.72351 0.14375 0.736269 0.0519231 0.761391 0.0836993 0.753727 0.0729833 0.714354 0.0429974 0.74872 0.0660853 0.7284 0.0495609 0.755614 0.0768819 0.743367 0.0645386 0.731442 0.0588168 0.756603 0.0989281 0.697103 0.0295664 0.693105 0.0231979 0.75709 0.0842429 0.707682 0.0383848 0.747172 0.0671369 0.757318 0.0899698 0.750102 0.104652 0.743741 0.116031 0.719433 0.152778 0.755221 0.0963344 0.717728 0.0482756 0.689644 0.0211176 0.753658 0.0776448 0.755667 0.0843934 0.72859 0.132842 0.754329 0.0891272 0.721307 0.0549831 0.710228 0.0424457 0.688099 0.02235 0.747385 0.0724586 0.743893 0.104468 0.753814 0.0842333 0.74686 0.0962722 0.728287 0.123554 0.719768 0.131631 0.733727 0.0669371 0.710956 0.0505514 0.698218 0.0358219 0.692119 0.0300181 0.686987 0.024964 0.752101 0.086257 0.752202 0.078446 0.747995 0.0757662 0.738081 0.105867 0.749732 0.0788205 0.721145 0.0622009 0.72651 0.0726965 0.701985 0.0423274 0.692508 0.0384115 0.685771 0.035808 0.684584 0.0273793 0.746657 0.0806065 0.736613 0.0835157 0.678743 0.0273798 0.728561 0.0820694 0.741145 0.0971287 0.733446 0.0932333 0.730246 0.101856 0.727557 0.0859203 0.718674 0.109061 0.744088 0.0897761 0.712475 0.0618137 0.701776 0.050385 0.681004 0.0413212 0.720808 0.0938417 0.718696 0.0770362 0.710537 0.125349 0.689534 0.0438846 0.714778 0.0841906 0.698433 0.0531728 0.714984 0.0929684 0.709606 0.0665488 0.706755 0.118 0.689061 0.0482231 0.712614 0.105765 0.695722 0.054288 0.689644 0.0508391 0.712156 0.0858652 0.683122 0.047862 0.709902 0.103642 0.712407 0.0936482 0.701141 0.0592466 0.709133 0.0723863 0.700778 0.120715 0.709402 0.0945085 0.695407 0.0577673 0.684043 0.0502558 0.707724 0.0801829 0.702398 0.0664603 0.6866 0.0536538 0.706117 0.0905619 0.702606 0.0736267 0.690228 0.0572828 0.70221 0.103666 0.697792 0.0673346 0.704453 0.0814286 0.687879 0.0600231 0.700429 0.087192 0.700857 0.0964596 0.697367 0.0984461 0.698814 0.0785063 0.6907 0.0720555 0.693834 0.0787254 0.686982 0.067248 0.693534 0.0864226 0.690382 0.0790847 0.688947 0.0752683 0.688857 0.0845517 0.686131 0.072847 0.687305 0.0884422 0.687398 0.0762515 0.687135 0.080264 0.682711 0.0713637 0.685502 0.0784323 0.686091 0.0860775 0.682964 0.0766364 0.72816 0.242725 0.726731 0.226019 0.711974 0.231623 0.70887 0.218981 0.700496 0.231669 0.714128 0.201444 0.676553 0.237895 0.709907 0.189891 0.685265 0.218769 0.700961 0.19663 0.675553 0.221772 0.683828 0.207183 0.709753 0.161941 0.668862 0.22029 0.689425 0.186479 0.675575 0.204974 0.668706 0.0270324 0.70797 0.149854 0.697009 0.164498 0.676065 0.0240428 0.671887 0.19273 0.669941 0.0288486 0.651901 0.21678 0.686902 0.159818 0.675137 0.181221 0.668753 0.163116 0.676948 0.0354798 0.655383 0.188582 0.70158 0.141538 0.67295 0.0303414 0.669839 0.0353724 0.66391 0.0349424 0.69471 0.141467 0.66935 0.148647 0.656544 0.148871 0.642612 0.164163 0.672931 0.0397526 0.665236 0.0396611 0.656202 0.0401257 0.669755 0.140569 0.661626 0.0409061 0.691458 0.133861 0.650503 0.139132 0.672169 0.0413031 0.660587 0.043628 0.648616 0.0462027 0.679785 0.0448188 0.665821 0.0435918 0.653668 0.0463564 0.67367 0.0437802 0.677557 0.0461708 0.65587 0.13685 0.687703 0.131616 0.670594 0.136647 0.639592 0.133863 0.659355 0.0455817 0.667609 0.0453369 0.646884 0.0486903 0.701857 0.112385 0.6846 0.127601 0.675865 0.127803 0.660325 0.131511 0.645808 0.128516 0.674453 0.0479692 0.661653 0.0473215 0.649672 0.0502243 0.689524 0.12203 0.639451 0.0563952 0.667145 0.0497314 0.655504 0.12685 0.655513 0.0510757 0.646599 0.0547605 0.682912 0.0534105 0.674081 0.0507062 0.695592 0.111487 0.64471 0.121692 0.634914 0.0639493 0.671021 0.121979 0.655717 0.0539343 0.64847 0.0568449 0.638992 0.0638327 0.664653 0.0537006 0.687152 0.113636 0.679833 0.0565311 0.640078 0.0679975 0.649684 0.0586451 0.673735 0.0543724 0.662425 0.12023 0.638254 0.111448 0.635737 0.0728161 0.657268 0.0556732 0.661358 0.0588143 0.632021 0.0900502 0.6399 0.0866993 0.64026 0.0921288 0.638439 0.0807039 0.676345 0.111627 0.664081 0.113722 0.668908 0.111851 0.654813 0.111034 0.682504 0.0635047 0.645489 0.107071 0.640493 0.0980979 0.674312 0.059054 0.667837 0.0581589 0.688949 0.103864 0.681639 0.10943 0.693164 0.0944556 0.646344 0.10238 0.654693 0.0617205 0.688049 0.0962995 0.682547 0.102301 0.67461 0.10671 0.642949 0.0726033 0.647542 0.0646781 0.670205 0.107774 0.660441 0.108874 0.652904 0.104129 0.670818 0.0624736 0.648465 0.0687566 0.645935 0.0811525 0.654505 0.0659492 0.678107 0.065113 0.677543 0.102748 0.644981 0.0975987 0.667587 0.105657 0.658827 0.0647621 0.645811 0.0872305 0.646603 0.0767123 0.667857 0.0628443 0.681883 0.0685323 0.674618 0.0639558 0.6643 0.0630691 0.659917 0.103882 0.648601 0.0948082 0.654129 0.0679546 0.651523 0.098557 0.649526 0.0722851 0.685538 0.0940298 0.68038 0.0990864 0.672902 0.10383 0.683838 0.0914978 0.667629 0.102204 0.674372 0.100053 0.676729 0.0673466 0.665149 0.0659169 0.65945 0.0680406 0.66983 0.0652794 0.65749 0.100008 0.654675 0.0709365 0.652683 0.0957956 0.650991 0.0925675 0.648589 0.0855615 0.65084 0.0764489 0.684613 0.08585 0.662169 0.0990673 0.684887 0.081533 0.679555 0.0962972 0.680385 0.0714585 0.649994 0.0826387 0.675814 0.0688414 0.671263 0.0673077 0.650949 0.0888353 0.655342 0.0961986 0.662957 0.0688432 0.682128 0.0895223 0.651725 0.0780338 0.657079 0.0723371 0.65964 0.0971417 0.678328 0.0943954 0.66725 0.0678416 0.682791 0.0810843 0.6546 0.075634 0.682085 0.0865978 0.679142 0.0725491 0.67356 0.0968921 0.667659 0.0989272 0.654772 0.0923409 0.652471 0.0862167 0.652408 0.081374 0.674573 0.0699833 0.664643 0.0711753 0.677249 0.0894773 0.669118 0.0959916 0.665231 0.0970418 0.679374 0.0783929 0.679465 0.0844779 0.671363 0.0715954 0.675324 0.0728507 0.660332 0.0730826 0.659722 0.0948605 0.667376 0.0708704 0.677426 0.0801338 0.657393 0.0779708 0.674508 0.0916436 0.671012 0.0943291 0.675402 0.0878179 0.676352 0.0768049 0.673654 0.0738951 0.665006 0.0944152 0.65889 0.0906939 0.65729 0.0894392 0.656865 0.087106 0.655411 0.08384 0.676914 0.084364 0.660548 0.0759896 0.665087 0.0732335 0.662369 0.0928598 0.673597 0.0898775 0.661782 0.0740338 0.667988 0.0930682 0.65677 0.0855438 0.657647 0.0815895 0.659706 0.0774905 0.671282 0.0915815 0.657656 0.0854699 0.668779 0.0728637 0.66508 0.0924357 0.673963 0.0754198 0.660935 0.0906874 0.67138 0.0744585 0.666024 0.075167 0.674711 0.078836 0.672122 0.0883443 0.660457 0.0806655 0.663609 0.0756155 0.673679 0.0851619 0.674982 0.0835795 0.661831 0.0782181 0.664469 0.0908273 0.675068 0.0811253 0.65964 0.0831122 0.673643 0.0768244 0.660136 0.0880858 0.659225 0.0856427 0.669608 0.0900046 0.666973 0.0907557 0.671889 0.0758663 0.672558 0.0862243 0.662246 0.0897344 0.670046 0.075049 0.669101 0.0751718 0.674404 0.0821929 0.668147 0.0749687 0.674383 0.0798603 0.670464 0.0887137 0.660529 0.0864996 0.667035 0.0754495 0.671321 0.075659 0.672258 0.0869881 0.670643 0.0753313 0.665866 0.0903193 0.665185 0.0762327 0.664014 0.0766963 0.6634 0.0897754 0.661562 0.0796838 0.661644 0.0886257 0.660538 0.0820268 0.661055 0.08777 0.673647 0.0778765 0.660146 0.0844811 0.67292 0.0767324 0.668289 0.0898995 0.672331 0.076303 0.674107 0.0834964 0.66325 0.0779371 0.672026 0.0841937 0.660782 0.0856407 0.667389 0.0767055 0.66447 0.0774498 0.662681 0.0791232 0.672671 0.0774956 0.662582 0.0806038 0.665561 0.0885645 0.666206 0.0762388 0.670563 0.0765439 0.664577 0.0897209 0.668952 0.0764145 0.672832 0.0818622 0.670685 0.0859256 0.672832 0.0800752 0.662584 0.0877977 0.671738 0.0772334 0.661623 0.0864823 0.661628 0.0845557 0.660986 0.0834221 0.661981 0.082302 0.665769 0.0776651 0.672522 0.0784821 0.664334 0.0788207 0.669555 0.0875525 0.670632 0.0822268 0.663604 0.0886416 0.670981 0.0795596 0.667674 0.087402 0.665017 0.0803037 0.669842 0.0774782 0.663343 0.0865564 0.663201 0.0853983 0.664227 0.0828567 0.671108 0.0807088 0.663841 0.0870382 0.668098 0.0850638 0.664736 0.0873335 0.667114 0.0790403 0.668292 0.0782405 0.670861 0.0784404 0.663534 0.0839645 0.669335 0.0836277 0.665115 0.0813822 0.666128 0.0868452 0.669244 0.0780688 0.666009 0.0802389 0.664958 0.0869097 0.666687 0.0853654 0.664315 0.0870274 0.667896 0.0838232 0.663637 0.0861592 0.66378 0.0851832 0.667527 0.079545 0.668638 0.0789876 0.663958 0.0867254 0.666423 0.0815211 0.665033 0.0859704 0.666921 0.083471 0.663978 0.0864674 0.664234 0.0855467 0.66718 0.0811784 0.664622 0.0846636 0.665593 0.08499 0.664621 0.0855175 0.666793 0.0842094 0.665396 0.0849305 0.663365 0.0859327 0.66368 0.0863518 0.663882 0.0866515 0.666584 0.0825758 0.66717 0.0828204 0.664429 0.0862481 0.663713 0.0865709 0.663931 0.08672 0.665685 0.0854968 0.664822 0.086648 0.664008 0.0851712 0.664375 0.0868939 0.665523 0.0864988 0.663155 0.0866988 0.663813 0.0881198 0.664902 0.0872133 0.661884 0.0865887 0.661528 0.0856381 0.670318 0.0810475 0.670017 0.0779293 0.669369 0.0822888 0.670505 0.0792885 0.670233 0.0783553 0.668635 0.0801953 0.669976 0.0788624 0.669962 0.0784667 0.669877 0.0784398 0.669459 0.0792533 0.668724 0.0794117 0.668232 0.0798497 0.667647 0.0821388 0.669444 0.0788793 0.668858 0.0796962 0.66821 0.0810254 0.666808 0.0814896 0.669689 0.0784115 0.669482 0.0791932 0.66702 0.0801156 0.668189 0.0795916 0.66901 0.0789159 0.667865 0.0827328 0.665802 0.0824203 0.665035 0.0841286 0.668598 0.0813447 0.669225 0.079988 0.669408 0.0782412 0.669921 0.0783456 0.670153 0.0784875 0.669647 0.0796046 0.6691 0.0810764 0.664579 0.0832088 0.670028 0.0803873 0.669032 0.0824106 0.668608 0.0781771 0.669624 0.0778746 0.66769 0.0850596 0.667949 0.0789418 0.664228 0.0815929 0.669043 0.0778842 0.669354 0.0780397 0.670432 0.078862 0.66589 0.0796118 0.663506 0.0826258 0.663558 0.0829164 0.663107 0.0832105 0.669678 0.0817621 0.669201 0.0777059 0.666551 0.0788937 0.670313 0.0784013 0.669842 0.0813486 0.664605 0.0873457 0.665265 0.0872547 0.664454 0.0792126 0.661927 0.0838162 0.671074 0.0792444 0.670721 0.0798086 0.66897 0.0775414 0.66482 0.0874423 0.663147 0.0811462 0.667717 0.0867056 0.669573 0.0847509 0.668298 0.0856561 0.662985 0.0824893 0.670255 0.0815803 0.66966 0.0771007 0.670368 0.077004 0.670797 0.0785877 0.665629 0.0784615 0.671029 0.0808609 0.67072 0.0824272 0.668387 0.0768226 0.671185 0.0782734 0.662254 0.08191 0.666042 0.0878112 0.661992 0.0878736 0.667201 0.0765796 0.66491 0.0781523 0.664105 0.0885513 0.669166 0.0862048 0.672466 0.0799851 0.664961 0.0770896 0.660869 0.0871426 0.662227 0.078762 0.660412 0.0842147 0.670672 0.0843366 0.667046 0.0881945 0.669027 0.0762258 0.67158 0.0819819 0.665024 0.0892789 0.662371 0.0894618 0.672528 0.0779378 0.65859 0.0812683 0.666668 0.0746384 0.659662 0.087887 0.667788 0.0755408 0.667671 0.0890234 0.671361 0.0761552 0.672187 0.0854411 0.661066 0.0769572 0.66962 0.0745202 0.663315 0.0916273 0.670576 0.0875929 0.673422 0.0836171 0.657423 0.0846252 0.673808 0.0818227 0.669185 0.0893249 0.664465 0.0746015 0.658925 0.0892311 0.673557 0.0794903 0.659487 0.0788985 0.666978 0.0908408 0.670576 0.0892809 0.672948 0.0766278 0.656725 0.0879443 0.67398 0.0782065 0.660621 0.0723259 0.656636 0.0811138 0.656008 0.078285 0.673675 0.0868278 0.668639 0.0908822 0.666506 0.0729043 0.66184 0.0927451 0.658395 0.0905097 0.663854 0.092969 0.666381 0.092317 0.66779 0.0919948 0.657929 0.0941642 0.655603 0.0720148 0.654223 0.086334 0.672451 0.0879433 0.672401 0.0740373 0.670409 0.0911424 0.675735 0.0853821 0.668884 0.0714483 0.653099 0.0822655 0.675439 0.0794936 0.675338 0.0817382 0.67055 0.0734786 0.673487 0.074781 0.662775 0.0710917 0.64931 0.0932291 0.64825 0.069757 0.658577 0.0994962 0.650698 0.0843585 0.667545 0.098799 0.676133 0.0827177 0.677765 0.0873691 0.652641 0.0960573 0.676331 0.0918205 0.664382 0.097932 0.667478 0.0704737 0.67597 0.0884773 0.675152 0.0753206 0.645033 0.0917521 0.67092 0.070095 0.672849 0.0694554 0.673927 0.0974348 0.677223 0.0769678 0.677814 0.0955218 0.681066 0.078917 0.647281 0.0876195 0.678452 0.0841697 0.658275 0.0689065 0.677453 0.0756026 0.680542 0.0817388 0.675591 0.0962472 0.666069 0.0670754 0.660768 0.103376 0.67016 0.0667612 0.671084 0.0998509 0.674742 0.0701614 0.676815 0.0725938 0.645498 0.0706645 0.639233 0.0810535 0.675602 0.0715105 0.661838 0.0636453 0.652998 0.102695 0.678994 0.0863276 0.668054 0.0669118 0.678822 0.0731236 0.680255 0.0845214 0.637637 0.085452 0.680405 0.0827646 0.680725 0.0756046 0.639674 0.0724907 0.685374 0.0898154 0.679448 0.091657 0.639643 0.0998635 0.679122 0.0711931 0.681632 0.0662345 0.620316 0.0820406 0.682484 0.0734227 0.664058 0.0623598 0.667418 0.0620121 0.636175 0.0754368 0.668981 0.0633161 0.686051 0.0880232 0.652143 0.0610788 0.678309 0.0665881 0.671987 0.0608112 0.675747 0.0650759 0.682805 0.0968633 0.684529 0.0853782 0.684331 0.0749305 0.685587 0.0829295 0.661544 0.0576516 0.680351 0.103548 0.642902 0.0591432 0.666294 0.054744 0.684097 0.0699529 0.69055 0.0809537 0.624521 0.0659433 0.689258 0.0782312 0.686105 0.0655901 0.687813 0.0732331 0.61653 0.0753331 0.682 0.0591373 0.612305 0.0686101 0.103836 0.313477 0.102534 0.33728 0.0866044 0.340684 0.0758876 0.341635 0.121499 0.329794 0.120325 0.346898 0.110655 0.357349 0.125386 0.450392 0.101651 0.451211 0.109378 0.447471 0.144858 0.356054 0.137523 0.374004 0.104083 0.394414 0.146726 0.39057 0.116127 0.397482 0.0857465 0.34813 0.147345 0.340034 0.10407 0.375054 0.051585 0.36082 0.0715027 0.317179 0.0619655 0.354812 0.104448 0.437644 0.086962 0.357709 0.110457 0.40863 0.136658 0.421697 0.111019 0.415759 0.129756 0.427648 0.0923822 0.364805 0.0697887 0.356379 0.0968497 0.457132 0.0948427 0.468422 0.0847196 0.450885 0.0852898 0.384456 0.101489 0.387488 0.0172793 0.386849 0.0145392 0.399543 0 0.398155 0.000116515 0.368685 0.024927 0.385111 0.0248692 0.376793 0.0865918 0.469602 0.00821301 0.424111 0.0011252 0.416589 0.0151819 0.410081 0.074776 0.365268 0.0269249 0.397974 0.0216009 0.432238 0.00532996 0.438431 0.0789423 0.38264 0.109479 0.431396 0.100084 0.423087 0.0866899 0.390589 0.0901127 0.405669 0.0661697 0.367788 0.0180594 0.420338 0.0261275 0.423847 0.0276758 0.443414 0.0687688 0.387623 0.0722136 0.455917 0.0647381 0.458327 0.0696136 0.448991 0.0766573 0.446186 0.0886766 0.439224 0.0286288 0.403209 0.0572925 0.379334 0.0856106 0.426148 0.0643921 0.387957 0.0798783 0.4404 0.0839948 0.398763 0.0413736 0.462712 0.0389891 0.452665 0.0455006 0.439399 0.0512389 0.460172 0.0483103 0.442086 0.0303068 0.457688 0.041118 0.438834 0.0792175 0.432136 0.0548345 0.448832 0.0440118 0.368971 0.0519321 0.385847 0.0337295 0.396995 0.0285847 0.41071 0.0381558 0.430468 0.0278468 0.419594 0.0850317 0.419645 0.0365011 0.393278 0.039111 0.389107 0.0335027 0.427869 0.0614479 0.385596 0.0694588 0.39371 0.0893766 0.415362 0.0537219 0.437289 0.0386987 0.378278 0.0559844 0.392556 0.0801983 0.413295 0.0608654 0.435514 0.0576266 0.437643 0.0486557 0.391245 0.0661123 0.435711 0.039881 0.401339 0.0527503 0.394498 0.0468602 0.396909 0.0813177 0.416309 0.071784 0.40886 0.0342169 0.418743 0.0724279 0.396973 0.0752909 0.411246 0.0722184 0.432715 0.0340218 0.420821 0.0702331 0.403915 0.0496233 0.434785 0.0359684 0.405295 0.0764541 0.423083 0.0368825 0.412863 0.0465047 0.400091 0.0578038 0.400713 0.0700264 0.406956 0.0435169 0.434051 0.0688652 0.424389 0.0484945 0.432637 0.0656348 0.428895 0.0630567 0.399824 0.0372132 0.41772 0.065379 0.401565 0.0422201 0.42094 0.0428548 0.426215 0.0754468 0.418486 0.0440652 0.405069 0.0506605 0.432167 0.0555649 0.43178 0.0501974 0.396637 0.0606496 0.399251 0.0447958 0.402875 0.0625091 0.430739 0.0655514 0.404339 0.0404701 0.407721 0.0521316 0.430701 0.0483276 0.42803 0.0558541 0.399678 0.0720713 0.41449 0.0535754 0.399896 0.0587416 0.427152 0.0427571 0.409224 0.0489907 0.401796 0.0517289 0.403338 0.0426175 0.415371 0.0415901 0.417802 0.0505005 0.430212 0.0695521 0.414287 0.0648935 0.421872 0.0667732 0.42017 0.0452524 0.409078 0.0498455 0.407086 0.0457135 0.420712 0.0479064 0.423319 0.0682169 0.412858 0.0688004 0.415812 0.0702591 0.418091 0.0441111 0.413415 0.0509808 0.428227 0.0555874 0.426339 0.0485933 0.407903 0.0544463 0.42618 0.0649149 0.409852 0.0603783 0.427068 0.0616121 0.42516 0.0581998 0.405909 0.0667852 0.414483 0.0446074 0.418528 0.0662812 0.411272 0.0524643 0.425076 0.0448515 0.417102 0.0537404 0.405914 0.0644784 0.408288 0.0483235 0.409677 0.0508667 0.405912 0.06025 0.407259 0.065813 0.413223 0.0556351 0.405776 0.0494073 0.422273 0.0657362 0.41733 0.0648263 0.411461 0.0619715 0.409457 0.0527356 0.408046 0.0591623 0.424759 0.0474004 0.41228 0.048524 0.420593 0.0469295 0.414936 0.0634465 0.418267 0.0606442 0.408432 0.0548374 0.423711 0.056957 0.424689 0.0588139 0.423388 0.0601574 0.422303 0.0630644 0.414876 0.0619278 0.417221 0.0517487 0.408289 0.0629278 0.413507 0.0485549 0.418066 0.0581381 0.409435 0.0490397 0.412177 0.0618224 0.420859 0.0616471 0.419463 0.0552612 0.408395 0.0589739 0.409929 0.0616889 0.411824 0.0484719 0.417407 0.050299 0.421713 0.0608543 0.411202 0.053996 0.423128 0.0576536 0.422056 0.0516874 0.421672 0.0487415 0.415179 0.0616201 0.416367 0.061898 0.418078 0.0483036 0.413438 0.0605399 0.414572 0.0556104 0.422249 0.0605506 0.420362 0.061737 0.413161 0.0619027 0.413115 0.0542509 0.410207 0.0565499 0.409938 0.0605896 0.413014 0.0616708 0.413354 0.0508071 0.411399 0.051665 0.410969 0.0606721 0.417993 0.0527376 0.410822 0.059649 0.419357 0.0538943 0.421905 0.0574145 0.419916 0.0524526 0.42144 0.0547428 0.411544 0.0503181 0.414445 0.049946 0.415179 0.0502173 0.418305 0.0571685 0.412456 0.0582169 0.413451 0.0504471 0.419016 0.0558577 0.420914 0.0589124 0.414929 0.051163 0.413308 0.0590015 0.418156 0.0592693 0.417599 0.0586929 0.416203 0.055191 0.412357 0.0560431 0.411965 0.0530955 0.411958 0.0538433 0.412561 0.05387 0.421044 0.0501875 0.416753 0.0517585 0.420513 0.0577951 0.418629 0.0518476 0.413348 0.0521792 0.420153 0.0551517 0.420205 0.0508748 0.415341 0.0533252 0.419819 0.0508322 0.416974 0.0508776 0.418817 0.0555284 0.413428 0.0512396 0.41464 0.057878 0.414712 0.0564542 0.419614 0.05723 0.417141 0.0513525 0.417587 0.0518024 0.419149 0.0560421 0.418657 0.0542436 0.414332 0.0556755 0.414563 0.0520728 0.414856 0.054932 0.419175 0.0554429 0.416503 0.052033 0.418688 0.0517914 0.417159 0.0532267 0.418608 0.0526862 0.41632 0.0545013 0.417748 0.0514401 0.41874 0.0543539 0.416132 0.0533281 0.416885"/>
   </IndexedFaceSet>
  </Shape>
 </Scene>
</X3D>
